,file_type,consortia,n_focal,file_name,train_size,input_type,tgt_type,w_train.shape,w_test.shape,r2_train,r2_test,rmse_train,rmse_test,example_train,example_test
0,future_outlook,zz294_VAE_saved_sims_bgLV_I7_bgLV_B15_T5_fixed,5,future_outlook_200_latent_latent_2025-02-03T21:54.npz,200,latent,latent,"(200, 5, 768)","(2000, 5, 768)","[0.99987468 0.99987574 0.99996816 0.99997895 0.99995135 0.99997724
 0.99997937 0.99997902 0.99998342 0.99998498 0.99998814 0.9999931
 0.99999427 0.99999396 0.99999274 0.99999105 0.99998911 0.99998869
 0.99998789 0.99998448 0.99998249 0.99998183 0.99998437 0.99998731
 0.99998828 0.99998975 0.99998802 0.99998312 0.99997481 0.99997285
 0.99997368 0.99997945 0.99997843 0.99997695 0.99997358 0.99997352
 0.99997708 0.99998504 0.99999072 0.9999932  0.99999536 0.99999564
 0.99999481 0.99999559 0.99999542 0.99999548 0.99999549 0.99999531
 0.99999562 0.99999573 0.9999956  0.99999594 0.99999685 0.99999694
 0.99999712 0.99999661 0.99999665 0.99999641 0.99999653 0.99999616
 0.99999683 0.99999599 0.99999718 0.99999737 0.99999733 0.99999764
 0.99999744 0.99999757 0.99999658 0.99999598 0.99999726 0.99999775
 0.99999691 0.99999607 0.99999662 0.99999709 0.99999769 0.99999517
 0.99999424 0.99999373 0.9999936  0.9999907  0.99998918 0.99998976
 0.99999122 0.99999178 0.99999276 0.99999222 0.99999058 0.99999313
 0.99999415 0.99999547 0.99999582 0.99999447 0.99999487 0.99999564
 0.99999637 0.99999657 0.99999644 0.99999487 0.99999398 0.9999918
 0.99999446 0.9999966  0.99999526 0.99999183 0.99998749 0.9999888
 0.99998852 0.99998495 0.99998614 0.99999366 0.99999629 0.99999273
 0.99998809 0.99998632 0.99998491 0.99998754 0.99999068 0.99999453
 0.99999508 0.99999547 0.99999113 0.99999313 0.99999293 0.99999265
 0.99996804 0.9999852  0.99951362 0.99952794 0.99952265 0.99956085
 0.99956724 0.99957699 0.9995836  0.99959101 0.99959035 0.9995981
 0.9996031  0.99961092 0.99962089 0.99963243 0.99963762 0.99964501
 0.9996516  0.99965628 0.99966236 0.99966788 0.99966961 0.99967006
 0.9996703  0.99967763 0.9996872  0.99969713 0.99970717 0.99971642
 0.99971809 0.99972299 0.99972638 0.99973436 0.99973639 0.99974145
 0.99974441 0.99974978 0.99975416 0.99976056 0.99976411 0.99976906
 0.99977322 0.9997762  0.99977786 0.99977844 0.99978023 0.99978688
 0.99979088 0.99979475 0.99979894 0.99980325 0.99980554 0.99980708
 0.99980766 0.99981187 0.99981447 0.99981813 0.99982129 0.99982397
 0.99982537 0.99982637 0.99982645 0.99982672 0.99982333 0.99982472
 0.99982934 0.99983742 0.99984228 0.99984407 0.99984357 0.99984599
 0.9998454  0.9998417  0.99984151 0.99984948 0.99985469 0.99985706
 0.99985881 0.99986285 0.99986642 0.99986846 0.99986935 0.99987264
 0.99987456 0.99987311 0.99987243 0.99987696 0.99988332 0.99988664
 0.99988873 0.99988737 0.9998886  0.99988752 0.99988793 0.99988882
 0.99988794 0.99988973 0.99988975 0.99989217 0.99988952 0.99988283
 0.99988225 0.99989003 0.99989175 0.99988837 0.99988876 0.99989244
 0.99989426 0.99989028 0.99989196 0.99989676 0.99990261 0.99990238
 0.99990345 0.99990628 0.99990461 0.99989977 0.99989661 0.99990171
 0.99990486 0.99990394 0.99990593 0.99990064 0.99988218 0.99987787
 0.9998818  0.999874   0.99986288 0.99991524 0.99975577 0.99977863
 0.99971475 0.99978358 0.99978123 0.99977267 0.99978183 0.99978914
 0.99977917 0.99977781 0.99978745 0.99979133 0.99979623 0.99980123
 0.99980322 0.99980475 0.99980639 0.99980561 0.99980733 0.9998067
 0.99980864 0.99980933 0.99980786 0.99980428 0.99980524 0.99980239
 0.99980496 0.99980692 0.99980348 0.99980808 0.9998127  0.99981797
 0.99981722 0.999815   0.99980898 0.99980686 0.99981022 0.99982214
 0.99982381 0.99982184 0.99982355 0.99982182 0.99982216 0.99982146
 0.99982107 0.9998253  0.99982525 0.99982122 0.99981885 0.99982105
 0.99981942 0.99981694 0.99980963 0.99981539 0.99981444 0.99981429
 0.99981547 0.9998188  0.99981824 0.99981597 0.99981308 0.99981787
 0.99981538 0.9998146  0.99981306 0.99981594 0.999813   0.99980908
 0.99980074 0.999806   0.99980104 0.99979462 0.99979166 0.99980129
 0.99980092 0.99979715 0.99979406 0.99980041 0.9998021  0.9998014
 0.99979617 0.99979656 0.99979465 0.99979108 0.99978628 0.99979268
 0.99979452 0.99979398 0.99979304 0.99978904 0.99979032 0.99978477
 0.9997861  0.99979236 0.99979055 0.99979104 0.9997867  0.99978651
 0.9997803  0.99977351 0.99976949 0.99977621 0.99977015 0.99976347
 0.99976295 0.99976711 0.99976905 0.99976311 0.99976331 0.99976326
 0.99976317 0.99975783 0.99975754 0.99976109 0.99975863 0.99975184
 0.9997478  0.99975304 0.99975515 0.99975215 0.99975577 0.99975323
 0.99974263 0.9997486  0.99975947 0.99974213 0.99971497 0.99975963
 0.99955602 0.99957729 0.99949341 0.99963976 0.9996373  0.99957336
 0.99960417 0.99962385 0.9995948  0.99957287 0.9995767  0.99957896
 0.99958269 0.99959067 0.99958779 0.99958245 0.99957789 0.99956676
 0.99956653 0.99956309 0.99956507 0.99956404 0.99955949 0.99954784
 0.99954607 0.99953814 0.99954114 0.99954434 0.99953365 0.9995409
 0.999548   0.9995567  0.99955053 0.99954159 0.99952649 0.99952244
 0.99952642 0.9995507  0.99955539 0.99954418 0.99954523 0.99953532
 0.99953333 0.99953054 0.99952677 0.99953202 0.99952877 0.99951755
 0.99951057 0.99951308 0.9995051  0.99949664 0.99948091 0.99949074
 0.99948586 0.99948167 0.99948113 0.99948836 0.99948772 0.9994846
 0.99947865 0.99948338 0.99947777 0.99947392 0.9994671  0.99946688
 0.99945649 0.99944722 0.99943356 0.99944097 0.99943262 0.99942374
 0.9994185  0.99943002 0.99942617 0.99941866 0.99941372 0.99942279
 0.99942555 0.99942507 0.99941812 0.99941789 0.99941264 0.99940729
 0.99940101 0.9994091  0.99941051 0.99940795 0.99940479 0.99939954
 0.99939863 0.99938939 0.99938821 0.99939389 0.99939118 0.99938925
 0.99938254 0.99938126 0.9993735  0.9993668  0.99936208 0.99936875
 0.99935976 0.99934935 0.99934643 0.99934964 0.99935022 0.99934162
 0.9993399  0.99933781 0.99933673 0.99933066 0.99932917 0.99932956
 0.9993245  0.99931603 0.99931183 0.99931394 0.99931414 0.99930963
 0.99931125 0.99930704 0.99929602 0.99929978 0.99930846 0.9992908
 0.99926735 0.99930652 0.99874072 0.99878603 0.99870361 0.99883474
 0.99884642 0.99879247 0.99881877 0.99882973 0.99879713 0.99877114
 0.99876888 0.99877528 0.998783   0.99878893 0.99877683 0.99876221
 0.99875483 0.99874808 0.99874766 0.99874701 0.99874574 0.99873924
 0.99873176 0.99871818 0.99871584 0.99871288 0.99871865 0.99872421
 0.99871035 0.99870876 0.99871013 0.99871585 0.99871225 0.99870851
 0.99869855 0.99869856 0.99869815 0.99870966 0.99870824 0.99870136
 0.99869809 0.99868864 0.9986823  0.99868066 0.99867366 0.9986704
 0.99866186 0.99865442 0.99865012 0.99865307 0.99864233 0.99863582
 0.99862418 0.99863177 0.9986265  0.99862259 0.99861867 0.99862177
 0.99861839 0.99861723 0.9986122  0.99861508 0.9986115  0.99860927
 0.99860217 0.99859887 0.99858606 0.99858092 0.99857453 0.99858199
 0.99857784 0.99857592 0.9985742  0.99858056 0.99857385 0.99856464
 0.99855535 0.99855281 0.99854707 0.99854371 0.99854134 0.99854246
 0.99853779 0.99853288 0.99852814 0.9985295  0.99852629 0.99852177
 0.99851623 0.99851465 0.99850745 0.99849443 0.99848827 0.99848814
 0.99849132 0.99848741 0.99848532 0.99848286 0.99848132 0.99847721
 0.99847205 0.99846815 0.99846367 0.99845628 0.9984523  0.99844772
 0.99844399 0.99843908 0.99843823 0.99843403 0.99843282 0.99843311
 0.9984326  0.99842632 0.99841964 0.99841282 0.99840979 0.99840214
 0.99839474 0.99838808 0.99837968 0.99837602 0.99837534 0.99837273
 0.9983634  0.99836345 0.99836586 0.99835886]","[0.98723004 0.98770777 0.98813117 0.98850754 0.98879051 0.98904905
 0.98926941 0.98947011 0.98967038 0.98990411 0.99013392 0.99039076
 0.99062932 0.9908015  0.99095163 0.9910993  0.99124451 0.9913934
 0.99151529 0.99164303 0.9917793  0.99192101 0.99206121 0.99221378
 0.99235704 0.99251466 0.99264704 0.99277697 0.99288743 0.99297477
 0.99307249 0.99317077 0.9932698  0.99337181 0.99347316 0.99359023
 0.99369709 0.99379645 0.99388824 0.99398185 0.99406218 0.99415225
 0.99423664 0.99433535 0.99442589 0.99449531 0.99456143 0.99463565
 0.99471814 0.99480022 0.99486994 0.99494266 0.99501722 0.99508954
 0.9951609  0.99523053 0.99528982 0.99535248 0.99541231 0.99547602
 0.9955222  0.9955667  0.99561579 0.99566171 0.99571578 0.99577642
 0.99582875 0.99587367 0.99591498 0.99595312 0.99600025 0.99604657
 0.99609058 0.99613313 0.99617796 0.99621953 0.99625052 0.99627306
 0.9963053  0.99634132 0.99638225 0.99641573 0.99645047 0.99649118
 0.9965318  0.99655874 0.99658924 0.9966174  0.99664433 0.99668069
 0.99670992 0.99674608 0.99678027 0.99680409 0.99683981 0.99686816
 0.99689984 0.99693551 0.99696974 0.99700436 0.99703573 0.99705703
 0.99709112 0.99712449 0.99715034 0.99716987 0.99718774 0.99721231
 0.99723264 0.99724774 0.99726742 0.99730164 0.99733304 0.99735887
 0.99738091 0.99740417 0.99742619 0.99744915 0.99747158 0.99749371
 0.99751618 0.99754008 0.99756341 0.99758123 0.99759754 0.99761951
 0.99762999 0.99766522 0.99708404 0.99708404 0.99709936 0.99715094
 0.99717098 0.99720523 0.99723709 0.99727083 0.99729883 0.99733116
 0.99736074 0.9973883  0.99741596 0.99744341 0.99746843 0.99749609
 0.99752212 0.99754372 0.99756785 0.99759215 0.99761485 0.99763668
 0.99765537 0.99767853 0.99770383 0.99772766 0.99775113 0.99777336
 0.99779116 0.99781148 0.99783036 0.99785319 0.99787061 0.99788851
 0.99790504 0.99792463 0.99794457 0.99796433 0.9979796  0.99799485
 0.99801097 0.9980276  0.99804327 0.99805744 0.99807479 0.99809659
 0.99811595 0.99813222 0.99814892 0.99816528 0.99818129 0.99819659
 0.99821038 0.9982245  0.99823783 0.9982525  0.99826808 0.99828224
 0.99829643 0.99830969 0.99832295 0.99833576 0.99834501 0.9983567
 0.99837158 0.9983888  0.99840455 0.99841788 0.99842762 0.99843805
 0.99844592 0.99845147 0.99846047 0.9984762  0.99848986 0.99850252
 0.99851485 0.99853001 0.99854374 0.99855524 0.99856524 0.99857681
 0.99858656 0.99859463 0.99860293 0.99861595 0.9986298  0.99864129
 0.99865193 0.99865974 0.99866907 0.99867632 0.99868369 0.99869159
 0.9986974  0.9987058  0.99871184 0.99872003 0.99872371 0.99872497
 0.99873037 0.99874247 0.99874785 0.99874965 0.99875585 0.99876553
 0.99877253 0.99877367 0.99877907 0.99878612 0.99879208 0.99879261
 0.99879483 0.99880076 0.99880357 0.99880416 0.99880693 0.99881741
 0.99882625 0.99883028 0.9988357  0.99883242 0.99881696 0.99881534
 0.99882094 0.99881413 0.99880311 0.9988552  0.99870326 0.99872143
 0.99865091 0.99871072 0.99870536 0.99870227 0.99871389 0.99871854
 0.99870686 0.99870491 0.99871215 0.9987117  0.99871069 0.99871031
 0.99870969 0.99870957 0.99870976 0.998707   0.99870776 0.99870824
 0.99871049 0.99871191 0.998707   0.99870122 0.99870161 0.99870072
 0.99870063 0.9986997  0.99869298 0.99869584 0.99869856 0.99870022
 0.99869591 0.99868895 0.99867819 0.99867671 0.99867939 0.99868922
 0.99868532 0.99867665 0.99867502 0.99867301 0.9986713  0.99866958
 0.99866922 0.99867424 0.99867508 0.9986692  0.99866433 0.99866242
 0.99865527 0.99864963 0.99863745 0.9986375  0.99863081 0.99862778
 0.99862728 0.99862915 0.99862452 0.99861901 0.9986119  0.99861244
 0.99860425 0.99859602 0.99858987 0.99859063 0.99858524 0.99857991
 0.99856624 0.99856342 0.99855052 0.99853795 0.99852895 0.99853331
 0.99852776 0.9985219  0.99851646 0.99852125 0.99852129 0.9985177
 0.99850983 0.99850677 0.9984986  0.99849079 0.99848327 0.9984881
 0.99848985 0.99848771 0.99848451 0.99847987 0.99847703 0.99846769
 0.99846305 0.99846415 0.99845917 0.99845495 0.99844591 0.99844141
 0.99843045 0.99842257 0.99841548 0.99841825 0.9984081  0.9983974
 0.99839429 0.99839742 0.99839619 0.998386   0.99838112 0.99837603
 0.99837083 0.99836228 0.99835796 0.99835677 0.99835067 0.99834011
 0.99833432 0.9983353  0.99833462 0.99832829 0.99832745 0.99831986
 0.99830541 0.99830699 0.99831358 0.99829235 0.99826778 0.99831247
 0.99809095 0.99810339 0.99803686 0.99816691 0.99815871 0.99809944
 0.99813167 0.99814094 0.99810448 0.99807162 0.99807002 0.99807567
 0.99807895 0.99808271 0.99807292 0.99805464 0.99804113 0.99802698
 0.99802257 0.99802183 0.99802405 0.99802386 0.99801717 0.99799492
 0.99798649 0.99797786 0.99798014 0.99798262 0.99796515 0.99796818
 0.99797579 0.99798297 0.99797482 0.99795914 0.99793499 0.99792938
 0.99792901 0.9979486  0.99794904 0.99793579 0.99792899 0.99791524
 0.99790634 0.99790295 0.99789459 0.99789308 0.99788305 0.99786813
 0.99786023 0.99786276 0.99784555 0.99783117 0.99781088 0.99781829
 0.99780891 0.9978015  0.99779848 0.99780802 0.99780723 0.99780419
 0.99779499 0.99779796 0.99779264 0.99778712 0.99777756 0.9977751
 0.99775647 0.99774322 0.99772863 0.99773642 0.99772828 0.99772231
 0.99771672 0.99772536 0.99771628 0.99770479 0.99769668 0.99770315
 0.99770457 0.99770406 0.99769808 0.99769606 0.99768603 0.99767972
 0.99767511 0.99768363 0.99768251 0.99767547 0.99766736 0.99766356
 0.99765617 0.9976404  0.9976334  0.99763751 0.99763863 0.99763365
 0.9976266  0.99762507 0.99761891 0.99761367 0.99760654 0.99760927
 0.99759855 0.99758479 0.99757888 0.99757895 0.9975773  0.99756791
 0.99756683 0.99756342 0.99756367 0.99756163 0.99756254 0.99755931
 0.99755135 0.99754112 0.99753846 0.99753599 0.9975337  0.99752718
 0.99752543 0.99752113 0.9975136  0.99751783 0.99752472 0.99750811
 0.99749591 0.99753073 0.99691161 0.99691532 0.99690252 0.99702331
 0.99702296 0.996982   0.99700147 0.99700196 0.99697255 0.99693667
 0.99692802 0.99693407 0.99693661 0.99693862 0.9969257  0.99690626
 0.99690143 0.99690262 0.99689835 0.99689238 0.99688369 0.99687419
 0.99686558 0.9968509  0.99684911 0.99685224 0.99686139 0.99686579
 0.99684987 0.99684313 0.99684495 0.99684651 0.99684818 0.99684737
 0.99684272 0.99684546 0.99684495 0.99685079 0.99684842 0.99684546
 0.99683168 0.99682284 0.99681399 0.99681609 0.99680855 0.99679879
 0.99678532 0.99677771 0.99677877 0.99678587 0.9967725  0.99676142
 0.99675023 0.99675587 0.99675107 0.99674542 0.99673692 0.99673632
 0.99673158 0.99672722 0.99672148 0.99672354 0.9967265  0.99672721
 0.99672308 0.99671969 0.99670669 0.99670308 0.99670197 0.99670984
 0.99670746 0.99670652 0.99670674 0.99671126 0.99670639 0.99669377
 0.99668072 0.99666814 0.99665916 0.99665287 0.99665376 0.99665452
 0.99665199 0.99665114 0.99665351 0.99665283 0.99664744 0.99663997
 0.99663323 0.99663558 0.99662265 0.99660345 0.99659763 0.99660034
 0.99661448 0.99660741 0.99660561 0.99659951 0.99660064 0.99659731
 0.99658994 0.99657906 0.99657856 0.996576   0.99657233 0.99656298
 0.99655602 0.99655496 0.99655622 0.99655278 0.99655161 0.99655689
 0.99655524 0.99654343 0.99653331 0.9965286  0.99652947 0.99652135
 0.99651369 0.99650794 0.99649716 0.99649755 0.99650571 0.99649905
 0.99648308 0.9964913  0.99651247 0.99648171]","[0.00287473 0.00287538 0.00146201 0.00119396 0.00182345 0.0012528
 0.00119821 0.00121377 0.00108391 0.00103603 0.00092481 0.00070838
 0.00064852 0.0006685  0.00073511 0.00081923 0.00090651 0.00092701
 0.00096255 0.00109331 0.00116528 0.00119141 0.00110859 0.00100236
 0.00096684 0.00090708 0.00098415 0.00117223 0.00143671 0.00149586
 0.00147684 0.00130842 0.0013445  0.00139351 0.0014961  0.00150188
 0.00140139 0.00113533 0.00089667 0.00076969 0.00063744 0.00061938
 0.00067792 0.00062703 0.0006407  0.00063806 0.00063859 0.00065251
 0.00063262 0.00062569 0.00063705 0.0006133  0.00054159 0.00053521
 0.00052025 0.00056549 0.00056331 0.00058508 0.0005764  0.00060754
 0.00055364 0.00062379 0.00052336 0.00050697 0.0005111  0.00048212
 0.00050295 0.00049083 0.00058295 0.00063352 0.00052326 0.00047572
 0.00055853 0.00063088 0.00058578 0.00054501 0.00048634 0.0007039
 0.00076927 0.00080407 0.00081346 0.00098221 0.00106109 0.00103343
 0.00095853 0.00092853 0.00087279 0.0009062  0.00099869 0.00085398
 0.00078954 0.00069547 0.00066891 0.00077013 0.00074291 0.00068567
 0.00062616 0.00061016 0.00062206 0.00074789 0.00081118 0.00094753
 0.00077999 0.00061169 0.0007235  0.00095076 0.00117784 0.00111596
 0.00113054 0.00129585 0.00124469 0.00084285 0.00064508 0.00090448
 0.00115856 0.00124273 0.00130647 0.00118833 0.00102918 0.0007887
 0.00074931 0.00071958 0.00100771 0.00088789 0.00090113 0.00092
 0.00191934 0.00130721 0.00750051 0.00739543 0.00744304 0.00714503
 0.00709891 0.00702437 0.00697523 0.00691869 0.00693015 0.0068702
 0.00683314 0.00677066 0.00668841 0.00659086 0.0065492  0.00648705
 0.00643153 0.00639309 0.00634124 0.00629397 0.00628248 0.00628309
 0.00628564 0.00622021 0.00613198 0.0060385  0.00594128 0.00585028
 0.00583669 0.00578933 0.00575737 0.00567624 0.00565805 0.00560695
 0.00557825 0.00552282 0.00547769 0.00540927 0.00537245 0.00531914
 0.00527435 0.0052429  0.00522616 0.00522208 0.00520372 0.00512719
 0.00508154 0.00503699 0.00498806 0.00493688 0.00491077 0.00489391
 0.00488915 0.00483806 0.00480703 0.00476204 0.00472296 0.00469002
 0.00467364 0.00466252 0.00466373 0.00466242 0.00471015 0.00469391
 0.00463387 0.00452505 0.00445923 0.00443597 0.00444532 0.00441309
 0.0044237  0.00447852 0.00448351 0.00437097 0.00429648 0.00426299
 0.00423839 0.00417899 0.00412601 0.00409592 0.00408366 0.00403365
 0.00400467 0.00402935 0.00404175 0.00397092 0.00386851 0.00381461
 0.0037808  0.00380527 0.0037857  0.00380528 0.00379968 0.00378577
 0.0038021  0.0037729  0.0037738  0.00373338 0.00378033 0.00389445
 0.00390554 0.00377551 0.00374724 0.00380663 0.00380125 0.00373892
 0.00370846 0.00377863 0.00375088 0.00366776 0.00356339 0.00356869
 0.00355023 0.00349896 0.0035311  0.00362056 0.00367834 0.0035876
 0.0035309  0.00354895 0.00351285 0.00361124 0.00393334 0.00400553
 0.00394165 0.00407064 0.0042475  0.00334026 0.00567135 0.00540075
 0.00613227 0.00534273 0.00537293 0.00547846 0.00536833 0.00527896
 0.00540347 0.00542121 0.00530348 0.005256   0.00519502 0.00513202
 0.00510739 0.00508854 0.00506826 0.0050796  0.00505811 0.00506751
 0.00504313 0.00503523 0.00505561 0.00510339 0.00509168 0.00512966
 0.00509697 0.00507217 0.00511796 0.0050586  0.00499824 0.00492812
 0.00493911 0.00496988 0.00505096 0.00507979 0.00503621 0.00487632
 0.00485415 0.00488192 0.004859   0.0048835  0.00487949 0.00488973
 0.00489572 0.00483802 0.00483945 0.0048955  0.00492851 0.00489925
 0.00492218 0.00495652 0.00505509 0.00497881 0.00499222 0.00499476
 0.00497938 0.00493485 0.00494294 0.00497427 0.00501371 0.00494966
 0.00498389 0.00499505 0.00501628 0.0049781  0.00501816 0.00507104
 0.00518123 0.00511297 0.0051783  0.0052616  0.00529977 0.00517625
 0.00518154 0.0052308  0.00527083 0.00518938 0.00516778 0.00517724
 0.00524547 0.00524082 0.00526577 0.00531181 0.00537292 0.00529225
 0.00526898 0.00527628 0.00528858 0.00533971 0.00532382 0.00539413
 0.00537774 0.00529872 0.00532211 0.00531615 0.00537142 0.00537413
 0.0054521  0.00553596 0.00558528 0.00550363 0.00557785 0.00565855
 0.00566497 0.00561525 0.00559216 0.00566374 0.00566162 0.00566255
 0.00566383 0.00572756 0.00573129 0.00568946 0.00571888 0.0057991
 0.00584638 0.0057854  0.00576076 0.00579608 0.00575378 0.00578375
 0.0059068  0.00583807 0.00571068 0.00591302 0.00621685 0.00570924
 0.00775946 0.00757154 0.00828901 0.0069901  0.00701419 0.00760746
 0.00732774 0.0071433  0.00741414 0.00761221 0.0075782  0.00755801
 0.00752462 0.0074524  0.0074787  0.00752716 0.00756826 0.00766758
 0.00766976 0.00770025 0.00768294 0.00769207 0.00773222 0.00783379
 0.00784922 0.0079175  0.00789187 0.00786434 0.00795618 0.00789412
 0.00783298 0.00775725 0.00781115 0.00788857 0.00801753 0.00805182
 0.00801826 0.00780996 0.00776908 0.00786645 0.00785742 0.0079426
 0.0079596  0.00798338 0.00801544 0.00797085 0.00799852 0.00809322
 0.00815158 0.00813073 0.00819707 0.00826694 0.00839503 0.00831521
 0.00835492 0.00838882 0.0083932  0.00833449 0.00833973 0.00836508
 0.00841321 0.00837492 0.00842028 0.00845129 0.00850591 0.00850765
 0.0085902  0.00866314 0.00876948 0.0087119  0.00877665 0.00884501
 0.00888513 0.00879662 0.00882624 0.00888379 0.0089214  0.00885212
 0.00883087 0.00883455 0.00888776 0.00888958 0.00892955 0.00897002
 0.00901739 0.00895624 0.00894544 0.00896482 0.00898863 0.00902811
 0.00903495 0.009104   0.00911278 0.00907034 0.00909053 0.00910492
 0.0091548  0.00916425 0.00922152 0.00927061 0.00930499 0.0092562
 0.00932175 0.00939721 0.00941817 0.00939497 0.00939072 0.00945257
 0.00946484 0.00947979 0.00948748 0.00953072 0.00954128 0.00953847
 0.00957441 0.00963412 0.00966358 0.00964864 0.00964715 0.00967876
 0.00966727 0.00969675 0.00977349 0.00974725 0.00968662 0.00980946
 0.00997025 0.0097     0.01307113 0.01283376 0.01326213 0.0125734
 0.01251011 0.01279919 0.01265894 0.0126     0.01277418 0.01291135
 0.01292311 0.01288942 0.01284861 0.01281717 0.01288097 0.01295766
 0.01299614 0.01303128 0.0130333  0.01303658 0.01304304 0.01307671
 0.01311529 0.01318523 0.01319714 0.01321223 0.01318251 0.01315373
 0.01322492 0.01323296 0.01322586 0.01319643 0.0132148  0.01323393
 0.01328471 0.01328448 0.01328643 0.01322746 0.01323457 0.01326966
 0.01328622 0.01333421 0.01336631 0.01337451 0.01340984 0.0134262
 0.01346913 0.01350643 0.01352791 0.01351295 0.01356654 0.01359892
 0.01365664 0.01361882 0.01364485 0.01366414 0.01368344 0.01366793
 0.01368455 0.01369017 0.01371496 0.01370061 0.01371815 0.01372905
 0.01376399 0.01378005 0.01384271 0.01386771 0.01389873 0.01386215
 0.01388226 0.01389147 0.01389971 0.01386855 0.01390115 0.01394583
 0.01399073 0.0140029  0.0140305  0.01404659 0.0140579  0.01405228
 0.01407461 0.01409802 0.01412057 0.01411386 0.01412906 0.01415055
 0.01417685 0.01418422 0.01421838 0.01428009 0.01430909 0.01430954
 0.01429432 0.01431266 0.01432235 0.01433378 0.01434083 0.01436003
 0.01438417 0.01440227 0.01442316 0.0144576  0.01447601 0.01449724
 0.01451446 0.01453713 0.0145409  0.01456026 0.01456571 0.01456419
 0.01456634 0.01459525 0.01462596 0.01465725 0.01467102 0.01470604
 0.01473983 0.01477012 0.01480832 0.01482481 0.01482773 0.01483939
 0.01488165 0.0148812  0.01487005 0.01490163]","[0.0296746  0.02923422 0.02884474 0.02850074 0.02826375 0.02805113
 0.02788198 0.02773392 0.02758219 0.02738077 0.02717893 0.02693337
 0.0267065  0.02654281 0.02640775 0.02627342 0.0261399  0.02599794
 0.02589414 0.02577909 0.02564829 0.02550606 0.02536315 0.02519711
 0.02504261 0.02486085 0.02471741 0.02457496 0.0244629  0.02437367
 0.02426478 0.02415302 0.02403796 0.02391553 0.02379215 0.0236376
 0.02349921 0.02337242 0.02325778 0.02313759 0.02304106 0.02292374
 0.0228156  0.02267689 0.02255214 0.02246018 0.02237364 0.02226901
 0.02214545 0.02202082 0.0219206  0.02181238 0.02169849 0.02158773
 0.02147734 0.02136913 0.02128257 0.02118703 0.02109655 0.02099568
 0.02092303 0.02085352 0.02077235 0.02069779 0.02060277 0.02049066
 0.0203974  0.02032128 0.02025319 0.02019223 0.02010802 0.02002483
 0.01994654 0.01987105 0.0197888  0.01971403 0.01965992 0.01962757
 0.01956927 0.01950035 0.01941759 0.0193541  0.01928656 0.01920203
 0.01911688 0.01906875 0.01901025 0.01895775 0.01890822 0.01883152
 0.01877439 0.01869678 0.01862082 0.0185743  0.01849261 0.01843184
 0.01836068 0.01827694 0.01819674 0.01811454 0.01804145 0.01799847
 0.01791582 0.01783456 0.01777595 0.01773668 0.01770231 0.01764157
 0.01759388 0.01756258 0.01751639 0.01742304 0.01733795 0.01727032
 0.01721461 0.01715446 0.01709797 0.01703794 0.01697922 0.01692106
 0.01686127 0.01679618 0.01673251 0.01668469 0.01664184 0.01657898
 0.0165559  0.01644575 0.01839393 0.01840893 0.01837546 0.01822622
 0.01817688 0.01808128 0.01799268 0.01789715 0.01781973 0.01772731
 0.0176433  0.01756396 0.01748369 0.0174035  0.017331   0.0172489
 0.01717181 0.01710958 0.01703808 0.01696543 0.01689796 0.01683306
 0.01677897 0.01670849 0.01662974 0.0165557  0.01647985 0.01640807
 0.0163522  0.01628665 0.01622606 0.01615021 0.01609432 0.01603624
 0.01598306 0.01591784 0.01585082 0.01578405 0.01573435 0.01568445
 0.01563086 0.01557491 0.01552102 0.01547282 0.01541162 0.01533214
 0.01526196 0.01520394 0.01514376 0.01508464 0.01502661 0.0149712
 0.01492175 0.01487064 0.01482257 0.01476859 0.01471047 0.014658
 0.0146044  0.01455453 0.01450435 0.01445587 0.01442266 0.01437865
 0.01432041 0.01425148 0.01418859 0.01413613 0.01409947 0.01405956
 0.01403103 0.01401287 0.01397898 0.01391287 0.01385586 0.01380309
 0.01375161 0.01368664 0.01362796 0.01357947 0.01353778 0.01348846
 0.01344754 0.01341445 0.01338016 0.013323   0.01326149 0.0132111
 0.01316457 0.01313087 0.0130895  0.01305825 0.01302631 0.01299159
 0.01296717 0.01292971 0.01290399 0.01286729 0.01285325 0.01285132
 0.01282854 0.01277168 0.01274874 0.01274402 0.01271683 0.01267116
 0.01263912 0.01263717 0.01261328 0.01258074 0.01255376 0.01255493
 0.01254733 0.01252037 0.01250962 0.01251051 0.01249993 0.0124489
 0.0124062  0.01238887 0.01236315 0.01238357 0.01246838 0.01247997
 0.01245355 0.01249252 0.01255357 0.01228044 0.01307323 0.01298456
 0.01334117 0.01304535 0.01307572 0.01309462 0.01303914 0.01301885
 0.01308091 0.01309359 0.01305982 0.01306495 0.01307297 0.01307773
 0.01308378 0.01308726 0.01308921 0.0131061  0.01310517 0.01310567
 0.01309716 0.01309292 0.01312079 0.01315225 0.01315245 0.01315916
 0.01316186 0.01316875 0.01320495 0.01319272 0.01318118 0.01317501
 0.01319911 0.01323651 0.01329301 0.01330271 0.01329155 0.01324424
 0.0132662  0.01331169 0.01332162 0.01333351 0.01334388 0.01335429
 0.01335792 0.01333452 0.01333211 0.01336346 0.0133897  0.01340111
 0.01343874 0.01346874 0.01353122 0.01353283 0.01356791 0.01358439
 0.01358839 0.01358066 0.01360505 0.01363384 0.01367041 0.01366933
 0.01371117 0.01375309 0.01378475 0.01378264 0.01381053 0.01383813
 0.01390621 0.0139215  0.01398497 0.0140466  0.01409088 0.01407108
 0.01409884 0.01412802 0.01415511 0.01413343 0.01413438 0.01415267
 0.01419138 0.01420712 0.01424714 0.0142853  0.01432206 0.01430046
 0.014293   0.01430397 0.01431994 0.01434269 0.01435696 0.01440176
 0.01442441 0.01442015 0.01444436 0.01446506 0.01450818 0.01453009
 0.01458202 0.01461947 0.01465322 0.01464135 0.01468892 0.01473885
 0.01475382 0.01474008 0.01474643 0.01479384 0.01481689 0.01484089
 0.01486531 0.014905   0.01492539 0.01493153 0.01495994 0.01500848
 0.0150354  0.01503142 0.01503488 0.01506386 0.01506811 0.01510271
 0.01516795 0.01516136 0.01513227 0.01522768 0.01533734 0.01513867
 0.0161022  0.01605015 0.0163298  0.01578014 0.01581596 0.01606874
 0.01593221 0.01589292 0.01604835 0.01618714 0.01619418 0.01617079
 0.01615734 0.01614184 0.01618336 0.01626026 0.01631699 0.01637618
 0.01639484 0.01639828 0.0163895  0.01639044 0.01641834 0.01651039
 0.01654525 0.01658087 0.01657173 0.01656178 0.01663356 0.01662142
 0.0165905  0.01656133 0.01659501 0.0166594  0.01675796 0.01678096
 0.01678255 0.01670305 0.01670133 0.0167553  0.01678296 0.01683871
 0.01687471 0.01688851 0.01692225 0.01692845 0.01696886 0.01702866
 0.01706035 0.01705043 0.01711909 0.01717631 0.01725647 0.01722726
 0.01726428 0.01729348 0.0173054  0.01726789 0.01727103 0.01728307
 0.0173193  0.01730768 0.01732866 0.01735041 0.01738791 0.01739762
 0.01747041 0.01752206 0.01757854 0.01754834 0.01757984 0.01760291
 0.01762449 0.01759111 0.01762618 0.01767049 0.01770169 0.01767683
 0.01767137 0.01767339 0.01769645 0.01770427 0.01774283 0.01776691
 0.01778448 0.01775181 0.01775607 0.01778295 0.01781391 0.0178284
 0.01785651 0.01791647 0.01794303 0.01792741 0.01792315 0.01794207
 0.01796876 0.0179746  0.01799791 0.01801762 0.0180444  0.01803402
 0.01807436 0.01812597 0.01814808 0.01814776 0.01815388 0.01818901
 0.01819298 0.01820572 0.01820474 0.01821233 0.01820891 0.01822096
 0.01825067 0.01828863 0.01829841 0.01830747 0.01831591 0.01833998
 0.01834639 0.01836225 0.01839004 0.01837435 0.01834875 0.01841016
 0.01845514 0.01832632 0.02049542 0.02048307 0.02052537 0.02012105
 0.02012213 0.02025997 0.02019438 0.02019263 0.02029134 0.02041113
 0.02043985 0.02041961 0.02041109 0.02040431 0.02044726 0.02051174
 0.02052771 0.02052369 0.02053771 0.02055732 0.02058589 0.02061713
 0.02064534 0.02069352 0.0206993  0.02068889 0.0206587  0.02064411
 0.02069635 0.0207184  0.02071235 0.02070714 0.0207016  0.02070418
 0.02071925 0.0207101  0.0207116  0.02069227 0.0206999  0.02070947
 0.02075452 0.0207833  0.02081208 0.02080509 0.02082959 0.02086131
 0.02090504 0.02092966 0.0209261  0.02090286 0.02094611 0.02098186
 0.02101788 0.02099947 0.02101482 0.02103295 0.02106023 0.021062
 0.02107716 0.02109104 0.02110942 0.02110263 0.02109296 0.02109054
 0.02110373 0.02111443 0.02115602 0.02116742 0.02117078 0.02114528
 0.02115276 0.02115559 0.02115469 0.02113998 0.02115544 0.02119577
 0.02123738 0.02127741 0.0213059  0.0213258  0.0213228  0.02132011
 0.02132793 0.02133037 0.02132256 0.0213245  0.02134142 0.02136496
 0.02138611 0.02137844 0.02141925 0.02147982 0.02149799 0.0214892
 0.02144425 0.02146645 0.02147184 0.02149085 0.02148702 0.02149726
 0.02152026 0.0215543  0.0215556  0.02156341 0.02157469 0.02160385
 0.02162546 0.02162854 0.02162434 0.02163489 0.0216383  0.0216215
 0.02162638 0.02166309 0.02169444 0.02170887 0.02170585 0.02173089
 0.0217545  0.02177213 0.02180541 0.0218039  0.02177817 0.02179863
 0.02184798 0.02182214 0.02175593 0.02185138]","(array([[8.71021181e-01, 8.54735926e-01, 8.38450671e-01, ...,
        9.46993075e-01, 9.46982564e-01, 9.46972053e-01],
       [1.21438880e-01, 1.18350686e-01, 1.15262492e-01, ...,
        3.24012042e-01, 3.24232006e-01, 3.24451969e-01],
       [7.21200405e-02, 7.15470255e-02, 7.09740105e-02, ...,
        3.13142373e-05, 3.09079492e-05, 3.05016612e-05],
       [1.79825127e-01, 1.75994772e-01, 1.72164417e-01, ...,
        0.00000000e+00, 0.00000000e+00, 0.00000000e+00],
       [3.61491474e-01, 3.56227994e-01, 3.50964513e-01, ...,
        3.30032248e-04, 3.27418718e-04, 3.24805187e-04]]), array([[8.71021181e-01, 8.54735926e-01, 8.38450671e-01, ...,
        9.46078483e-01, 9.44279545e-01, 9.47782948e-01],
       [1.21438880e-01, 1.18350686e-01, 1.15262492e-01, ...,
        3.27779658e-01, 3.27177089e-01, 3.28562904e-01],
       [7.21200405e-02, 7.15470255e-02, 7.09740105e-02, ...,
        3.15366412e-04, 3.08060280e-04, 3.18096447e-04],
       [1.79825127e-01, 1.75994772e-01, 1.72164417e-01, ...,
        3.11530084e-08, 2.45646502e-08, 3.91291786e-08],
       [3.61491474e-01, 3.56227994e-01, 3.50964513e-01, ...,
        5.06189409e-04, 5.16210958e-04, 5.24913883e-04]]))","(array([[7.95765717e-01, 7.81656733e-01, 7.67547749e-01, ...,
        9.54825816e-01, 9.54814625e-01, 9.54803435e-01],
       [6.67734706e-01, 6.47276239e-01, 6.26817772e-01, ...,
        3.66887679e-01, 3.67059575e-01, 3.67231472e-01],
       [7.49173759e-01, 7.33294569e-01, 7.17415380e-01, ...,
        2.57062095e-04, 2.53954664e-04, 2.50847233e-04],
       [1.94577505e-01, 1.90549855e-01, 1.86522204e-01, ...,
        1.60121444e-10, 1.52159863e-10, 1.44198281e-10],
       [5.82066309e-01, 5.67975980e-01, 5.53885651e-01, ...,
        5.10169974e-05, 5.06118902e-05, 5.02067831e-05]]), array([[7.95765717e-01, 7.81656733e-01, 7.67547749e-01, ...,
        9.49524619e-01, 9.47719128e-01, 9.51235293e-01],
       [6.67734706e-01, 6.47276239e-01, 6.26817772e-01, ...,
        3.46175276e-01, 3.45542638e-01, 3.47003600e-01],
       [7.49173759e-01, 7.33294569e-01, 7.17415380e-01, ...,
        4.85094173e-04, 4.76834152e-04, 4.93441060e-04],
       [1.94577505e-01, 1.90549855e-01, 1.86522204e-01, ...,
        1.82894566e-09, 1.07748097e-09, 2.77276075e-09],
       [5.82066309e-01, 5.67975980e-01, 5.53885651e-01, ...,
        3.00153216e-04, 3.05903747e-04, 3.11148258e-04]]))"
1,future_outlook,zz294_VAE_saved_sims_bgLV_I7_bgLV_B15_T5_fixed,5,future_outlook_200_raw_latent_2025-02-03T21:54.npz,200,raw,latent,"(200, 5, 768)","(2000, 5, 768)","[0.99987468 0.99987574 0.99996816 0.99997895 0.99995135 0.99997724
 0.99997937 0.99997902 0.99998342 0.99998498 0.99998814 0.9999931
 0.99999427 0.99999396 0.99999274 0.99999105 0.99998911 0.99998869
 0.99998789 0.99998448 0.99998249 0.99998183 0.99998437 0.99998731
 0.99998828 0.99998975 0.99998802 0.99998312 0.99997481 0.99997285
 0.99997368 0.99997945 0.99997843 0.99997695 0.99997358 0.99997352
 0.99997708 0.99998504 0.99999072 0.9999932  0.99999536 0.99999564
 0.99999481 0.99999559 0.99999542 0.99999548 0.99999549 0.99999531
 0.99999562 0.99999573 0.9999956  0.99999594 0.99999685 0.99999694
 0.99999712 0.99999661 0.99999665 0.99999641 0.99999653 0.99999616
 0.99999683 0.99999599 0.99999718 0.99999737 0.99999733 0.99999764
 0.99999744 0.99999757 0.99999658 0.99999598 0.99999726 0.99999775
 0.99999691 0.99999607 0.99999662 0.99999709 0.99999769 0.99999517
 0.99999424 0.99999373 0.9999936  0.9999907  0.99998918 0.99998976
 0.99999122 0.99999178 0.99999276 0.99999222 0.99999058 0.99999313
 0.99999415 0.99999547 0.99999582 0.99999447 0.99999487 0.99999564
 0.99999637 0.99999657 0.99999644 0.99999487 0.99999398 0.9999918
 0.99999446 0.9999966  0.99999526 0.99999183 0.99998749 0.9999888
 0.99998852 0.99998495 0.99998614 0.99999366 0.99999629 0.99999273
 0.99998809 0.99998632 0.99998491 0.99998754 0.99999068 0.99999453
 0.99999508 0.99999547 0.99999113 0.99999313 0.99999293 0.99999265
 0.99996804 0.9999852  0.99993    0.999871   0.99995815 0.99993151
 0.99991811 0.99995507 0.99995549 0.99994902 0.99995852 0.99995788
 0.99995854 0.99995941 0.99995917 0.99995917 0.9999643  0.99996397
 0.99996298 0.99996552 0.99996626 0.99996801 0.99997031 0.99997187
 0.99997274 0.99997369 0.99997436 0.99997565 0.99997466 0.99997251
 0.99997468 0.99997536 0.99997606 0.99997395 0.99997422 0.99997296
 0.99997294 0.99997223 0.99997191 0.99996552 0.99996231 0.99996987
 0.99996621 0.99997634 0.99997804 0.99997979 0.99998042 0.99997947
 0.99997915 0.99997947 0.99997916 0.99997617 0.99997401 0.99997369
 0.99997748 0.99997769 0.999979   0.99997832 0.9999759  0.9999751
 0.9999763  0.99997697 0.999977   0.99997573 0.99997692 0.99997758
 0.99997886 0.99997956 0.9999804  0.99998113 0.99998149 0.99998003
 0.99998003 0.99997852 0.99997719 0.99997783 0.99997981 0.99998155
 0.99998202 0.99998107 0.99998108 0.99998094 0.99998133 0.99998112
 0.99998051 0.99998095 0.99998184 0.99998209 0.99998364 0.9999841
 0.99998381 0.99998407 0.99998338 0.99998306 0.99998233 0.99998113
 0.99998188 0.99998182 0.99998156 0.99998153 0.99998039 0.99997696
 0.99997624 0.99997914 0.99998065 0.99997862 0.99997761 0.99997788
 0.99997717 0.99997432 0.99997457 0.99997659 0.99997914 0.99997818
 0.99997686 0.99997544 0.99997085 0.99996545 0.99996263 0.99996656
 0.99997127 0.99997421 0.99997877 0.99997703 0.99996569 0.9999623
 0.99996293 0.99995816 0.99995015 0.99998367 0.99991192 0.99992548
 0.9998875  0.9999264  0.99992117 0.99992917 0.99993243 0.99993373
 0.9999297  0.99992679 0.99993062 0.99993246 0.99993392 0.99993426
 0.99993396 0.99993307 0.99993292 0.99993458 0.9999348  0.99993494
 0.99993555 0.99993538 0.9999353  0.9999336  0.9999337  0.9999312
 0.99993287 0.99993414 0.9999321  0.99993403 0.99993564 0.99993703
 0.99993642 0.99993554 0.99993264 0.99993087 0.99993233 0.99993709
 0.99993601 0.99993748 0.99993683 0.99993769 0.99993758 0.99993715
 0.99993643 0.99993736 0.99993699 0.99993574 0.99993501 0.99993642
 0.99993554 0.99993363 0.99992914 0.99993309 0.9999328  0.99993219
 0.99993214 0.99993394 0.99993401 0.99993274 0.99993099 0.99993398
 0.99993336 0.99993396 0.99993336 0.99993461 0.99993214 0.99992851
 0.99992329 0.99992848 0.99992672 0.99992318 0.99992186 0.99992918
 0.99992946 0.99992641 0.99992389 0.99992766 0.99992881 0.99992893
 0.99992622 0.99992731 0.99992725 0.99992532 0.99992227 0.99992663
 0.9999274  0.99992674 0.99992605 0.99992325 0.99992444 0.99992039
 0.99992196 0.99992669 0.99992623 0.9999268  0.99992475 0.99992546
 0.99992267 0.99991805 0.99991564 0.999921   0.9999176  0.99991316
 0.99991305 0.99991609 0.99991816 0.99991457 0.99991593 0.99991709
 0.99991861 0.99991569 0.99991599 0.99991838 0.99991628 0.99991149
 0.9999086  0.999913   0.99991472 0.9999131  0.99991656 0.99991603
 0.99990938 0.99991482 0.99992247 0.99991191 0.99989043 0.99992207
 0.99979757 0.99982458 0.99973792 0.99988603 0.9998883  0.9998218
 0.99984816 0.99987296 0.99985005 0.99983469 0.99984219 0.99984529
 0.99985311 0.99986618 0.99986797 0.999869   0.99986791 0.9998583
 0.99985936 0.99985313 0.99985389 0.9998507  0.99984852 0.99984211
 0.99984149 0.99982994 0.99983299 0.99983671 0.99983045 0.99983865
 0.99984388 0.99985302 0.9998482  0.99984437 0.99983555 0.99982961
 0.99983405 0.99985898 0.99986745 0.99986098 0.99986622 0.99985708
 0.9998579  0.99985413 0.9998508  0.99985664 0.99985451 0.99984586
 0.99983999 0.99984364 0.99984235 0.99983722 0.99982566 0.9998384
 0.99983791 0.99983585 0.99983622 0.99984173 0.99984237 0.99983946
 0.99983641 0.99984336 0.99984095 0.99984206 0.9998386  0.99983884
 0.99983263 0.9998247  0.99981353 0.99982378 0.99981926 0.99981181
 0.99980952 0.99982396 0.99982472 0.99981912 0.99981571 0.99982439
 0.99982643 0.99982565 0.9998186  0.99982009 0.99982024 0.9998169
 0.99981035 0.99981726 0.99981835 0.99981758 0.99981698 0.99981066
 0.99981415 0.99980902 0.99981284 0.99982101 0.99981786 0.99981932
 0.99981512 0.99981567 0.99980965 0.99980151 0.99979831 0.99980715
 0.99980131 0.99979476 0.99979456 0.99979925 0.99980218 0.99979649
 0.99979766 0.99979913 0.99980036 0.99979426 0.99979366 0.9997978
 0.99979548 0.99978895 0.99978407 0.99979031 0.99979244 0.9997899
 0.99979447 0.99979247 0.99978201 0.99978753 0.99979835 0.99978213
 0.99975187 0.99978996 0.9996376  0.99969009 0.99956949 0.99972637
 0.99973765 0.99966214 0.99969112 0.99971889 0.99969192 0.99967869
 0.99968666 0.99968987 0.99969946 0.9997113  0.99970867 0.99970816
 0.99970571 0.99969458 0.99969775 0.99969432 0.99969579 0.99969117
 0.9996874  0.99968223 0.99968353 0.99967377 0.9996769  0.9996813
 0.99967435 0.9996824  0.99968668 0.99969731 0.9996913  0.99968738
 0.99967754 0.99967276 0.99967546 0.99969746 0.9997024  0.99969416
 0.9997007  0.99969179 0.99969195 0.99968775 0.99968392 0.99968941
 0.99968758 0.99968017 0.99967281 0.99967466 0.99967331 0.99967139
 0.99966106 0.99967219 0.99967056 0.99966949 0.9996705  0.99967518
 0.99967438 0.99967324 0.99967044 0.99967538 0.99966944 0.99966819
 0.99966329 0.99966319 0.99965749 0.9996519  0.99964215 0.99965082
 0.99964646 0.99964127 0.99963968 0.99965224 0.9996513  0.99964687
 0.99964335 0.99965077 0.99965129 0.99965121 0.99964599 0.99964806
 0.99964715 0.99964248 0.99963485 0.99963923 0.99963997 0.99963982
 0.99963931 0.99963388 0.99963607 0.99963196 0.99963294 0.99963579
 0.99963057 0.99963116 0.99962879 0.99962938 0.9996251  0.99961956
 0.99961817 0.99962451 0.99961982 0.99961344 0.99961293 0.99961609
 0.99961793 0.99961284 0.99961237 0.9996116  0.99961113 0.99960596
 0.9996054  0.99960756 0.99960598 0.99960118 0.99959712 0.99959927
 0.99959901 0.99959652 0.99959768 0.99959522 0.9995878  0.99959103
 0.99959404 0.9995868  0.99956686 0.99959036]","[0.98781184 0.987957   0.98868946 0.98894239 0.98910257 0.98943128
 0.98966982 0.98987712 0.99013187 0.99035221 0.99059207 0.99085752
 0.991088   0.99126185 0.99145355 0.99160467 0.99174538 0.9919031
 0.99201765 0.99213339 0.99227188 0.99243361 0.99259657 0.99274937
 0.99287924 0.99303712 0.99317561 0.99330537 0.99343509 0.99352718
 0.99363838 0.99372244 0.99382631 0.99391444 0.99401534 0.99412437
 0.99424311 0.99434696 0.99445822 0.99458363 0.99465351 0.99476533
 0.9948517  0.99495459 0.99505374 0.99511781 0.99518779 0.99527139
 0.99537321 0.99546363 0.99553991 0.99560132 0.99568533 0.99575333
 0.99582948 0.99589093 0.99594249 0.99600209 0.99607034 0.99612704
 0.99617438 0.99621278 0.99628497 0.99634341 0.99641136 0.99646917
 0.99652714 0.99656978 0.99662003 0.99665071 0.9966969  0.99673351
 0.99676771 0.99679566 0.99684522 0.99688629 0.99692105 0.99692951
 0.99696064 0.99699116 0.99703066 0.99705196 0.99708438 0.997128
 0.99717926 0.99720088 0.99722908 0.99725207 0.99727205 0.99731395
 0.99734021 0.99737834 0.99741118 0.99742484 0.99746513 0.99748729
 0.99751672 0.99754767 0.99758283 0.99761533 0.99763592 0.99763779
 0.99766995 0.99770735 0.99772476 0.99773141 0.99773889 0.99776818
 0.99778658 0.99779512 0.99781282 0.99785759 0.9978919  0.99791396
 0.99793403 0.99795923 0.99798276 0.99799657 0.9980129  0.99802891
 0.99804124 0.99805603 0.99807748 0.99808104 0.9980806  0.99810377
 0.99814895 0.99815566 0.99766331 0.99758732 0.99774497 0.99770301
 0.99769993 0.99778022 0.99780648 0.99781702 0.99785623 0.99787481
 0.99789759 0.99792472 0.99794587 0.99796514 0.9979933  0.99800955
 0.99802593 0.99805051 0.99807059 0.99809572 0.99812163 0.99814759
 0.99816946 0.99818545 0.99820074 0.99821997 0.99823119 0.99824076
 0.99825766 0.99827356 0.99829278 0.99830463 0.99832176 0.99833153
 0.99834309 0.99835723 0.99837185 0.99837579 0.99838349 0.99840576
 0.9984106  0.99843897 0.99845284 0.99846933 0.9984839  0.99849324
 0.99850503 0.99851831 0.99853159 0.9985388  0.99854452 0.99855404
 0.99857034 0.9985799  0.99859123 0.99859932 0.99860612 0.99861674
 0.99863141 0.99864468 0.99865593 0.99866443 0.99867976 0.99869069
 0.99870327 0.9987149  0.9987267  0.99873955 0.9987506  0.9987554
 0.99876418 0.99877283 0.99878015 0.99878691 0.99879772 0.99881098
 0.99882228 0.99882989 0.99884041 0.99884993 0.99886058 0.99886804
 0.99887306 0.99888201 0.99889349 0.99890303 0.99891499 0.99892383
 0.99893023 0.99894027 0.99894356 0.99894905 0.99895131 0.99895417
 0.99896348 0.9989682  0.99897361 0.99897864 0.99898333 0.99898837
 0.99899339 0.99900018 0.99900719 0.99901016 0.99901302 0.99901813
 0.99902116 0.9990234  0.9990273  0.99903333 0.99904048 0.99904711
 0.99905198 0.99905542 0.99905816 0.99905968 0.99906385 0.99906844
 0.999074   0.99907654 0.99907674 0.99907199 0.99906039 0.99905371
 0.99905136 0.99905109 0.99905635 0.99909053 0.99906291 0.9990578
 0.99903994 0.99905302 0.99903909 0.99906204 0.99906939 0.99906237
 0.99905974 0.99905478 0.9990571  0.99906049 0.99905812 0.99905266
 0.99904869 0.99904175 0.99903975 0.99904364 0.99904455 0.9990517
 0.99905648 0.99906185 0.99905932 0.99905128 0.99904947 0.99905266
 0.99905269 0.99905148 0.99904447 0.99904504 0.99904924 0.99904949
 0.99904858 0.9990421  0.9990323  0.99903367 0.99903443 0.99903442
 0.99902588 0.99902228 0.99901498 0.99901764 0.99901434 0.99901622
 0.99901605 0.99901557 0.99901448 0.99901125 0.99900979 0.99900894
 0.99899924 0.99899374 0.99898456 0.99898214 0.99897493 0.99897233
 0.99897237 0.99897702 0.99897613 0.99897507 0.99897059 0.99897042
 0.99896738 0.99896153 0.99895757 0.99895813 0.99895215 0.99894891
 0.99894019 0.99893819 0.99892975 0.99892347 0.99891734 0.99891791
 0.99891127 0.99890578 0.99890089 0.99890263 0.99890287 0.99890132
 0.99889805 0.99889535 0.9988872  0.99888302 0.99888095 0.99888539
 0.99888683 0.9988841  0.99888052 0.99888023 0.9988747  0.99886548
 0.99885956 0.99885952 0.99886009 0.99885504 0.99884912 0.99884573
 0.99883996 0.99883728 0.99883199 0.99883169 0.99882522 0.99881736
 0.99881466 0.99881655 0.99881549 0.99880936 0.99880703 0.99880361
 0.99880138 0.99879926 0.99879818 0.9987955  0.99879084 0.99878378
 0.9987821  0.99878002 0.99877834 0.99877318 0.9987704  0.99876512
 0.99875772 0.99875805 0.99875933 0.99874773 0.99873886 0.99876506
 0.99870379 0.99870043 0.99866801 0.99878603 0.99877705 0.99873085
 0.99875943 0.99876728 0.99873915 0.9987078  0.99870645 0.99871449
 0.99872    0.99872687 0.99872143 0.99870675 0.99869929 0.99869326
 0.99869018 0.99868821 0.99868849 0.9986889  0.9986853  0.99866878
 0.9986648  0.99866216 0.99866939 0.99867501 0.99866233 0.99866523
 0.9986736  0.99868077 0.99867922 0.99867254 0.99865931 0.99865844
 0.99866076 0.99867859 0.99868205 0.99867618 0.99866951 0.99865983
 0.99865369 0.99865363 0.99864751 0.99864503 0.99863603 0.99862541
 0.99862286 0.99863012 0.99861846 0.99860719 0.99859233 0.99860152
 0.99859703 0.99859263 0.99859053 0.99859925 0.99860031 0.99859811
 0.99859239 0.99859777 0.99859898 0.99859912 0.99859501 0.99859548
 0.99858287 0.99857515 0.99856783 0.99857886 0.99857565 0.9985729
 0.99857178 0.99858243 0.99857888 0.99857043 0.99856467 0.99856885
 0.99857062 0.99857089 0.99856932 0.99857109 0.99856771 0.99856569
 0.998565   0.99857241 0.99857166 0.99856647 0.99856114 0.99856047
 0.99855481 0.99854088 0.99853796 0.99854537 0.99855237 0.99854944
 0.99854617 0.99854598 0.99854391 0.99854018 0.99853484 0.99853674
 0.99853126 0.9985236  0.99852105 0.9985213  0.99852077 0.99851602
 0.99851832 0.99851821 0.99852058 0.99852187 0.99852437 0.99852296
 0.99851766 0.99851161 0.99851185 0.9985124  0.99851221 0.99850874
 0.99850852 0.99850826 0.99850639 0.99851081 0.99851628 0.99850684
 0.99850148 0.9985244  0.99838766 0.99837709 0.99835572 0.99848757
 0.99847822 0.99842716 0.9984514  0.9984643  0.99844301 0.99841596
 0.99841519 0.99841883 0.99842168 0.99842857 0.99842676 0.99841823
 0.99841597 0.99841306 0.99841029 0.99840335 0.99839841 0.99839239
 0.99838734 0.99837786 0.99837763 0.99837621 0.99838392 0.99838804
 0.99837928 0.99838201 0.99838845 0.998393   0.99839368 0.99839156
 0.99838643 0.99838556 0.99838837 0.99840234 0.99840546 0.99840299
 0.99839442 0.99838793 0.99838496 0.99838707 0.99838406 0.9983822
 0.99837606 0.99837032 0.99837142 0.99837798 0.99837106 0.99836186
 0.99835118 0.99835738 0.99835496 0.99835125 0.99834684 0.99834833
 0.99834644 0.99834133 0.99833685 0.99833952 0.99834216 0.99834303
 0.99834191 0.99834218 0.99833534 0.99833017 0.99832543 0.99833172
 0.99832876 0.99832449 0.99832373 0.99833001 0.99832887 0.99831975
 0.99831221 0.99830727 0.9983047  0.99830133 0.99830075 0.9983006
 0.99830004 0.99830049 0.99830312 0.99830534 0.99830338 0.99829871
 0.99829542 0.99829554 0.99828911 0.99827774 0.99827721 0.99828207
 0.99829077 0.99828608 0.99828314 0.9982788  0.99827813 0.99827515
 0.99827027 0.99826593 0.99826503 0.99826337 0.99826126 0.99825711
 0.99825305 0.9982513  0.99825166 0.99825031 0.9982488  0.99825055
 0.99824779 0.99824068 0.99823332 0.99822963 0.99822983 0.99822765
 0.99822494 0.9982219  0.99821736 0.99821791 0.99822108 0.99821671
 0.99820786 0.99821115 0.99821815 0.9982079 ]","[0.00287473 0.00287538 0.00146201 0.00119396 0.00182345 0.0012528
 0.00119821 0.00121377 0.00108391 0.00103603 0.00092481 0.00070838
 0.00064852 0.0006685  0.00073511 0.00081923 0.00090651 0.00092701
 0.00096255 0.00109331 0.00116528 0.00119141 0.00110859 0.00100236
 0.00096684 0.00090708 0.00098415 0.00117223 0.00143671 0.00149586
 0.00147684 0.00130842 0.0013445  0.00139351 0.0014961  0.00150188
 0.00140139 0.00113533 0.00089667 0.00076969 0.00063744 0.00061938
 0.00067792 0.00062703 0.0006407  0.00063806 0.00063859 0.00065251
 0.00063262 0.00062569 0.00063705 0.0006133  0.00054159 0.00053521
 0.00052025 0.00056549 0.00056331 0.00058508 0.0005764  0.00060754
 0.00055364 0.00062379 0.00052336 0.00050697 0.0005111  0.00048212
 0.00050295 0.00049083 0.00058295 0.00063352 0.00052326 0.00047572
 0.00055853 0.00063088 0.00058578 0.00054501 0.00048634 0.0007039
 0.00076927 0.00080407 0.00081346 0.00098221 0.00106109 0.00103343
 0.00095853 0.00092853 0.00087279 0.0009062  0.00099869 0.00085398
 0.00078954 0.00069547 0.00066891 0.00077013 0.00074291 0.00068567
 0.00062616 0.00061016 0.00062206 0.00074789 0.00081118 0.00094753
 0.00077999 0.00061169 0.0007235  0.00095076 0.00117784 0.00111596
 0.00113054 0.00129585 0.00124469 0.00084285 0.00064508 0.00090448
 0.00115856 0.00124273 0.00130647 0.00118833 0.00102918 0.0007887
 0.00074931 0.00071958 0.00100771 0.00088789 0.00090113 0.00092
 0.00191934 0.00130721 0.00284539 0.00386607 0.00220384 0.00282163
 0.00308812 0.00228929 0.00228041 0.00244276 0.00220535 0.002224
 0.00220842 0.0021869  0.00219497 0.00219661 0.00205552 0.00206673
 0.00209647 0.00202499 0.00200449 0.00195345 0.00188325 0.00183472
 0.00180744 0.00177697 0.00175544 0.00171207 0.00174773 0.00182162
 0.00174915 0.00172676 0.00170312 0.00177756 0.0017693  0.00181339
 0.00181519 0.00184001 0.0018517  0.00205267 0.00214762 0.00192128
 0.00203598 0.00170485 0.00164302 0.00157738 0.00155321 0.00159129
 0.00160439 0.00159291 0.0016058  0.00171811 0.00179541 0.0018073
 0.00167312 0.00166616 0.0016173  0.00164421 0.0017344  0.00176405
 0.0017218  0.001698   0.00169792 0.00174503 0.00170237 0.00167881
 0.0016308  0.0016043  0.00157213 0.00154332 0.0015292  0.00158908
 0.00158984 0.00164961 0.00170096 0.00167745 0.0016017  0.00153166
 0.0015126  0.00155246 0.00155262 0.00155912 0.00154374 0.00155296
 0.00157871 0.00156119 0.00152486 0.00151513 0.00144873 0.00142868
 0.00144209 0.00143128 0.00146243 0.00147694 0.00150858 0.0015597
 0.00152871 0.00153204 0.00154333 0.00154517 0.0015928  0.00172695
 0.00175417 0.00164457 0.00158417 0.00166609 0.00170547 0.00169564
 0.00172318 0.00182817 0.00181985 0.00174642 0.00164903 0.00168715
 0.00173817 0.00179107 0.00195209 0.00212588 0.0022114  0.00209255
 0.00194026 0.00183882 0.00166886 0.00173642 0.00212254 0.00222562
 0.00220737 0.00234567 0.00256094 0.00146612 0.00340584 0.00313352
 0.00385102 0.00311564 0.00322526 0.00305799 0.00298752 0.00295942
 0.00304868 0.00311194 0.00302993 0.00299032 0.00295846 0.00295127
 0.00295871 0.00297934 0.00298326 0.00294677 0.00294241 0.00293996
 0.00292671 0.00293135 0.00293365 0.00297261 0.00297076 0.00302669
 0.00299028 0.00296226 0.00300844 0.00296587 0.00292985 0.00289864
 0.00291297 0.00293365 0.00299945 0.00303915 0.00300734 0.00290013
 0.0029254  0.00289199 0.0029074  0.00288792 0.00289082 0.00290114
 0.00291817 0.00289695 0.00290604 0.00293498 0.00295199 0.0029202
 0.00294084 0.00298448 0.00308409 0.00299741 0.00300429 0.0030182
 0.00301968 0.00297955 0.00297841 0.00300724 0.00304636 0.00298003
 0.00299441 0.00298104 0.00299507 0.00296714 0.00302292 0.00310308
 0.00321478 0.0031045  0.00314266 0.00321804 0.00324573 0.00309018
 0.00308427 0.00315046 0.00320431 0.00312409 0.00309944 0.00309704
 0.00315578 0.0031326  0.00313426 0.00317572 0.00324019 0.00314828
 0.00313197 0.00314627 0.00316139 0.00322072 0.00319585 0.00328061
 0.00324833 0.00314838 0.00315843 0.00314655 0.00319048 0.00317544
 0.00323458 0.00333    0.00337878 0.00326997 0.00333976 0.00342861
 0.00343096 0.00337064 0.0033289  0.00340123 0.0033742  0.00335094
 0.00332023 0.00337952 0.00337361 0.00332547 0.00336816 0.00346319
 0.00351944 0.00343381 0.00339989 0.00343195 0.00336309 0.00337395
 0.00350502 0.00339828 0.00324224 0.003456   0.00385444 0.0032508
 0.00523947 0.00487748 0.00596194 0.00393165 0.00389241 0.00491654
 0.00453837 0.00415132 0.00451024 0.00473571 0.00462708 0.00458155
 0.00446424 0.00426106 0.00423265 0.0042161  0.0042337  0.00438501
 0.00436875 0.0044646  0.00445302 0.00450144 0.00453429 0.00462915
 0.00463823 0.00480443 0.00476108 0.00470782 0.00479733 0.0046799
 0.0046034  0.00446672 0.00453936 0.00459633 0.00472485 0.0048095
 0.00474653 0.00437539 0.00424203 0.00434426 0.00426174 0.00440487
 0.00439216 0.00445018 0.00450067 0.00441174 0.00444436 0.00457466
 0.00466086 0.00460745 0.00462639 0.00470111 0.00486526 0.00468399
 0.00469109 0.00472081 0.00471556 0.0046355  0.00462615 0.00466868
 0.00471272 0.00461153 0.00464696 0.00463071 0.00468109 0.00467767
 0.00476687 0.00487854 0.00503156 0.00489124 0.00495365 0.0050546
 0.00508521 0.00488863 0.00487806 0.00495535 0.0050018  0.00488265
 0.00485421 0.00486513 0.00496238 0.00494202 0.00493995 0.00498561
 0.00507395 0.00498065 0.00496573 0.00497624 0.00498429 0.00506961
 0.00502266 0.0050915  0.00504034 0.00492908 0.00497219 0.00495226
 0.00500944 0.00500191 0.00508299 0.00519045 0.00523212 0.00511607
 0.00519293 0.00527788 0.00528036 0.00521974 0.00518141 0.00525536
 0.0052402  0.00522117 0.0052051  0.00528402 0.0052917  0.00523827
 0.00526826 0.00535159 0.00541316 0.00533432 0.00530702 0.00533936
 0.00528093 0.0053065  0.00543855 0.00536919 0.00523076 0.00543698
 0.00580225 0.00533833 0.00701203 0.00648435 0.00764254 0.0060929
 0.00596592 0.00677025 0.00647324 0.00617537 0.00646476 0.00660207
 0.00651966 0.00648612 0.00638501 0.0062579  0.00628633 0.00629182
 0.00631808 0.00643647 0.00640288 0.00643911 0.00642356 0.00647209
 0.00651137 0.00656493 0.0065514  0.00665163 0.00661959 0.00657435
 0.00664558 0.00656288 0.00651841 0.0064069  0.00647016 0.00651103
 0.00661268 0.00666138 0.00663378 0.00640499 0.00635232 0.00643966
 0.00637033 0.00646444 0.0064627  0.00650655 0.00654627 0.00648908
 0.0065082  0.00658486 0.00666017 0.00664115 0.00665485 0.0066743
 0.00677835 0.0066661  0.0066826  0.00669335 0.00668309 0.00663535
 0.00664348 0.00665501 0.00668339 0.00663307 0.00669343 0.00670606
 0.00675534 0.00675621 0.0068131  0.00686837 0.00696382 0.00687885
 0.00692161 0.00697213 0.00698745 0.00686454 0.00687375 0.00691717
 0.0069515  0.00687881 0.00687354 0.00687428 0.00692553 0.00690511
 0.0069139  0.00695941 0.00703321 0.00699083 0.00698357 0.00698491
 0.00698979 0.00704213 0.00702095 0.00706035 0.00705085 0.00702342
 0.00707349 0.00706767 0.00709033 0.00708458 0.0071252  0.00717762
 0.00719056 0.00713051 0.00717488 0.00723467 0.00723934 0.00720966
 0.00719227 0.00723996 0.00724427 0.00725132 0.00725565 0.0073036
 0.00730864 0.00728849 0.00730302 0.00734727 0.00738444 0.00736466
 0.00736692 0.00738968 0.00737892 0.0074013  0.00746873 0.00743929
 0.00741174 0.00747742 0.00765563 0.00744494]","[0.02899075 0.02893634 0.02815816 0.02795634 0.02786756 0.02755722
 0.02735684 0.02719264 0.02695901 0.02676625 0.02654037 0.02627108
 0.02604468 0.0258701  0.02566487 0.02551664 0.0253812  0.02521636
 0.02511588 0.02501135 0.024868   0.02468364 0.02449303 0.02431506
 0.02417197 0.02397755 0.02381243 0.02365901 0.02350222 0.02339579
 0.0232526  0.02315693 0.02302269 0.02291569 0.02278254 0.02263129
 0.0224583  0.0223113  0.02214673 0.02195032 0.02186367 0.02168881
 0.02156384 0.02140155 0.0212441  0.02115212 0.02104585 0.02090783
 0.02072674 0.02056815 0.02043916 0.02034246 0.02019144 0.02007567
 0.01993856 0.01983459 0.01975311 0.01965061 0.01952504 0.01942635
 0.01933941 0.01927419 0.01912146 0.01900216 0.01885622 0.01873502
 0.01861169 0.01852807 0.01842269 0.01836964 0.01827315 0.01820214
 0.01813704 0.01808883 0.01797861 0.01789127 0.01781548 0.01781533
 0.01774908 0.01768399 0.01759163 0.01755252 0.01747974 0.01737238
 0.01724035 0.01719785 0.01713461 0.01708696 0.01704824 0.01694021
 0.01688054 0.01678232 0.01669704 0.01667313 0.01656226 0.01650972
 0.01643271 0.01634985 0.016252   0.01616208 0.01611179 0.01612508
 0.01603453 0.0159248  0.01588366 0.01587988 0.01587315 0.01578501
 0.0157348  0.01571942 0.01567114 0.01552477 0.01541471 0.01534855
 0.01528917 0.01521023 0.01513685 0.01509948 0.01505229 0.015006
 0.01497344 0.01493119 0.01486295 0.01486121 0.01487497 0.01479688
 0.01463144 0.01461674 0.01646584 0.01674507 0.01620197 0.01636537
 0.01638973 0.01611431 0.01603183 0.01600639 0.01587501 0.01581905
 0.01574699 0.01565666 0.01558823 0.01552648 0.01543013 0.01537899
 0.01532699 0.01524267 0.01517528 0.01508743 0.01499569 0.0149029
 0.01482578 0.01477201 0.01472076 0.01465294 0.01461545 0.01458464
 0.01452316 0.01446547 0.01439339 0.01435205 0.01428801 0.01425499
 0.01421415 0.01416201 0.01410744 0.01409893 0.01407406 0.01398532
 0.01397266 0.01385585 0.01380137 0.01373481 0.01367646 0.01364138
 0.01359504 0.01354163 0.01348791 0.01346188 0.01344257 0.01340565
 0.01333693 0.01329931 0.01325317 0.01322211 0.013197   0.01315361
 0.01309004 0.01303271 0.01298484 0.01294999 0.01288174 0.01283456
 0.01277901 0.01272779 0.01267544 0.01261753 0.01256825 0.01255027
 0.01251209 0.01247439 0.01244331 0.01241365 0.01236309 0.0122996
 0.01224586 0.01221105 0.01216086 0.01211565 0.01206422 0.01202944
 0.01200755 0.01196458 0.01190774 0.01186105 0.01180096 0.0117575
 0.01172723 0.01167606 0.0116619  0.0116355  0.01162697 0.01161504
 0.01156723 0.01154482 0.01151843 0.01149416 0.0114717  0.01144716
 0.01142272 0.01138804 0.01135202 0.01133899 0.01132653 0.01130064
 0.01128673 0.01127728 0.0112583  0.01122685 0.01118873 0.01115349
 0.01112848 0.01111178 0.01109912 0.01109366 0.01107259 0.01104889
 0.01101937 0.01100776 0.01100928 0.01104024 0.01111179 0.011154
 0.01117055 0.01117494 0.01114666 0.01094564 0.01111339 0.01114644
 0.01125443 0.01118031 0.01126504 0.01113254 0.01109161 0.01113616
 0.01115424 0.011186   0.01117475 0.01115708 0.01117356 0.01120842
 0.01123433 0.01127773 0.01129201 0.01127162 0.01126871 0.01122903
 0.01120318 0.01117375 0.01119131 0.01124094 0.01125351 0.01123645
 0.01123821 0.01124723 0.01129065 0.01128917 0.01126623 0.01126667
 0.01127394 0.01131424 0.0113739  0.0113678  0.01136529 0.01136726
 0.01141942 0.01144198 0.0114862  0.01147221 0.01149299 0.01148355
 0.01148609 0.01149042 0.01149836 0.01151876 0.01152882 0.01153536
 0.01159327 0.01162667 0.0116812  0.01169674 0.01173973 0.01175586
 0.01175699 0.01173164 0.01173805 0.01174545 0.01177241 0.01177474
 0.01179344 0.01182815 0.01185203 0.01185021 0.01188556 0.01190526
 0.01195598 0.01196861 0.01201704 0.01205322 0.01208845 0.01208624
 0.01212425 0.01215575 0.01218382 0.01217519 0.01217486 0.01218448
 0.0122036  0.01221952 0.01226557 0.01228962 0.01230203 0.01227866
 0.01227142 0.01228719 0.01230756 0.01230989 0.01234102 0.01239218
 0.01242526 0.01242624 0.0124239  0.01245215 0.01248503 0.01250422
 0.01253619 0.01255149 0.01258081 0.0125832  0.01261858 0.01266128
 0.01267626 0.01266675 0.01267297 0.01270632 0.01271933 0.01273815
 0.01275063 0.0127625  0.0127689  0.01278376 0.0128091  0.01284704
 0.01285657 0.01286789 0.01287714 0.01290468 0.01291966 0.01294774
 0.01298685 0.01298551 0.01297924 0.01304016 0.01308671 0.01295046
 0.01326825 0.01328587 0.01345103 0.01284174 0.01288955 0.01313101
 0.01298254 0.01294163 0.01308874 0.01325072 0.01325788 0.01321685
 0.01318878 0.01315361 0.01318197 0.01325773 0.01329621 0.01332726
 0.01334331 0.01335363 0.01335252 0.01335055 0.01336903 0.01345292
 0.0134732  0.01348665 0.01345033 0.0134221  0.01348634 0.01347188
 0.01342979 0.01339365 0.01340171 0.0134358  0.01350282 0.01350738
 0.01349576 0.01340571 0.01338823 0.01341807 0.01345189 0.01350084
 0.01353183 0.01353222 0.01356302 0.01357555 0.01362067 0.01367373
 0.01368654 0.01365055 0.01370867 0.01376458 0.01383783 0.01379261
 0.01381474 0.01383642 0.01384675 0.01380388 0.0137987  0.01380959
 0.01383778 0.01381136 0.01380543 0.01380481 0.01382511 0.01382291
 0.01388489 0.01392273 0.01395842 0.01390452 0.01392024 0.01393363
 0.01393908 0.01388702 0.01390439 0.01394567 0.01397378 0.0139534
 0.01394481 0.01394352 0.0139512  0.01394262 0.01395917 0.01396895
 0.01397225 0.01393609 0.01393971 0.01396499 0.01399087 0.01399409
 0.01402158 0.01408895 0.01410303 0.01406722 0.01403338 0.01404753
 0.01406337 0.01406431 0.01407436 0.01409229 0.01411798 0.01410876
 0.01413507 0.01417182 0.014184   0.01418276 0.01418528 0.014208
 0.01419694 0.01419744 0.01418608 0.01417989 0.01416785 0.01417462
 0.01420002 0.01422888 0.01422765 0.01422493 0.01422576 0.01424227
 0.01424329 0.01424446 0.0142533  0.01423215 0.01420595 0.01425104
 0.01427657 0.01416692 0.01480875 0.01485721 0.01495461 0.0143424
 0.01438657 0.01462587 0.01451262 0.01445199 0.01455173 0.01467754
 0.01468103 0.01466411 0.01465084 0.01461876 0.01462712 0.01466672
 0.01467711 0.01469056 0.01470326 0.01473522 0.0147579  0.01478554
 0.01480864 0.014852   0.014853   0.01485938 0.01482399 0.01480501
 0.01484515 0.01483257 0.01480294 0.01478198 0.0147788  0.0147885
 0.01481191 0.01481578 0.01480277 0.01473835 0.01472387 0.01473516
 0.01477455 0.01480425 0.01481781 0.01480801 0.01482173 0.0148302
 0.01485822 0.01488439 0.01487928 0.01484916 0.01488068 0.01492251
 0.01497096 0.01494265 0.01495354 0.01497027 0.01499015 0.01498333
 0.01499176 0.01501482 0.01503499 0.0150228  0.01501077 0.01500675
 0.0150117  0.01501036 0.01504114 0.01506433 0.01508557 0.01505702
 0.01507024 0.01508938 0.01509265 0.01506424 0.01506922 0.01511019
 0.0151439  0.01516594 0.01517734 0.01519232 0.01519476 0.01519526
 0.01519756 0.01519538 0.01518347 0.01517336 0.01518196 0.01520267
 0.01521716 0.01521647 0.01524498 0.01529543 0.0152976  0.01527586
 0.01523699 0.01525769 0.01527061 0.01528968 0.01529249 0.01530549
 0.01532696 0.01534599 0.01534975 0.01535693 0.01536605 0.01538422
 0.01540194 0.01540946 0.01540771 0.0154135  0.01541996 0.01541207
 0.01542402 0.01545505 0.0154871  0.01550303 0.01550193 0.01551126
 0.01552291 0.01553595 0.01555557 0.01555296 0.01553891 0.01555774
 0.01559612 0.01558157 0.01555086 0.01559533]","(array([[8.71021181e-01, 8.54735926e-01, 8.38450671e-01, ...,
        9.46993075e-01, 9.46982564e-01, 9.46972053e-01],
       [1.21438880e-01, 1.18350686e-01, 1.15262492e-01, ...,
        3.24012042e-01, 3.24232006e-01, 3.24451969e-01],
       [7.21200405e-02, 7.15470255e-02, 7.09740105e-02, ...,
        3.13142373e-05, 3.09079492e-05, 3.05016612e-05],
       [1.79825127e-01, 1.75994772e-01, 1.72164417e-01, ...,
        0.00000000e+00, 0.00000000e+00, 0.00000000e+00],
       [3.61491474e-01, 3.56227994e-01, 3.50964513e-01, ...,
        3.30032248e-04, 3.27418718e-04, 3.24805187e-04]]), array([[8.71021181e-01, 8.54735926e-01, 8.38450671e-01, ...,
        9.43168668e-01, 9.41384727e-01, 9.44804050e-01],
       [1.21438880e-01, 1.18350686e-01, 1.15262492e-01, ...,
        3.14054537e-01, 3.13474740e-01, 3.14805102e-01],
       [7.21200405e-02, 7.15470255e-02, 7.09740105e-02, ...,
        7.56659221e-05, 7.33189214e-05, 7.53368958e-05],
       [1.79825127e-01, 1.75994772e-01, 1.72164417e-01, ...,
        2.66630406e-10, 1.12291270e-10, 5.76624420e-10],
       [3.61491474e-01, 3.56227994e-01, 3.50964513e-01, ...,
        5.05159212e-04, 5.15591162e-04, 5.23716887e-04]]))","(array([[7.95765717e-01, 7.81656733e-01, 7.67547749e-01, ...,
        9.54825816e-01, 9.54814625e-01, 9.54803435e-01],
       [6.67734706e-01, 6.47276239e-01, 6.26817772e-01, ...,
        3.66887679e-01, 3.67059575e-01, 3.67231472e-01],
       [7.49173759e-01, 7.33294569e-01, 7.17415380e-01, ...,
        2.57062095e-04, 2.53954664e-04, 2.50847233e-04],
       [1.94577505e-01, 1.90549855e-01, 1.86522204e-01, ...,
        1.60121444e-10, 1.52159863e-10, 1.44198281e-10],
       [5.82066309e-01, 5.67975980e-01, 5.53885651e-01, ...,
        5.10169974e-05, 5.06118902e-05, 5.02067831e-05]]), array([[7.95765717e-01, 7.81656733e-01, 7.67547749e-01, ...,
        9.50248845e-01, 9.48449191e-01, 9.51960545e-01],
       [6.67734706e-01, 6.47276239e-01, 6.26817772e-01, ...,
        3.54903932e-01, 3.54243933e-01, 3.55695700e-01],
       [7.49173759e-01, 7.33294569e-01, 7.17415380e-01, ...,
        2.76061751e-04, 2.72441731e-04, 2.82388071e-04],
       [1.94577505e-01, 1.90549855e-01, 1.86522204e-01, ...,
        1.19232209e-10, 3.74437591e-11, 3.07679723e-10],
       [5.82066309e-01, 5.67975980e-01, 5.53885651e-01, ...,
        1.81047736e-04, 1.84650159e-04, 1.87623990e-04]]))"
2,future_outlook,zz294_VAE_saved_sims_bgLV_I7_bgLV_B15_T5_fixed,5,future_outlook_1000_latent_latent_2025-02-03T21:54.npz,1000,latent,latent,"(1000, 5, 768)","(2000, 5, 768)","[0.99988751 0.99988806 0.99997148 0.99998425 0.99995691 0.99998156
 0.99998294 0.99998229 0.99998565 0.99998686 0.99998944 0.99999358
 0.99999437 0.99999414 0.99999279 0.99999132 0.99999007 0.99999004
 0.99998998 0.99998667 0.99998486 0.99998378 0.99998553 0.9999882
 0.9999893  0.99999048 0.9999888  0.99998426 0.99997646 0.99997431
 0.99997502 0.99998057 0.99997933 0.99997719 0.99997329 0.99997251
 0.99997582 0.99998357 0.99998951 0.99999242 0.99999516 0.99999585
 0.99999525 0.99999596 0.99999597 0.99999595 0.9999959  0.99999596
 0.9999964  0.99999633 0.99999594 0.99999598 0.9999968  0.999997
 0.99999723 0.9999967  0.99999649 0.99999605 0.99999621 0.99999593
 0.99999668 0.99999582 0.99999737 0.99999765 0.99999756 0.99999766
 0.99999736 0.99999732 0.99999618 0.99999552 0.99999701 0.99999768
 0.99999704 0.99999598 0.99999667 0.99999731 0.99999789 0.99999534
 0.99999446 0.99999396 0.99999387 0.99999071 0.99998911 0.99998991
 0.99999142 0.99999185 0.99999257 0.99999206 0.99999041 0.9999932
 0.99999418 0.99999564 0.99999592 0.99999455 0.99999495 0.99999568
 0.99999649 0.99999662 0.9999965  0.99999521 0.99999437 0.99999219
 0.9999947  0.99999677 0.99999532 0.99999191 0.99998783 0.99998957
 0.99998947 0.99998575 0.99998634 0.99999361 0.9999964  0.99999337
 0.99998916 0.99998729 0.99998548 0.99998792 0.99999061 0.99999401
 0.99999427 0.99999482 0.99999054 0.99999242 0.99999241 0.99999288
 0.99996778 0.9999861  0.99964021 0.9996698  0.99964508 0.99969652
 0.99970375 0.99970295 0.99970879 0.99971725 0.99971157 0.99971707
 0.99971907 0.99972334 0.9997304  0.99974011 0.99974274 0.99974941
 0.99975387 0.99975532 0.99975932 0.99976152 0.99976142 0.99975936
 0.99975803 0.99976397 0.9997717  0.99977952 0.99978818 0.99979617
 0.99979554 0.99979888 0.99980043 0.9998076  0.99980704 0.99981004
 0.99981032 0.99981318 0.99981684 0.99982493 0.99982961 0.99983404
 0.99983949 0.99984103 0.99984157 0.99983952 0.99983937 0.99984476
 0.9998474  0.99985046 0.99985441 0.9998583  0.99985974 0.99985888
 0.99985686 0.99986075 0.99986249 0.99986468 0.99986614 0.99986756
 0.99986794 0.99986812 0.99986684 0.99986553 0.99986019 0.99986134
 0.99986659 0.99987626 0.99988188 0.99988253 0.99988057 0.99988189
 0.99988    0.99987374 0.99987184 0.99988078 0.99988693 0.99988944
 0.99989083 0.99989412 0.99989773 0.99989978 0.99990032 0.99990436
 0.99990666 0.99990353 0.9999016  0.99990624 0.99991441 0.99991814
 0.9999198  0.99991713 0.99991808 0.99991619 0.99991591 0.99991588
 0.99991447 0.99991662 0.9999163  0.99991885 0.99991451 0.99990518
 0.9999042  0.99991364 0.99991704 0.99991394 0.99991448 0.99991832
 0.99992005 0.99991514 0.99991651 0.99992191 0.99992991 0.99993174
 0.99993469 0.99993866 0.99993699 0.99993112 0.99992682 0.99993132
 0.99993316 0.99993006 0.99993005 0.99992285 0.99990108 0.9998946
 0.99989819 0.99989002 0.99988107 0.99994061 0.99982296 0.99985496
 0.99977949 0.99986439 0.9998648  0.99984754 0.99985746 0.9998663
 0.99985192 0.99984949 0.99986028 0.99986458 0.99987074 0.99987712
 0.99987965 0.99988161 0.99988263 0.99987964 0.99988117 0.9998798
 0.99988189 0.9998814  0.99988065 0.99987739 0.9998786  0.99987406
 0.99987726 0.99987966 0.99987576 0.99988126 0.99988635 0.99989266
 0.99989121 0.99988837 0.99988148 0.99987848 0.9998825  0.9998979
 0.99990152 0.99989868 0.99990143 0.99989781 0.99989818 0.99989701
 0.99989664 0.99990229 0.99990269 0.99989892 0.99989695 0.99990023
 0.99989932 0.99989663 0.99988865 0.99989572 0.99989531 0.99989525
 0.99989653 0.99990015 0.99989986 0.99989754 0.99989469 0.99990071
 0.99989832 0.99989865 0.99989756 0.99990103 0.99989764 0.99989256
 0.99988378 0.99989096 0.99988701 0.99988071 0.99987838 0.99989023
 0.99989085 0.99988688 0.99988382 0.99989148 0.99989423 0.99989453
 0.99988955 0.99989117 0.99989058 0.99988689 0.9998819  0.99988943
 0.99989181 0.99989173 0.99989142 0.99988745 0.99989013 0.99988484
 0.99988743 0.99989514 0.99989319 0.99989468 0.99989085 0.999892
 0.99988639 0.9998794  0.99987607 0.99988476 0.9998791  0.99987244
 0.99987262 0.99987795 0.99988127 0.99987556 0.99987687 0.99987813
 0.99987956 0.9998743  0.99987453 0.99987902 0.99987663 0.99986969
 0.99986551 0.99987231 0.99987545 0.99987322 0.99987876 0.99987724
 0.99986629 0.99987439 0.99988818 0.99986961 0.99983909 0.99988878
 0.9997114  0.99974734 0.99964386 0.99980704 0.99981033 0.99973601
 0.99976805 0.99979457 0.99976534 0.99974779 0.99975636 0.99976081
 0.9997689  0.99978178 0.99978136 0.99978003 0.99977713 0.99976521
 0.99976686 0.9997627  0.99976569 0.99976454 0.99976149 0.99975219
 0.99975119 0.99974029 0.99974303 0.99974704 0.99973803 0.99974765
 0.99975518 0.99976662 0.9997604  0.99975312 0.99973918 0.99973385
 0.99973896 0.99976767 0.99977614 0.99976619 0.99977215 0.99976169
 0.99976186 0.99975831 0.99975494 0.99976256 0.99976056 0.99974985
 0.99974263 0.99974604 0.99974176 0.99973555 0.99972137 0.99973483
 0.9997326  0.99973023 0.99973147 0.99973958 0.99974027 0.99973798
 0.99973374 0.99974125 0.99973673 0.99973582 0.99973061 0.9997317
 0.99972287 0.99971374 0.99970008 0.99971034 0.99970363 0.9996954
 0.99969176 0.99970709 0.99970583 0.99969963 0.99969586 0.99970728
 0.9997108  0.99971106 0.99970339 0.99970465 0.99970208 0.99969749
 0.99969041 0.99969991 0.99970237 0.99970157 0.99970027 0.99969422
 0.99969692 0.99969025 0.99969226 0.9997004  0.99969663 0.99969767
 0.99969229 0.99969311 0.99968573 0.99967796 0.99967447 0.99968454
 0.99967648 0.99966716 0.99966603 0.99967152 0.99967437 0.99966663
 0.99966691 0.99966726 0.9996681  0.99966151 0.99966124 0.99966516
 0.9996621  0.99965408 0.99964928 0.99965466 0.99965666 0.99965314
 0.9996575  0.99965415 0.99964192 0.99964831 0.99966123 0.99964161
 0.99961109 0.99965733 0.9992445  0.99930121 0.9991959  0.99934233
 0.99935742 0.9992951  0.99932294 0.99934035 0.99930932 0.99929019
 0.9992927  0.99929812 0.99930688 0.99931527 0.999306   0.9992967
 0.99929127 0.99928248 0.99928452 0.99928449 0.99928542 0.9992797
 0.99927351 0.99926358 0.99926392 0.99925949 0.99926475 0.99927032
 0.99925914 0.99926257 0.99926637 0.99927563 0.99927123 0.99926682
 0.99925598 0.9992548  0.99925586 0.999272   0.99927257 0.99926411
 0.99926526 0.99925638 0.99925321 0.99925151 0.99924666 0.99924774
 0.99924246 0.99923511 0.99922938 0.99923156 0.99922412 0.99922015
 0.99920917 0.99921854 0.99921461 0.99921213 0.99921048 0.99921428
 0.99921177 0.99921143 0.99920753 0.99921126 0.99920612 0.99920373
 0.99919714 0.99919502 0.99918466 0.99917896 0.99917053 0.9991782
 0.99917368 0.99917053 0.99916859 0.99917708 0.999172   0.9991644
 0.9991572  0.99915894 0.99915604 0.99915449 0.9991509  0.99915194
 0.99914794 0.99914299 0.99913736 0.99914037 0.99913911 0.99913611
 0.9991324  0.99912902 0.99912524 0.99911611 0.99911274 0.99911334
 0.99911283 0.99911013 0.99910739 0.99910573 0.99910284 0.99909851
 0.99909493 0.99909488 0.99908999 0.99908253 0.99907933 0.9990774
 0.99907531 0.99906982 0.99906841 0.99906505 0.99906347 0.99906128
 0.99906001 0.99905605 0.99905058 0.99904397 0.99904032 0.99903586
 0.99903088 0.99902538 0.99902031 0.99901677 0.99901332 0.99901172
 0.99900614 0.9990035  0.99899812 0.99900111]","[0.99257324 0.99278362 0.99317496 0.99335883 0.99347459 0.99365924
 0.99378535 0.99389594 0.99402341 0.99414593 0.994271   0.99442269
 0.99455846 0.99465246 0.99473713 0.99480933 0.99488149 0.99496094
 0.99501448 0.99507724 0.9951416  0.99521215 0.99527958 0.99535986
 0.99543845 0.99553665 0.99561434 0.99568863 0.99575238 0.99579559
 0.99584618 0.99589094 0.99594489 0.99599943 0.99605606 0.99612326
 0.99618237 0.99623123 0.99627453 0.99632153 0.99634659 0.9963892
 0.99642734 0.99648291 0.99653359 0.99656722 0.99659858 0.99663355
 0.9966798  0.99672875 0.99676613 0.99680127 0.9968414  0.99687466
 0.99691572 0.99695443 0.99698509 0.99701777 0.99705062 0.99708165
 0.99710078 0.99711953 0.99714757 0.99716741 0.99719626 0.99723163
 0.99725879 0.99727784 0.9972959  0.99730838 0.99733781 0.99736716
 0.99739402 0.99741224 0.99743928 0.99746501 0.99748205 0.99749019
 0.99750918 0.99752777 0.99755361 0.99757134 0.99759081 0.99761873
 0.99764695 0.99766008 0.99767618 0.99768928 0.997703   0.99772497
 0.99773515 0.99775235 0.99776994 0.99778901 0.99781675 0.99782861
 0.99784519 0.99786699 0.99788835 0.99791184 0.99793158 0.99794539
 0.9979725  0.99799853 0.99801706 0.99802881 0.9980382  0.99805407
 0.99806592 0.99807596 0.99808753 0.99810986 0.99812658 0.99813608
 0.99814581 0.99816    0.99817507 0.99819247 0.99821016 0.99822983
 0.9982439  0.99826154 0.99827905 0.99828996 0.9982985  0.99832171
 0.99831645 0.99834303 0.99794292 0.99791085 0.99795135 0.99798265
 0.99799169 0.99802821 0.99805461 0.99807931 0.99810454 0.9981276
 0.99815125 0.99817494 0.9981973  0.99821924 0.99824133 0.9982628
 0.99828335 0.99830162 0.99832054 0.99834028 0.99835922 0.99837788
 0.99839372 0.99841094 0.99843079 0.99844954 0.9984693  0.99848692
 0.99850212 0.99851826 0.99853445 0.998552   0.99856802 0.9985831
 0.9985979  0.99861427 0.99863131 0.99864578 0.99865828 0.99867326
 0.99868445 0.99869964 0.99871266 0.99872532 0.99873957 0.99875593
 0.99877036 0.99878272 0.9987966  0.99880967 0.99882216 0.9988345
 0.99884709 0.99885903 0.99887058 0.99888236 0.99889416 0.99890511
 0.99891766 0.9989292  0.99894083 0.99895177 0.99896132 0.99897181
 0.99898505 0.99899991 0.99901364 0.99902628 0.99903594 0.99904587
 0.99905341 0.99905902 0.99906696 0.99908066 0.99909335 0.9991051
 0.99911682 0.99913012 0.99914281 0.99915338 0.99916251 0.99917162
 0.99917917 0.99918678 0.99919527 0.99920692 0.99921863 0.99922805
 0.99923675 0.99924466 0.99925229 0.99925873 0.99926513 0.99927233
 0.99927871 0.99928564 0.9992913  0.99929887 0.99930287 0.99930445
 0.99930945 0.99932044 0.99932606 0.99932771 0.99933246 0.99934038
 0.99934622 0.99934775 0.99935359 0.99936176 0.9993699  0.99937336
 0.99937769 0.99938389 0.99938695 0.99938756 0.99939031 0.99939937
 0.99940721 0.99941084 0.9994156  0.9994129  0.99939858 0.99939602
 0.99940041 0.99939567 0.99938965 0.999438   0.99930004 0.99931921
 0.99925636 0.99932187 0.99931875 0.99931451 0.99932686 0.99933238
 0.99932096 0.99931839 0.99932712 0.99932975 0.99933188 0.9993336
 0.99933434 0.9993343  0.99933503 0.99933347 0.99933479 0.99933574
 0.99933831 0.99933961 0.99933689 0.99933191 0.99933292 0.99933141
 0.99933272 0.99933269 0.99932659 0.99933063 0.99933545 0.99933947
 0.99933745 0.99933233 0.99932339 0.99932255 0.9993261  0.99933727
 0.99933548 0.99932937 0.99932835 0.99932658 0.99932576 0.99932561
 0.99932574 0.99933066 0.99933127 0.9993269  0.99932414 0.99932486
 0.99931961 0.99931528 0.99930533 0.99930828 0.99930426 0.99930315
 0.99930399 0.9993075  0.99930542 0.99930224 0.9992975  0.99930068
 0.99929613 0.99929203 0.99928855 0.99929073 0.99928599 0.99928133
 0.99927054 0.99927216 0.99926377 0.99925517 0.99924961 0.99925668
 0.99925343 0.99924845 0.99924415 0.99924994 0.9992515  0.99925015
 0.9992444  0.9992433  0.9992381  0.99923292 0.99922799 0.99923457
 0.99923703 0.99923596 0.99923425 0.99923129 0.99923043 0.99922286
 0.99922108 0.99922511 0.99922275 0.99922087 0.99921464 0.99921284
 0.99920521 0.99919912 0.99919435 0.9991995  0.99919217 0.99918381
 0.99918243 0.99918669 0.99918779 0.99918053 0.99917909 0.99917738
 0.99917588 0.9991703  0.99916881 0.99916991 0.99916593 0.99915778
 0.99915384 0.99915692 0.999158   0.99915381 0.9991555  0.99915113
 0.99913973 0.99914404 0.99915296 0.99913491 0.99911161 0.99915547
 0.99894864 0.99897177 0.99889575 0.99903576 0.99903307 0.99897143
 0.99900231 0.99901838 0.9989881  0.99896457 0.99896927 0.99897652
 0.99898332 0.99899168 0.99898679 0.99897647 0.99896848 0.9989573
 0.99895628 0.99895508 0.99895826 0.99895924 0.9989556  0.99894017
 0.99893535 0.99892669 0.9989292  0.99893246 0.99891962 0.99892625
 0.9989352  0.99894535 0.99893997 0.99892932 0.99891098 0.99890626
 0.99890861 0.99893117 0.99893559 0.99892611 0.9989251  0.99891454
 0.99891031 0.99890823 0.99890285 0.99890474 0.99889835 0.99888666
 0.99888069 0.99888493 0.99887477 0.99886551 0.99885023 0.998861
 0.99885633 0.99885249 0.99885231 0.99886179 0.99886284 0.99886151
 0.99885614 0.99886217 0.99885959 0.99885814 0.9988526  0.99885317
 0.9988403  0.99883033 0.99881847 0.99882843 0.99882312 0.99881851
 0.99881566 0.99882777 0.99882363 0.99881593 0.9988109  0.99881931
 0.99882222 0.99882304 0.99881821 0.99881872 0.99881361 0.99881
 0.99880663 0.9988163  0.9988175  0.99881402 0.99880966 0.99880646
 0.99880385 0.9987933  0.99879138 0.9987982  0.99879953 0.99879824
 0.99879386 0.9987946  0.99879008 0.99878544 0.99878116 0.99878707
 0.99877961 0.99876997 0.99876735 0.99877003 0.99877093 0.9987643
 0.99876551 0.99876531 0.99876723 0.99876551 0.99876748 0.99876831
 0.99876393 0.99875649 0.99875477 0.99875655 0.99875711 0.9987533
 0.99875476 0.99875264 0.99874615 0.99875183 0.99876069 0.99874684
 0.99873171 0.99876695 0.99835636 0.99837626 0.99833387 0.99846056
 0.99846456 0.99841964 0.99844018 0.9984462  0.99842045 0.99839514
 0.99839275 0.99839861 0.99840299 0.99840718 0.99839793 0.99838487
 0.99838119 0.99837953 0.99837874 0.99837683 0.99837395 0.99836792
 0.99836219 0.99835152 0.9983518  0.99835319 0.99836136 0.99836664
 0.99835522 0.99835467 0.99835906 0.99836422 0.99836453 0.99836228
 0.99835596 0.99835745 0.99835836 0.9983674  0.9983664  0.99836296
 0.99835526 0.99834883 0.99834375 0.99834576 0.99834136 0.99833711
 0.99832882 0.99832291 0.99832254 0.99832753 0.99831798 0.99831099
 0.99830163 0.9983076  0.99830373 0.99829989 0.99829482 0.99829573
 0.99829273 0.99829072 0.9982869  0.99828919 0.99828999 0.99828968
 0.99828599 0.99828369 0.99827356 0.99826954 0.99826613 0.99827276
 0.99827034 0.99826888 0.99826847 0.99827306 0.99826888 0.99825943
 0.99825023 0.99824371 0.99823845 0.99823482 0.99823472 0.99823467
 0.99823174 0.99823037 0.99823126 0.99823196 0.99822884 0.99822342
 0.9982186  0.99821929 0.99821049 0.99819738 0.99819354 0.99819481
 0.99820342 0.99819779 0.99819566 0.99819084 0.99819077 0.9981883
 0.99818297 0.9981756  0.99817436 0.99817113 0.99816772 0.99816132
 0.99815587 0.99815367 0.99815324 0.99814973 0.99814762 0.9981501
 0.99814755 0.99813787 0.9981296  0.99812516 0.99812491 0.99811823
 0.99811206 0.99810721 0.99809873 0.99809809 0.99810307 0.99809656
 0.99808225 0.99808917 0.99810328 0.99807937]","[0.00277609 0.00278087 0.00140951 0.00105188 0.00174699 0.00114765
 0.00110851 0.00113417 0.00102523 0.00098524 0.00088694 0.00069438
 0.00065302 0.00066844 0.00074386 0.00081858 0.00087824 0.00088243
 0.00088782 0.00102732 0.00109833 0.00114067 0.00108085 0.00097908
 0.00093534 0.0008849  0.00096303 0.00114523 0.00140502 0.0014717
 0.00145477 0.00128626 0.00133015 0.00140091 0.00151997 0.00154609
 0.00145373 0.00120121 0.00096242 0.00082026 0.00065713 0.00061012
 0.00065436 0.00060477 0.00060578 0.00060882 0.00061416 0.00061056
 0.00057773 0.00058421 0.00061628 0.00061492 0.00054922 0.00053366
 0.00051368 0.00056155 0.00058058 0.00061707 0.00060646 0.00062963
 0.00056938 0.00063977 0.00050888 0.00048195 0.000492   0.0004821
 0.00051302 0.00051811 0.00061903 0.0006719  0.00054974 0.00048477
 0.00054892 0.00064059 0.0005841  0.00052607 0.00046674 0.00069381
 0.00075768 0.00079256 0.00079917 0.00098505 0.00106829 0.00102974
 0.00095075 0.00092817 0.00088735 0.00091873 0.00101092 0.0008524
 0.00078951 0.00068466 0.00066297 0.0007669  0.00073919 0.00068422
 0.00061739 0.00060743 0.00061881 0.00072421 0.00078642 0.0009271
 0.00076501 0.00059792 0.0007202  0.0009483  0.00116434 0.00107906
 0.00108518 0.00126352 0.00123827 0.00084802 0.00063691 0.00086529
 0.00110729 0.00120048 0.00128426 0.00117263 0.00103487 0.00082709
 0.00080981 0.00077081 0.00104246 0.00093406 0.00093535 0.00090695
 0.00193018 0.00126894 0.00646076 0.00619433 0.00642724 0.00594817
 0.00588165 0.00589437 0.0058409  0.00576017 0.00582253 0.00577138
 0.00575576 0.00571598 0.0056468  0.00554823 0.00552424 0.00545621
 0.00541138 0.00539951 0.0053591  0.00533856 0.00534366 0.00537077
 0.00538955 0.00532697 0.005243   0.00515627 0.00505699 0.00496377
 0.00497437 0.00493651 0.00492047 0.00483413 0.0048441  0.00480921
 0.00480851 0.00477507 0.0047309  0.00462808 0.00456854 0.00451158
 0.00443958 0.00442084 0.00441561 0.00444651 0.00445092 0.00437788
 0.00434279 0.00430117 0.00424626 0.00419137 0.00417212 0.00418721
 0.0042193  0.00416377 0.00413977 0.00410886 0.0040888  0.00406923
 0.0040654  0.00406461 0.00408618 0.00410831 0.0041911  0.00417576
 0.00409802 0.00394858 0.00385978 0.00385111 0.00388501 0.00386524
 0.00389798 0.0040003  0.00403239 0.00389062 0.00379043 0.00374968
 0.0037275  0.00367236 0.00361068 0.00357564 0.00356744 0.00349577
 0.00345487 0.0035138  0.00355004 0.00346685 0.0033136  0.00324188
 0.00321019 0.00326424 0.00324669 0.00328489 0.00329164 0.00329325
 0.00332194 0.00328099 0.00328846 0.00323904 0.00332565 0.00350369
 0.00352297 0.00334601 0.00328069 0.00334261 0.00333311 0.00325842
 0.00322486 0.00332342 0.00329753 0.00319003 0.00302316 0.00298446
 0.00292    0.00283087 0.0028701  0.0030017  0.00309501 0.00299912
 0.00295981 0.00302844 0.00302953 0.00318238 0.00360446 0.00372142
 0.00365847 0.00380345 0.00395608 0.00279639 0.00482915 0.00437214
 0.00539224 0.0042297  0.00422442 0.00448697 0.00433974 0.00420408
 0.0044253  0.00446241 0.00430051 0.00423463 0.00413814 0.00403564
 0.00399471 0.00396294 0.00394673 0.00399762 0.00397303 0.00399676
 0.00396279 0.00397181 0.00398522 0.00404006 0.00402068 0.00409596
 0.00404412 0.0040051  0.00407018 0.00397978 0.00389418 0.00378526
 0.00381133 0.00386145 0.00397956 0.00403031 0.00396378 0.0036955
 0.00363001 0.00368242 0.00363261 0.00369922 0.00369303 0.00371473
 0.00372188 0.00361928 0.00361237 0.00368221 0.00371834 0.00365933
 0.00367638 0.00372578 0.00386746 0.00374311 0.00375098 0.00375251
 0.00372994 0.00366459 0.00367036 0.00371304 0.00376473 0.00365594
 0.00370012 0.00369449 0.00371488 0.00365173 0.00371419 0.00380567
 0.00395868 0.00383486 0.00390411 0.00401174 0.00405102 0.00384896
 0.00383845 0.00390791 0.00396082 0.00382829 0.00377978 0.00377475
 0.0038632  0.00383501 0.00384568 0.00391045 0.0039961  0.00386698
 0.00382526 0.00382704 0.0038327  0.00390239 0.00385592 0.0039478
 0.00390353 0.00376757 0.00380277 0.00377631 0.00384466 0.00382472
 0.003923   0.00404219 0.00409784 0.00395177 0.00404784 0.00415807
 0.00415527 0.00406765 0.0040121  0.0041078  0.00408622 0.00406555
 0.00404182 0.00412937 0.00412568 0.00405146 0.00409151 0.00420523
 0.00427239 0.00416316 0.00411166 0.00414847 0.00405698 0.00408253
 0.0042608  0.00412983 0.00389672 0.00420807 0.00467472 0.00388656
 0.00626102 0.00585842 0.0069557  0.00512016 0.00507646 0.00598918
 0.00561404 0.00528348 0.00564695 0.00585447 0.00575429 0.00570164
 0.00560453 0.00544627 0.00545163 0.00546828 0.00550435 0.00564976
 0.00563006 0.00568026 0.00564451 0.00565834 0.00569495 0.00580505
 0.00581682 0.00594291 0.00591165 0.00586544 0.00596908 0.00585857
 0.00577055 0.00563426 0.00570898 0.00579516 0.00595665 0.00601732
 0.0059593  0.00562205 0.00551867 0.00564006 0.00556768 0.00569421
 0.00569217 0.00573451 0.00577444 0.00568399 0.00570796 0.00583425
 0.00591796 0.00587863 0.00592805 0.00599895 0.00615772 0.00600725
 0.00603237 0.00605916 0.00604525 0.00595328 0.00594537 0.00597155
 0.00601974 0.00593426 0.00598594 0.00599625 0.00605516 0.00604295
 0.00614163 0.00624202 0.00638924 0.00627905 0.00635131 0.00643891
 0.00647736 0.00631418 0.00632778 0.00639411 0.00643414 0.00631228
 0.00627419 0.00627142 0.00635419 0.00634063 0.00636827 0.0064171
 0.00649173 0.00639135 0.00636515 0.00637368 0.00638755 0.00645163
 0.00642311 0.00649346 0.00647232 0.00638621 0.00642628 0.00641519
 0.00647203 0.00646345 0.00654075 0.00662105 0.00665681 0.00655303
 0.00663623 0.00673115 0.00674255 0.00668691 0.00665776 0.00673646
 0.00673367 0.00673012 0.00672155 0.00678805 0.00679075 0.00675135
 0.00678209 0.0068621  0.00690951 0.00685633 0.00683639 0.00687129
 0.00682796 0.00686124 0.00698155 0.00691891 0.00679068 0.00698453
 0.00727581 0.0068296  0.01014092 0.00975287 0.01046195 0.00946146
 0.0093523  0.00979527 0.00959983 0.00947555 0.00969588 0.00982918
 0.00981178 0.00977409 0.00971288 0.00965385 0.00971898 0.00978387
 0.00982157 0.00988229 0.00986818 0.00986831 0.00986186 0.00990124
 0.00994362 0.01001129 0.01000896 0.01003896 0.01000323 0.00996526
 0.01004122 0.01001797 0.00999207 0.0099288  0.0099589  0.00998896
 0.01006249 0.01007035 0.01006314 0.00995333 0.00994939 0.01000699
 0.00999911 0.01005934 0.01008069 0.01009215 0.01012474 0.01011741
 0.01015283 0.01020191 0.01024001 0.01022544 0.01027475 0.01030095
 0.0103731  0.01031139 0.01033723 0.01035347 0.01036424 0.01033921
 0.01035568 0.01035786 0.01038336 0.01035885 0.01039246 0.01040809
 0.01045098 0.01046472 0.01053175 0.01056836 0.01062244 0.01057309
 0.01060205 0.01062212 0.01063449 0.01057994 0.01061252 0.01066101
 0.0107068  0.01069565 0.01071401 0.01072373 0.01074641 0.01073974
 0.01076492 0.01079598 0.01083127 0.01081227 0.01082006 0.01083879
 0.01086193 0.01088295 0.01090644 0.01096313 0.01098388 0.01098009
 0.01098316 0.01099973 0.01101652 0.01102663 0.01104431 0.01107079
 0.01109265 0.01109282 0.0111226  0.01116798 0.01118732 0.01119888
 0.01121143 0.01124456 0.01125294 0.01127313 0.01128249 0.01129561
 0.01130303 0.01132667 0.01135927 0.01139863 0.01142017 0.01144651
 0.01147591 0.01150825 0.01153801 0.0115587  0.01157881 0.01158799
 0.01162054 0.01163582 0.01166704 0.01164946]","[0.02263028 0.02239937 0.02187334 0.02166567 0.02156457 0.02134495
 0.02121877 0.02111585 0.02098037 0.02084983 0.02071092 0.0205191
 0.02035131 0.02023791 0.02013992 0.02006394 0.01998643 0.01989288
 0.01984898 0.01978553 0.01971744 0.0196352  0.01955764 0.0194515
 0.01934662 0.01919732 0.01908927 0.01898633 0.01890459 0.01885573
 0.01878935 0.01873513 0.01865887 0.01857991 0.0184947  0.01838297
 0.01828856 0.01821728 0.01815832 0.01808924 0.01807334 0.01801328
 0.01796346 0.01786853 0.01778443 0.01773657 0.01769394 0.01764121
 0.01755792 0.01746617 0.01740412 0.01734725 0.01727592 0.01722244
 0.0171465  0.01707598 0.01702719 0.0169719  0.01691531 0.01686314
 0.01683577 0.01680923 0.01675511 0.01672462 0.01666705 0.0165893
 0.01653533 0.01650539 0.01647811 0.01646763 0.01640484 0.01634158
 0.01628533 0.01625562 0.01619767 0.01614324 0.01611088 0.01610687
 0.01606781 0.01602968 0.01596759 0.01593149 0.01588932 0.01581873
 0.01574636 0.01572404 0.01569145 0.01566879 0.0156438  0.01559032
 0.01557692 0.01553917 0.01549698 0.01544929 0.0153707  0.0153475
 0.01530738 0.01524828 0.01519022 0.01512393 0.01507066 0.01503861
 0.01495734 0.0148792  0.01482829 0.01480244 0.01478527 0.01473938
 0.01470844 0.01468421 0.01465399 0.01458211 0.01453137 0.01450838
 0.01448434 0.01444268 0.01439724 0.01434226 0.01428565 0.01422062
 0.0141777  0.01411993 0.01406221 0.01402891 0.01400519 0.0139206
 0.01395375 0.01385441 0.0154493  0.01558198 0.01544278 0.01533688
 0.01531498 0.01518752 0.01509788 0.01501403 0.01492734 0.01484845
 0.01476652 0.01468248 0.01460308 0.01452474 0.01444511 0.01436736
 0.0142928  0.01422715 0.01415825 0.01408537 0.01401526 0.01394582
 0.013888   0.01382375 0.0137475  0.01367542 0.01359615 0.01352585
 0.01346582 0.01340116 0.01333581 0.01326372 0.01319814 0.01313646
 0.01307557 0.01300695 0.01293461 0.01287387 0.01282216 0.01275817
 0.01271205 0.01264619 0.01258928 0.01253377 0.01247007 0.01239534
 0.01232973 0.01227408 0.0122103  0.01215022 0.01209267 0.01203551
 0.01197667 0.01192085 0.01186663 0.01181089 0.01175459 0.01170251
 0.01164085 0.01158427 0.0115268  0.01147266 0.01142586 0.01137355
 0.01130563 0.01122805 0.01115615 0.01108989 0.0110402  0.01098858
 0.01095046 0.01092338 0.01088257 0.01080668 0.01073602 0.01067044
 0.01060456 0.01052857 0.01045561 0.01039508 0.01034302 0.01029069
 0.01024778 0.01020425 0.01015495 0.01008522 0.01001449 0.00995798
 0.00990566 0.00985753 0.00981096 0.00977197 0.00973301 0.00968854
 0.00964925 0.00960612 0.00957128 0.00952326 0.00949934 0.00949187
 0.00946099 0.00938862 0.00935298 0.00934481 0.00931498 0.00926238
 0.00922418 0.00921624 0.00917772 0.00912245 0.00906691 0.00904482
 0.00901636 0.00897411 0.00895466 0.00895302 0.00893575 0.00887187
 0.00881661 0.00879237 0.00875895 0.00878128 0.00888998 0.00891101
 0.00888079 0.00891802 0.00896457 0.00860431 0.00960491 0.00947487
 0.00990503 0.00946102 0.00948515 0.00951703 0.00943329 0.00939694
 0.00947903 0.00949897 0.00944003 0.00942364 0.00941073 0.00940065
 0.00939747 0.00939984 0.00939678 0.0094099  0.00940267 0.00939802
 0.00938193 0.00937483 0.00939618 0.00943301 0.00942746 0.00943969
 0.00943201 0.00943381 0.0094784  0.00945151 0.00941904 0.00939213
 0.00940804 0.00944593 0.00951061 0.00951816 0.00949482 0.00941741
 0.00943171 0.00947623 0.00948473 0.0094985  0.00950553 0.00950785
 0.00950824 0.00947477 0.00947175 0.00950393 0.00952469 0.00952091
 0.00955918 0.00959084 0.00966162 0.00964243 0.00967174 0.00968051
 0.00967575 0.00965239 0.00966796 0.00969115 0.00972515 0.00970421
 0.00973681 0.00976621 0.00979134 0.00977743 0.00981116 0.00984428
 0.00991907 0.0099092  0.00996692 0.01002579 0.01006391 0.0100172
 0.01003989 0.01007411 0.01010376 0.01006575 0.01005613 0.01006603
 0.01010538 0.01011357 0.0101491  0.01018442 0.01021792 0.01017516
 0.01015941 0.0101671  0.0101791  0.01019932 0.01020567 0.01025636
 0.0102687  0.0102427  0.01025894 0.01027194 0.01031362 0.01032602
 0.01037663 0.01041694 0.01044861 0.01041583 0.01046384 0.01051829
 0.01052767 0.01050067 0.01049406 0.01054135 0.01055114 0.01056259
 0.01057271 0.01060896 0.01061898 0.01061246 0.01063842 0.01069083
 0.01071632 0.0106971  0.01069057 0.01071741 0.01070702 0.01073498
 0.01080716 0.01078039 0.01072438 0.01083843 0.01098373 0.01070949
 0.01194954 0.01181778 0.01224722 0.01144492 0.01146122 0.01182114
 0.01164255 0.01154861 0.01172556 0.01186134 0.01183465 0.01179317
 0.01175419 0.011706   0.01173458 0.01179445 0.01184067 0.01190491
 0.01191102 0.01191814 0.0119003  0.01189479 0.0119157  0.01200352
 0.01203098 0.01207996 0.01206596 0.01204772 0.01212014 0.01208304
 0.01203279 0.01197545 0.01200617 0.01206652 0.01216965 0.01219618
 0.01218313 0.01205663 0.0120317  0.01208525 0.01209101 0.01215031
 0.01217407 0.01218574 0.01221583 0.01220537 0.01224104 0.01230593
 0.012339   0.01231573 0.01237183 0.01242275 0.01250611 0.01244741
 0.01247293 0.01249388 0.01249486 0.01244322 0.01243751 0.01244479
 0.01247414 0.01244127 0.01245545 0.01246341 0.01249369 0.01249064
 0.01256062 0.01261457 0.01267831 0.01262475 0.01265327 0.01267803
 0.0126933  0.01262825 0.01265052 0.01269184 0.0127188  0.01267379
 0.01265816 0.0126538  0.01267977 0.01267706 0.01270449 0.01272374
 0.01274174 0.01268997 0.01268348 0.01270208 0.01272537 0.01274248
 0.01275637 0.0128125  0.01282267 0.0127864  0.01277935 0.0127862
 0.01280947 0.0128056  0.01282957 0.01285411 0.01287666 0.01284534
 0.01288473 0.01293549 0.01294919 0.01293506 0.0129303  0.0129651
 0.01295873 0.01295972 0.01294962 0.01295863 0.01294831 0.01294395
 0.01296691 0.0130058  0.01301471 0.01300532 0.01300233 0.01302218
 0.01301452 0.01302554 0.01305931 0.01302965 0.01298327 0.0130556
 0.01313413 0.01295035 0.01495183 0.01486101 0.01505363 0.01446989
 0.01445102 0.01466079 0.01456512 0.01453691 0.01465679 0.0147737
 0.01478462 0.01475759 0.01473732 0.01471791 0.01476056 0.01482054
 0.01483737 0.01484494 0.01484848 0.01485711 0.01487018 0.01489765
 0.01492366 0.01497213 0.01497075 0.01496435 0.01492712 0.01490298
 0.01495493 0.01495735 0.01493733 0.01491374 0.01491227 0.01492251
 0.01495113 0.01494424 0.01493999 0.01489865 0.01490311 0.01491869
 0.01495362 0.01498274 0.01500565 0.01499647 0.01501628 0.01503546
 0.01507278 0.01509936 0.01510092 0.01507831 0.01512117 0.01515242
 0.01519424 0.0151674  0.01518459 0.01520165 0.01522422 0.01522002
 0.01523331 0.01524217 0.01525909 0.01524877 0.01524513 0.01524641
 0.01526275 0.01527286 0.0153177  0.01533536 0.01535034 0.01532082
 0.0153314  0.01533774 0.01533942 0.01531892 0.01533732 0.015379
 0.01541945 0.01544803 0.01547105 0.01548686 0.0154872  0.0154872
 0.01549986 0.01550567 0.01550162 0.01549839 0.01551188 0.01553541
 0.0155563  0.01555314 0.01559133 0.01564816 0.01566468 0.01565901
 0.01562146 0.01564576 0.01565482 0.01567549 0.0156756  0.01568609
 0.01570897 0.01574059 0.01574577 0.01575947 0.01577398 0.01580133
 0.01582453 0.01583378 0.01583544 0.01585028 0.01585915 0.01584837
 0.01585907 0.01590021 0.01593525 0.0159539  0.01595474 0.01598289
 0.01600887 0.01602916 0.01606482 0.01606728 0.01604604 0.01607333
 0.01613342 0.01610406 0.01604429 0.01614488]","(array([[8.71021181e-01, 8.54735926e-01, 8.38450671e-01, ...,
        9.46993075e-01, 9.46982564e-01, 9.46972053e-01],
       [1.21438880e-01, 1.18350686e-01, 1.15262492e-01, ...,
        3.24012042e-01, 3.24232006e-01, 3.24451969e-01],
       [7.21200405e-02, 7.15470255e-02, 7.09740105e-02, ...,
        3.13142373e-05, 3.09079492e-05, 3.05016612e-05],
       [1.79825127e-01, 1.75994772e-01, 1.72164417e-01, ...,
        0.00000000e+00, 0.00000000e+00, 0.00000000e+00],
       [3.61491474e-01, 3.56227994e-01, 3.50964513e-01, ...,
        3.30032248e-04, 3.27418718e-04, 3.24805187e-04]]), array([[8.71021181e-01, 8.54735926e-01, 8.38450671e-01, ...,
        9.46075560e-01, 9.44266976e-01, 9.47767155e-01],
       [1.21438880e-01, 1.18350686e-01, 1.15262492e-01, ...,
        3.24825683e-01, 3.24227823e-01, 3.25591672e-01],
       [7.21200405e-02, 7.15470255e-02, 7.09740105e-02, ...,
        3.50963327e-04, 3.41078362e-04, 3.51113116e-04],
       [1.79825127e-01, 1.75994772e-01, 1.72164417e-01, ...,
        3.31310012e-09, 1.31413993e-09, 5.95066555e-09],
       [3.61491474e-01, 3.56227994e-01, 3.50964513e-01, ...,
        3.66255264e-04, 3.73470150e-04, 3.79792387e-04]]))","(array([[7.95765717e-01, 7.81656733e-01, 7.67547749e-01, ...,
        9.54825816e-01, 9.54814625e-01, 9.54803435e-01],
       [6.67734706e-01, 6.47276239e-01, 6.26817772e-01, ...,
        3.66887679e-01, 3.67059575e-01, 3.67231472e-01],
       [7.49173759e-01, 7.33294569e-01, 7.17415380e-01, ...,
        2.57062095e-04, 2.53954664e-04, 2.50847233e-04],
       [1.94577505e-01, 1.90549855e-01, 1.86522204e-01, ...,
        1.60121444e-10, 1.52159863e-10, 1.44198281e-10],
       [5.82066309e-01, 5.67975980e-01, 5.53885651e-01, ...,
        5.10169974e-05, 5.06118902e-05, 5.02067831e-05]]), array([[7.95765717e-01, 7.81656733e-01, 7.67547749e-01, ...,
        9.50528006e-01, 9.48712562e-01, 9.52208304e-01],
       [6.67734706e-01, 6.47276239e-01, 6.26817772e-01, ...,
        3.50582973e-01, 3.49949487e-01, 3.51376380e-01],
       [7.49173759e-01, 7.33294569e-01, 7.17415380e-01, ...,
        6.84685287e-04, 6.76381154e-04, 7.00615283e-04],
       [1.94577505e-01, 1.90549855e-01, 1.86522204e-01, ...,
        5.15796815e-09, 2.68436337e-09, 8.97060986e-09],
       [5.82066309e-01, 5.67975980e-01, 5.53885651e-01, ...,
        3.58534156e-04, 3.65301241e-04, 3.71658711e-04]]))"
3,future_outlook,zz294_VAE_saved_sims_bgLV_I7_bgLV_B15_T5_fixed,5,future_outlook_1000_raw_latent_2025-02-03T21:54.npz,1000,raw,latent,"(1000, 5, 768)","(2000, 5, 768)","[0.99988751 0.99988805 0.99997148 0.99998425 0.99995691 0.99998156
 0.99998294 0.99998229 0.99998565 0.99998686 0.99998944 0.99999358
 0.99999437 0.99999414 0.99999279 0.99999132 0.99999007 0.99999004
 0.99998998 0.99998667 0.99998486 0.99998378 0.99998553 0.9999882
 0.9999893  0.99999048 0.9999888  0.99998426 0.99997646 0.99997431
 0.99997502 0.99998057 0.99997933 0.99997719 0.99997329 0.9999725
 0.99997582 0.99998357 0.99998951 0.99999242 0.99999516 0.99999585
 0.99999525 0.99999596 0.99999597 0.99999595 0.99999589 0.99999596
 0.9999964  0.99999633 0.99999594 0.99999597 0.9999968  0.99999699
 0.99999723 0.9999967  0.99999649 0.99999605 0.9999962  0.99999593
 0.99999668 0.99999582 0.99999737 0.99999765 0.99999756 0.99999766
 0.99999736 0.99999732 0.99999618 0.99999552 0.99999701 0.99999768
 0.99999704 0.99999598 0.99999667 0.99999731 0.99999789 0.99999534
 0.99999446 0.99999395 0.99999387 0.99999071 0.99998911 0.99998991
 0.99999142 0.99999185 0.99999257 0.99999205 0.99999041 0.9999932
 0.99999418 0.99999564 0.99999592 0.99999455 0.99999495 0.99999568
 0.99999649 0.99999661 0.9999965  0.99999521 0.99999437 0.99999219
 0.9999947  0.99999677 0.99999532 0.99999191 0.99998783 0.99998957
 0.99998947 0.99998575 0.99998634 0.99999361 0.9999964  0.99999337
 0.99998916 0.99998729 0.99998548 0.99998792 0.99999061 0.99999401
 0.99999427 0.99999482 0.99999054 0.99999242 0.99999241 0.99999288
 0.99996778 0.9999861  0.9999266  0.99986724 0.99995408 0.9999269
 0.99991356 0.99995164 0.9999526  0.99994693 0.99995721 0.9999568
 0.99995748 0.99995816 0.99995777 0.99995753 0.9999627  0.99996264
 0.99996204 0.99996484 0.99996566 0.99996699 0.99996897 0.9999703
 0.99997119 0.99997208 0.99997269 0.99997368 0.99997251 0.99997006
 0.99997237 0.99997312 0.99997392 0.99997191 0.9999723  0.99997112
 0.99997118 0.99997028 0.99996985 0.99996323 0.99995984 0.99996749
 0.99996376 0.99997432 0.99997631 0.99997817 0.99997878 0.9999777
 0.99997741 0.99997784 0.99997759 0.99997458 0.99997246 0.99997218
 0.99997599 0.99997623 0.9999776  0.99997692 0.9999744  0.99997349
 0.99997466 0.99997534 0.99997526 0.99997381 0.99997496 0.99997566
 0.99997711 0.99997804 0.99997917 0.99998016 0.99998059 0.99997894
 0.99997877 0.99997703 0.99997552 0.99997625 0.99997844 0.99998043
 0.99998109 0.99998019 0.99998028 0.99998017 0.99998058 0.99998039
 0.99997978 0.99998008 0.99998093 0.99998132 0.99998314 0.99998371
 0.99998343 0.99998367 0.99998296 0.99998259 0.99998179 0.99998047
 0.99998123 0.99998126 0.99998103 0.99998104 0.99997973 0.99997599
 0.99997527 0.99997845 0.99998024 0.99997829 0.99997729 0.99997756
 0.99997682 0.99997396 0.99997418 0.99997632 0.9999792  0.99997858
 0.99997748 0.99997614 0.99997149 0.99996604 0.99996328 0.99996728
 0.9999721  0.99997507 0.99997946 0.9999775  0.9999657  0.9999616
 0.99996175 0.99995723 0.99995045 0.9999845  0.99993528 0.9999493
 0.99990735 0.99995096 0.99994607 0.99995101 0.99995474 0.9999566
 0.9999514  0.99994799 0.99995204 0.99995372 0.99995532 0.99995585
 0.99995537 0.99995433 0.99995403 0.99995499 0.999955   0.9999546
 0.99995489 0.99995427 0.99995386 0.99995184 0.99995195 0.99994905
 0.99995083 0.99995209 0.99994969 0.99995177 0.99995356 0.99995528
 0.99995456 0.99995349 0.99995026 0.99994823 0.99994975 0.99995531
 0.99995449 0.99995536 0.99995484 0.99995493 0.9999547  0.99995409
 0.9999532  0.99995439 0.99995383 0.9999521  0.99995106 0.99995255
 0.99995152 0.99994939 0.99994443 0.99994872 0.99994836 0.99994778
 0.99994779 0.99994968 0.99994966 0.99994825 0.99994638 0.99994963
 0.99994883 0.99994944 0.99994862 0.99994984 0.99994709 0.99994325
 0.99993768 0.99994319 0.99994124 0.99993743 0.99993602 0.99994375
 0.99994399 0.99994076 0.99993814 0.99994226 0.99994345 0.99994348
 0.99994048 0.99994157 0.99994142 0.99993931 0.99993605 0.99994073
 0.99994158 0.99994096 0.99994032 0.99993745 0.99993879 0.99993452
 0.9999362  0.99994129 0.9999407  0.99994131 0.99993912 0.99993994
 0.99993701 0.99993218 0.99992971 0.99993541 0.99993177 0.99992706
 0.99992693 0.99993013 0.99993234 0.99992859 0.99993005 0.99993134
 0.99993298 0.99992989 0.99993023 0.99993283 0.99993071 0.99992574
 0.99992273 0.9999274  0.99992924 0.99992757 0.99993127 0.99993074
 0.99992375 0.99992947 0.99993777 0.99992649 0.99990417 0.99993724
 0.99980849 0.99983856 0.9997445  0.99990554 0.99990896 0.99983396
 0.99986289 0.99989088 0.99986507 0.99984849 0.99985696 0.99986055
 0.99986948 0.99988401 0.99988599 0.99988734 0.99988613 0.99987515
 0.99987651 0.99986973 0.99987084 0.99986736 0.99986514 0.99985825
 0.99985767 0.99984478 0.99984802 0.99985209 0.99984521 0.99985434
 0.99986014 0.99987065 0.99986509 0.99986074 0.99985081 0.99984421
 0.99984916 0.99987764 0.99988776 0.99988003 0.9998867  0.99987601
 0.99987717 0.99987285 0.99986919 0.99987633 0.99987417 0.99986439
 0.99985769 0.99986176 0.99986052 0.99985502 0.99984221 0.99985665
 0.99985619 0.99985403 0.99985465 0.99986102 0.99986184 0.99985874
 0.99985544 0.99986356 0.99986056 0.99986191 0.99985793 0.99985831
 0.99985122 0.99984214 0.99982945 0.99984105 0.99983599 0.99982766
 0.9998251  0.99984158 0.99984248 0.99983626 0.99983254 0.99984289
 0.99984551 0.99984491 0.99983682 0.99983866 0.99983889 0.99983487
 0.99982717 0.99983527 0.99983673 0.9998361  0.9998356  0.99982831
 0.99983273 0.99982717 0.99983172 0.99984124 0.9998371  0.99983916
 0.99983435 0.99983544 0.99982851 0.99981916 0.99981575 0.99982637
 0.99981949 0.99981172 0.99981157 0.99981734 0.99982113 0.99981452
 0.99981599 0.99981791 0.99981959 0.99981216 0.99981156 0.99981683
 0.99981432 0.99980661 0.99980069 0.99980806 0.99981068 0.99980768
 0.99981352 0.99981107 0.99979837 0.9998052  0.99981936 0.99979908
 0.99976315 0.99980845 0.99966297 0.99972115 0.9995899  0.99976656
 0.99977986 0.99969263 0.9997256  0.99975845 0.99972749 0.99971261
 0.99972191 0.99972581 0.99973722 0.99975177 0.99974987 0.99975035
 0.99974805 0.99973524 0.99973929 0.99973507 0.99973691 0.99973187
 0.9997281  0.99972246 0.99972385 0.99971196 0.99971543 0.99972049
 0.99971286 0.9997227  0.99972806 0.99974107 0.99973426 0.99973004
 0.99971906 0.99971353 0.9997171  0.99974438 0.999752   0.99974214
 0.99975109 0.99973995 0.99974077 0.99973571 0.99973128 0.99973873
 0.99973711 0.99972842 0.99972001 0.99972278 0.99972188 0.99971972
 0.99970774 0.9997217  0.99972047 0.99971977 0.99972173 0.99972804
 0.99972776 0.99972664 0.99972377 0.99973088 0.99972414 0.99972354
 0.99971824 0.99971889 0.99971244 0.99970554 0.999694   0.99970532
 0.99970075 0.99969475 0.99969326 0.99970935 0.99970913 0.99970445
 0.99970115 0.99971177 0.99971366 0.99971437 0.99970792 0.99971112
 0.99971099 0.99970581 0.99969673 0.99970337 0.99970512 0.99970549
 0.99970548 0.99969862 0.99970285 0.99969882 0.99970145 0.99970664
 0.99969988 0.99970194 0.99969927 0.99970144 0.99969624 0.99968931
 0.99968822 0.99969821 0.99969241 0.99968466 0.99968487 0.99969047
 0.99969438 0.99968841 0.99968901 0.99968962 0.99969059 0.99968404
 0.99968441 0.99968929 0.99968837 0.99968251 0.99967765 0.9996826
 0.99968403 0.99968173 0.99968587 0.99968348 0.99967308 0.99967979
 0.99968945 0.99967639 0.99964743 0.99968555]","[0.99120144 0.99118681 0.99182299 0.9919542  0.9920233  0.99228725
 0.99246206 0.99260929 0.99281361 0.99296865 0.99314523 0.9933372
 0.99349941 0.9936196  0.99376924 0.99388086 0.99397909 0.99408763
 0.99416042 0.99423534 0.99433398 0.99445635 0.99457523 0.99467831
 0.99476306 0.994869   0.99496271 0.99504935 0.99514498 0.99520941
 0.99528622 0.99533731 0.99541318 0.99547439 0.99554845 0.99562291
 0.99570978 0.99577936 0.9958573  0.99594748 0.99599055 0.99607359
 0.99613588 0.99621046 0.9962839  0.99632834 0.99637903 0.99643602
 0.99650988 0.99657543 0.99663266 0.99667592 0.996742   0.9967908
 0.9968526  0.99689968 0.99693909 0.99698335 0.99703768 0.99707985
 0.99711623 0.99714396 0.99720157 0.99724295 0.99729376 0.9973384
 0.99738484 0.9974182  0.99745711 0.99747683 0.99751616 0.9975486
 0.99757754 0.99759609 0.99763786 0.99767546 0.997707   0.99771603
 0.99774443 0.99777009 0.99780419 0.9978225  0.99784972 0.99788856
 0.99793262 0.99795026 0.99797317 0.99799135 0.99800803 0.99804256
 0.99806001 0.99808749 0.99811066 0.99812711 0.99816437 0.99818133
 0.99820367 0.99822612 0.99825235 0.99827797 0.99829489 0.99829898
 0.99833005 0.99836315 0.99837912 0.9983848  0.99839076 0.99841297
 0.99842573 0.99843318 0.99844763 0.99848275 0.99850632 0.99851726
 0.9985284  0.99854559 0.99856157 0.99857134 0.99858238 0.99859471
 0.99860016 0.99861111 0.9986259  0.99862559 0.99862187 0.99864492
 0.99866754 0.99867874 0.99804073 0.9979326  0.99813746 0.99806818
 0.99806094 0.99815799 0.99818073 0.99818584 0.99823136 0.99824682
 0.99826768 0.99829236 0.99831013 0.9983248  0.99835191 0.99836477
 0.99838044 0.99840664 0.99842431 0.99844758 0.99847142 0.99849675
 0.99851784 0.99853236 0.99854698 0.99856563 0.99857533 0.99858255
 0.99860043 0.99861375 0.99863092 0.99863823 0.99865625 0.99866698
 0.99868109 0.99869565 0.99870821 0.99870511 0.99870838 0.99873055
 0.99873022 0.99875993 0.99877384 0.99879218 0.998806   0.99881175
 0.99882109 0.99883269 0.99884402 0.99884957 0.99885414 0.99886404
 0.99888204 0.99888986 0.99890103 0.99890899 0.99891472 0.9989242
 0.99893797 0.99895007 0.99896091 0.99896943 0.99898684 0.99899763
 0.99900869 0.99901715 0.99902688 0.99903982 0.99905223 0.99905701
 0.99906665 0.99907713 0.99908501 0.99908886 0.99909779 0.99910958
 0.99912014 0.999126   0.99913491 0.99914313 0.99915352 0.99915895
 0.9991632  0.9991742  0.99918725 0.99919495 0.99920299 0.99920943
 0.99921453 0.99922559 0.999228   0.99923365 0.99923649 0.99923991
 0.99925087 0.99925474 0.99926056 0.99926507 0.99927163 0.99927872
 0.99928371 0.99928813 0.9992948  0.99929846 0.99930065 0.99930401
 0.99930608 0.99930956 0.99931407 0.99931991 0.99932622 0.99933285
 0.99933708 0.99933912 0.99934116 0.99934334 0.99934871 0.99935375
 0.99936097 0.99936631 0.99936889 0.99936727 0.99936032 0.99935485
 0.99935167 0.99935378 0.99936165 0.9993862  0.9993659  0.99935459
 0.99934918 0.99935651 0.99934259 0.99937099 0.99937848 0.99937166
 0.99937157 0.99936532 0.9993661  0.99936964 0.99936753 0.99936242
 0.99935866 0.99935135 0.99935011 0.99935651 0.99935735 0.99936371
 0.9993671  0.99937206 0.99937017 0.99936314 0.99936202 0.99936619
 0.9993674  0.99936714 0.99936122 0.99936096 0.99936457 0.99936413
 0.99936487 0.9993611  0.99935456 0.99935688 0.99935779 0.9993563
 0.99934846 0.99934777 0.99934036 0.9993443  0.99934158 0.99934422
 0.99934401 0.99934237 0.99934096 0.999339   0.99933899 0.99933931
 0.99933098 0.99932629 0.99931922 0.99931808 0.99931302 0.99931176
 0.99931233 0.99931722 0.99931751 0.99931737 0.99931425 0.99931494
 0.99931451 0.99931117 0.99930912 0.99931051 0.99930603 0.99930427
 0.99929829 0.99929807 0.99929207 0.99928794 0.9992837  0.99928484
 0.99927976 0.99927523 0.9992711  0.99927196 0.99927198 0.99927076
 0.99926886 0.99926711 0.99926093 0.99925879 0.99925864 0.99926327
 0.99926468 0.99926236 0.99925929 0.99925979 0.99925471 0.99924651
 0.99924199 0.99924315 0.99924591 0.99924216 0.99923833 0.99923629
 0.9992329  0.99923145 0.99922735 0.99922742 0.99922317 0.99921754
 0.99921595 0.9992177  0.9992172  0.9992131  0.99921263 0.99921095
 0.99921042 0.99921043 0.99921097 0.99920938 0.99920603 0.99920073
 0.99920042 0.99919911 0.99919809 0.99919408 0.99919194 0.99918848
 0.99918376 0.99918476 0.99918579 0.99917751 0.99917169 0.9991933
 0.99913131 0.99912815 0.99909625 0.99922163 0.99921375 0.99916458
 0.9991918  0.99920244 0.99917704 0.99914936 0.9991505  0.99915817
 0.99916399 0.99917219 0.99916941 0.99915884 0.99915398 0.99914883
 0.99914741 0.99914535 0.99914657 0.99914727 0.99914547 0.99913244
 0.99913038 0.99912739 0.99913529 0.99914153 0.99913164 0.99913692
 0.99914631 0.99915475 0.99915411 0.99914892 0.99913786 0.99913676
 0.99914035 0.99916019 0.99916569 0.99916099 0.99915656 0.99914809
 0.9991443  0.99914478 0.99914033 0.99914008 0.99913313 0.99912378
 0.99912196 0.99912987 0.99912146 0.99911225 0.99909916 0.99910971
 0.99910691 0.99910348 0.99910223 0.99911066 0.99911258 0.99911092
 0.99910688 0.99911353 0.99911563 0.9991172  0.99911445 0.99911566
 0.99910527 0.99909825 0.99909136 0.99910329 0.99910106 0.9990982
 0.99909792 0.99911015 0.99910887 0.99910169 0.99909727 0.99910278
 0.99910569 0.99910656 0.99910511 0.99910765 0.99910636 0.99910524
 0.99910486 0.99911299 0.99911343 0.99910977 0.99910629 0.99910544
 0.99910226 0.99909074 0.99909058 0.99909941 0.99910589 0.99910436
 0.99910178 0.99910242 0.99910074 0.99909695 0.9990928  0.99909661
 0.99909235 0.99908634 0.99908519 0.99908694 0.99908775 0.99908384
 0.99908688 0.99908816 0.99909117 0.99909189 0.99909428 0.99909449
 0.99909038 0.99908521 0.99908542 0.99908823 0.99908951 0.99908725
 0.99908908 0.99908975 0.99908747 0.99909247 0.99909964 0.99909
 0.99908112 0.99910592 0.99897428 0.99896992 0.99893493 0.99907444
 0.99906708 0.99901012 0.99903679 0.99905451 0.99903326 0.99900886
 0.99901142 0.99901621 0.9990216  0.99903143 0.99903212 0.99902696
 0.99902551 0.99902122 0.9990199  0.99901338 0.99901062 0.99900645
 0.99900311 0.99899463 0.9989943  0.99899015 0.99899711 0.99900155
 0.99899402 0.99899872 0.99900544 0.99901141 0.99901118 0.9990091
 0.99900369 0.99900182 0.99900571 0.99902308 0.99902853 0.99902623
 0.9990215  0.99901497 0.99901342 0.99901449 0.99901181 0.99901208
 0.99900739 0.99900156 0.9990018  0.99900862 0.99900415 0.99899646
 0.99898623 0.99899414 0.9989929  0.99899026 0.99898782 0.99899094
 0.9989906  0.99898639 0.99898281 0.99898682 0.99898939 0.99899121
 0.9989905  0.9989912  0.99898534 0.99898014 0.99897474 0.99898215
 0.99897951 0.99897501 0.99897437 0.99898232 0.99898228 0.99897502
 0.99896958 0.99896839 0.99896761 0.99896532 0.99896393 0.99896443
 0.99896478 0.99896519 0.99896646 0.99896979 0.99896868 0.99896516
 0.99896289 0.99896227 0.99895873 0.99894989 0.99895074 0.99895643
 0.99896281 0.99896011 0.99895764 0.99895504 0.99895399 0.9989506
 0.99894658 0.99894522 0.99894398 0.99894213 0.998941   0.99893917
 0.99893698 0.99893527 0.99893634 0.99893625 0.99893595 0.99893672
 0.99893521 0.99893131 0.99892612 0.99892292 0.9989227  0.9989227
 0.99892153 0.99891928 0.99891703 0.99891765 0.99891882 0.99891701
 0.99891223 0.99891312 0.99891349 0.99891242]","[0.00277608 0.00278092 0.00140944 0.00105193 0.00174707 0.00114771
 0.00110858 0.00113425 0.00102525 0.00098526 0.00088694 0.00069437
 0.00065304 0.00066847 0.00074386 0.00081857 0.00087823 0.00088242
 0.00088782 0.00102731 0.00109832 0.00114065 0.00108082 0.00097905
 0.00093531 0.00088487 0.00096302 0.00114524 0.001405   0.00147168
 0.00145476 0.00128627 0.00133016 0.00140092 0.00151998 0.00154612
 0.00145375 0.00120125 0.00096247 0.0008203  0.00065719 0.00061016
 0.00065441 0.00060482 0.00060581 0.00060886 0.00061419 0.00061061
 0.00057781 0.00058432 0.00061638 0.00061502 0.00054927 0.00053372
 0.00051373 0.00056162 0.00058066 0.00061718 0.00060655 0.0006297
 0.00056944 0.00063982 0.0005089  0.00048197 0.00049202 0.00048213
 0.00051304 0.00051812 0.00061903 0.00067191 0.00054976 0.00048479
 0.00054895 0.00064064 0.00058415 0.00052611 0.00046677 0.00069385
 0.00075772 0.0007926  0.00079919 0.00098508 0.00106832 0.00102976
 0.00095077 0.0009282  0.00088738 0.00091877 0.00101095 0.00085244
 0.00078955 0.00068469 0.000663   0.00076693 0.0007392  0.00068424
 0.00061742 0.00060747 0.00061885 0.00072423 0.00078645 0.00092717
 0.00076508 0.00059795 0.00072022 0.00094832 0.00116436 0.00107907
 0.00108518 0.00126352 0.00123827 0.00084801 0.00063691 0.0008653
 0.00110729 0.00120048 0.00128425 0.00117262 0.00103485 0.00082707
 0.00080978 0.00077078 0.00104243 0.00093404 0.00093535 0.00090692
 0.00193012 0.0012689  0.00291821 0.00392775 0.00231189 0.00291925
 0.00317703 0.00237832 0.00235647 0.00249557 0.0022427  0.00225513
 0.00223928 0.00222286 0.00223488 0.00224287 0.00210343 0.0021066
 0.00212516 0.00204667 0.00202424 0.00198632 0.00192725 0.00188671
 0.0018596  0.00183214 0.00181336 0.0017816  0.00182186 0.00190251
 0.00182873 0.0018048  0.00177876 0.00184719 0.00183521 0.00187501
 0.00187444 0.0019044  0.0019195  0.00212093 0.00221802 0.00199672
 0.00210947 0.00177687 0.00170757 0.00164004 0.00161763 0.00165926
 0.00167078 0.00165577 0.00166587 0.00177532 0.00184874 0.00185922
 0.0017281  0.00172029 0.00167075 0.00169702 0.00178802 0.00182074
 0.00178086 0.00175759 0.00176141 0.00181294 0.00177381 0.00174956
 0.00169758 0.00166337 0.00162077 0.0015828  0.00156599 0.00163204
 0.00163944 0.00170634 0.00176235 0.00173649 0.0016552  0.00157737
 0.00155141 0.00158829 0.00158563 0.00159044 0.00157476 0.00158311
 0.00160819 0.00159668 0.00156281 0.00154738 0.00147059 0.00144617
 0.00145905 0.00144921 0.00148081 0.00149713 0.00153192 0.00158703
 0.0015562  0.00155553 0.00156556 0.00156571 0.00161943 0.00176299
 0.00178991 0.00167135 0.0016009  0.00167877 0.00171755 0.00170804
 0.00173642 0.00184113 0.00183362 0.00175656 0.00164676 0.00167168
 0.00171476 0.00176555 0.00193053 0.0021077  0.00219234 0.00207009
 0.00191217 0.00180812 0.00164143 0.00171866 0.00212248 0.00224621
 0.00224241 0.00237183 0.00255346 0.00142832 0.00291974 0.00258485
 0.00349527 0.00254343 0.00266806 0.0025434  0.00244544 0.00239527
 0.00253528 0.0026233  0.00251966 0.00247563 0.00243299 0.00241903
 0.00243256 0.00246148 0.00247001 0.00244452 0.002445   0.00245617
 0.00244895 0.0024662  0.00247792 0.00253191 0.00252947 0.00260515
 0.00255978 0.00252704 0.00259011 0.00253634 0.0024893  0.00244329
 0.0024632  0.00249244 0.00257792 0.00263061 0.00259213 0.00244503
 0.00246782 0.00244429 0.00245896 0.00245686 0.0024634  0.00248022
 0.00250436 0.00247276 0.00248813 0.00253489 0.0025625  0.00252355
 0.00255102 0.00260704 0.00273214 0.00262498 0.0026345  0.0026495
 0.00264964 0.00260139 0.00260234 0.00263877 0.00268629 0.00260403
 0.00262481 0.00260958 0.0026308  0.00259979 0.00267033 0.00276581
 0.0028989  0.00276809 0.00281533 0.00290547 0.00293828 0.00275536
 0.00274955 0.00282806 0.00289018 0.00279252 0.00276387 0.00276327
 0.00283592 0.00280996 0.00281392 0.00286447 0.00294051 0.0028311
 0.00281085 0.0028261  0.00284158 0.00290917 0.00287799 0.00297694
 0.00293868 0.00281909 0.00283337 0.00281917 0.00287134 0.00285215
 0.00292119 0.00303131 0.00308603 0.00295861 0.00304093 0.00314432
 0.00314727 0.00307768 0.00302867 0.00311171 0.00307992 0.00305147
 0.00301495 0.00308395 0.00307656 0.00301891 0.0030662  0.00317463
 0.00323836 0.00313908 0.00309924 0.00313563 0.00305469 0.00306636
 0.00321759 0.00309455 0.00290705 0.00315954 0.00360764 0.0029196
 0.00510031 0.00468298 0.00589149 0.00358229 0.00351701 0.00474983
 0.00431636 0.00385078 0.00428205 0.00453768 0.0044091  0.00435347
 0.0042119  0.00397069 0.00393663 0.00391338 0.00393443 0.00411989
 0.00409752 0.00420865 0.0041907  0.00424683 0.00428238 0.00439037
 0.00439939 0.00459446 0.00454633 0.00448504 0.00458824 0.004451
 0.00436152 0.0041946  0.00428377 0.00435245 0.00450508 0.00460367
 0.00453002 0.0040801  0.00390764 0.00404002 0.00392624 0.00410722
 0.00408802 0.00415933 0.00421874 0.00410215 0.00413786 0.00429566
 0.00440049 0.00433728 0.00435664 0.00444176 0.00463389 0.0044168
 0.00442392 0.00445703 0.00444749 0.00434897 0.00433623 0.0043846
 0.00443553 0.00430914 0.00435635 0.00433528 0.00439733 0.00439144
 0.00450003 0.00463543 0.00481803 0.00465136 0.00472475 0.00484329
 0.0048791  0.0046436  0.00463035 0.004721   0.00477435 0.0046245
 0.00458576 0.00459461 0.00471306 0.00468631 0.00468308 0.00474112
 0.00485043 0.00473543 0.00471434 0.00472335 0.00473055 0.00483432
 0.00477173 0.00485046 0.00478615 0.00464884 0.00470897 0.00467919
 0.00474858 0.004733   0.00483162 0.00496162 0.00500819 0.0048616
 0.0049571  0.00506261 0.00506461 0.00498644 0.00493439 0.00502472
 0.0050048  0.00497865 0.00495565 0.0050566  0.00506479 0.00499344
 0.00502747 0.00513079 0.00520869 0.00511152 0.00507651 0.00511648
 0.00503817 0.00507118 0.00523892 0.00514944 0.00495867 0.00522961
 0.00567802 0.00510627 0.00677322 0.00616094 0.00747144 0.00563691
 0.00547393 0.00646819 0.00611142 0.00573394 0.00609034 0.00625435
 0.00615228 0.00610905 0.00598054 0.00581257 0.00583473 0.00582919
 0.00585592 0.00600294 0.0059569  0.00600483 0.00598396 0.00604095
 0.00608326 0.00614594 0.00613051 0.00626107 0.00622321 0.00616766
 0.00625127 0.00614319 0.00608346 0.00593614 0.00601373 0.00606132
 0.00618331 0.00624379 0.00620467 0.005898   0.00580932 0.00592366
 0.00581989 0.00594864 0.00593925 0.0059969  0.00604695 0.00596253
 0.00598095 0.00607899 0.00617236 0.00614175 0.00615163 0.00617547
 0.00630603 0.00615348 0.00616709 0.00617467 0.00615309 0.00608284
 0.00608598 0.00609842 0.00613028 0.00605089 0.00612614 0.00613276
 0.0061912  0.00618409 0.00625456 0.00632907 0.0064518  0.00633135
 0.00638016 0.00644382 0.00645947 0.00628764 0.00629006 0.00634035
 0.00637566 0.00626123 0.00624072 0.00623287 0.00630283 0.00626811
 0.00626945 0.00632535 0.00642212 0.00635137 0.00633257 0.00632857
 0.00632855 0.00640181 0.00635667 0.00639956 0.00637142 0.00631574
 0.00638806 0.00636607 0.00639446 0.00637127 0.00642643 0.00649918
 0.00651053 0.00640531 0.00646654 0.00654734 0.00654518 0.00648665
 0.00644545 0.006508   0.00650166 0.00649528 0.00648503 0.00655323
 0.00654937 0.00649836 0.00650791 0.00656875 0.00661874 0.00656761
 0.00655271 0.00657639 0.00653343 0.00655814 0.00666493 0.00659605
 0.00649575 0.00663088 0.00692114 0.00653619]","[0.0246318  0.02475385 0.02394198 0.02384702 0.02384233 0.02354122
 0.0233689  0.02323498 0.02300603 0.02285034 0.0226546  0.02242717
 0.02224374 0.02210612 0.02191375 0.02178461 0.02167677 0.02154785
 0.02148195 0.02141067 0.0212933  0.02112821 0.02096605 0.0208311
 0.02072945 0.02058313 0.02045834 0.0203453  0.02021111 0.02012729
 0.02001577 0.0199574  0.01984447 0.01976157 0.01964889 0.01953327
 0.01938754 0.01927848 0.01914814 0.01898669 0.01893352 0.01878403
 0.01868182 0.0185477  0.01841382 0.01834333 0.01825605 0.01815138
 0.01800162 0.0178708  0.01775967 0.0176839  0.01754564 0.01745195
 0.01732105 0.01722879 0.01715659 0.01706957 0.01695238 0.01686833
 0.01679086 0.01673778 0.01659576 0.0165001  0.01637469 0.01626624
 0.01615071 0.01607423 0.01597939 0.01594402 0.01584582 0.01576845
 0.01570145 0.01566752 0.01555693 0.01545861 0.01537439 0.0153651
 0.01529021 0.01522384 0.01512774 0.01508521 0.01501126 0.01489553
 0.01475962 0.01471679 0.01465448 0.01460876 0.01456809 0.01446124
 0.01441657 0.01433394 0.01426409 0.01421909 0.014094   0.01404576
 0.01397621 0.01390549 0.01381914 0.01373417 0.01368325 0.01368353
 0.01357455 0.01345581 0.0134064  0.01339929 0.01339098 0.0133109
 0.01326995 0.01325113 0.01320251 0.01306477 0.01297533 0.01294009
 0.01290378 0.01284051 0.01278206 0.01275084 0.01271372 0.01267052
 0.01265815 0.01262073 0.01256547 0.01257707 0.01260427 0.01250854
 0.0124138  0.01237157 0.01507756 0.01550066 0.01472464 0.01500823
 0.01504861 0.01467919 0.01460026 0.0145917  0.01441933 0.01436794
 0.01429397 0.01420233 0.01413872 0.01408765 0.01398359 0.01393932
 0.0138827  0.01378025 0.0137139  0.01362245 0.01352757 0.0134251
 0.01334063 0.01328513 0.01322875 0.01315351 0.0131168  0.01309142
 0.01301641 0.01296216 0.01288941 0.01286272 0.01278507 0.01274168
 0.01268178 0.01261925 0.01256596 0.01258873 0.0125805  0.01247969
 0.01248897 0.01234955 0.01228649 0.01220066 0.01213702 0.01211408
 0.0120727  0.0120195  0.01196729 0.01194487 0.01192739 0.01188203
 0.01179377 0.01175867 0.01170558 0.01166929 0.01164481 0.01160006
 0.01153112 0.0114708  0.011417   0.01137563 0.01128461 0.01122986
 0.01117318 0.01113085 0.01108102 0.01101254 0.01094654 0.01092426
 0.01087366 0.01081773 0.0107768  0.01075833 0.01070973 0.01064372
 0.01058463 0.01055348 0.01050369 0.01045787 0.01039838 0.0103691
 0.01034701 0.01028292 0.01020539 0.01016104 0.01011422 0.01007734
 0.01004883 0.00998124 0.0099691  0.0099359  0.00992088 0.00990201
 0.00983375 0.00981165 0.00977665 0.00975012 0.00970991 0.00966586
 0.00963572 0.00960927 0.00956746 0.00954589 0.00953428 0.00951437
 0.00950312 0.00948222 0.00945416 0.00941679 0.0093759  0.00933261
 0.00930587 0.00929446 0.00928306 0.00927061 0.00923553 0.00920268
 0.00915405 0.00911861 0.00910226 0.00911617 0.00916835 0.00920972
 0.0092347  0.00922198 0.00916786 0.0089921  0.00914191 0.00922537
 0.00926624 0.00921621 0.00931771 0.00911651 0.0090644  0.0091163
 0.00911892 0.00916616 0.00916255 0.00913888 0.0091562  0.00919513
 0.00922422 0.00927874 0.00928966 0.00924585 0.00924188 0.00919808
 0.00917554 0.00914158 0.00915743 0.00920986 0.00921954 0.00919089
 0.00918362 0.00918704 0.00923148 0.0092349  0.00921033 0.00921512
 0.0092113  0.00924022 0.00928897 0.00927379 0.00926885 0.00928119
 0.00933912 0.00934538 0.00939955 0.00937264 0.00939336 0.00937573
 0.00937855 0.00939151 0.00940282 0.00941809 0.00941942 0.00941847
 0.00947895 0.00951339 0.00956454 0.00957389 0.00961064 0.00962051
 0.00961759 0.00958443 0.00958345 0.00958549 0.00960849 0.00960471
 0.00960887 0.0096333  0.00964874 0.00964016 0.00967253 0.00968591
 0.00972859 0.00973122 0.00977353 0.00980278 0.00983265 0.00982567
 0.00986128 0.00989305 0.00992198 0.00991694 0.00991762 0.00992671
 0.00994044 0.00995317 0.00999591 0.01001123 0.01001302 0.00998262
 0.00997363 0.0099899  0.01001127 0.01000848 0.01004335 0.01009904
 0.01012989 0.01012281 0.01010492 0.01013063 0.01015685 0.01017106
 0.01019423 0.01020455 0.01023237 0.01023255 0.01026108 0.0102987
 0.0103096  0.01029856 0.01030231 0.01032977 0.01033331 0.01034481
 0.0103488  0.0103492  0.01034616 0.01035709 0.01037952 0.01041463
 0.01041719 0.01042601 0.01043295 0.01045928 0.01047347 0.0104962
 0.01052697 0.01052087 0.01051451 0.01056815 0.01060584 0.01046687
 0.01086198 0.01088207 0.0110797  0.01028285 0.01033508 0.01065353
 0.01047874 0.01040974 0.01057439 0.01075092 0.01074397 0.01069558
 0.01065874 0.01060659 0.01062457 0.01069221 0.01072329 0.0107561
 0.01076532 0.01077858 0.01077114 0.01076682 0.01077833 0.01086032
 0.01087332 0.0108921  0.01084283 0.01080377 0.01086597 0.01083308
 0.01077411 0.0107209  0.01072512 0.01075815 0.01082799 0.01083508
 0.01081259 0.01068712 0.01065211 0.01068216 0.01071038 0.0107641
 0.01078807 0.0107851  0.01081325 0.01081489 0.01085857 0.01091712
 0.01092851 0.01087932 0.01093185 0.01098913 0.01106984 0.01100484
 0.01102215 0.01104331 0.01105104 0.01099906 0.0109872  0.01099752
 0.01102252 0.01098141 0.01096848 0.01095879 0.01097586 0.01096845
 0.01103275 0.01107599 0.01111822 0.01104496 0.0110587  0.01107621
 0.01107798 0.01100262 0.01101048 0.01105478 0.01108193 0.01104807
 0.01103019 0.01102482 0.01103379 0.01101818 0.01102618 0.01103302
 0.01103532 0.01098508 0.01098234 0.01100494 0.0110264  0.01103161
 0.01105119 0.01112189 0.01112281 0.01106868 0.0110288  0.01103823
 0.0110541  0.01105022 0.01106057 0.01108378 0.01110915 0.01108576
 0.01111184 0.01114849 0.01115545 0.01114479 0.01113978 0.01116361
 0.01114506 0.01113723 0.0111188  0.01111437 0.01109974 0.01109845
 0.01112357 0.01115507 0.01115376 0.01113655 0.01112866 0.01114244
 0.0111312  0.01112702 0.01114093 0.01111032 0.01106633 0.01112538
 0.01117946 0.01102755 0.01181149 0.01183656 0.01203584 0.01121986
 0.01126428 0.01160301 0.01144557 0.01133971 0.01146641 0.01161017
 0.01159511 0.01156691 0.01153517 0.01147704 0.01147288 0.01150341
 0.01151192 0.01153724 0.0115449  0.01158317 0.01159929 0.0116236
 0.01164306 0.01169243 0.01169424 0.01171831 0.01167777 0.01165185
 0.01169565 0.01166824 0.01162897 0.01159396 0.01159527 0.01160744
 0.01163896 0.01164981 0.01162697 0.01152486 0.01149259 0.01150614
 0.01153396 0.01157228 0.01158135 0.01157497 0.01159064 0.01158898
 0.01161639 0.01165042 0.01164896 0.011609   0.01163502 0.01167976
 0.01173903 0.01169306 0.01170014 0.01171543 0.01172949 0.01171128
 0.01171319 0.01173747 0.01175813 0.01173482 0.0117199  0.01170924
 0.01171331 0.01170913 0.011743   0.01177291 0.0118039  0.01176111
 0.01177621 0.01180203 0.01180563 0.01175967 0.01175978 0.01180161
 0.01183276 0.01183947 0.01184388 0.01185695 0.0118648  0.01186177
 0.01185966 0.01185712 0.01184972 0.01183051 0.01183675 0.01185676
 0.01186964 0.01187306 0.01189316 0.01194343 0.01193846 0.01190593
 0.01186938 0.01188468 0.01189862 0.01191334 0.01191917 0.01193828
 0.01196097 0.01196856 0.01197543 0.01198577 0.01199207 0.01200225
 0.01201452 0.01202402 0.01201783 0.01201824 0.0120198  0.01201527
 0.01202366 0.01204545 0.01207448 0.01209229 0.01209337 0.01209316
 0.01209955 0.01211204 0.01212447 0.01212083 0.0121141  0.01212405
 0.01215062 0.0121455  0.01214324 0.01214909]","(array([[8.71021181e-01, 8.54735926e-01, 8.38450671e-01, ...,
        9.46993075e-01, 9.46982564e-01, 9.46972053e-01],
       [1.21438880e-01, 1.18350686e-01, 1.15262492e-01, ...,
        3.24012042e-01, 3.24232006e-01, 3.24451969e-01],
       [7.21200405e-02, 7.15470255e-02, 7.09740105e-02, ...,
        3.13142373e-05, 3.09079492e-05, 3.05016612e-05],
       [1.79825127e-01, 1.75994772e-01, 1.72164417e-01, ...,
        0.00000000e+00, 0.00000000e+00, 0.00000000e+00],
       [3.61491474e-01, 3.56227994e-01, 3.50964513e-01, ...,
        3.30032248e-04, 3.27418718e-04, 3.24805187e-04]]), array([[8.71021181e-01, 8.54735926e-01, 8.38450671e-01, ...,
        9.41913184e-01, 9.40127007e-01, 9.43541989e-01],
       [1.21438880e-01, 1.18350686e-01, 1.15262492e-01, ...,
        3.09782714e-01, 3.09206115e-01, 3.10502630e-01],
       [7.21200405e-02, 7.15470255e-02, 7.09740105e-02, ...,
        6.64969060e-05, 6.44426797e-05, 6.61797436e-05],
       [1.79825127e-01, 1.75994772e-01, 1.72164417e-01, ...,
        4.52213148e-10, 2.21270561e-10, 8.36225542e-10],
       [3.61491474e-01, 3.56227994e-01, 3.50964513e-01, ...,
        4.91781047e-04, 5.02027141e-04, 5.09889650e-04]]))","(array([[7.95765717e-01, 7.81656733e-01, 7.67547749e-01, ...,
        9.54825816e-01, 9.54814625e-01, 9.54803435e-01],
       [6.67734706e-01, 6.47276239e-01, 6.26817772e-01, ...,
        3.66887679e-01, 3.67059575e-01, 3.67231472e-01],
       [7.49173759e-01, 7.33294569e-01, 7.17415380e-01, ...,
        2.57062095e-04, 2.53954664e-04, 2.50847233e-04],
       [1.94577505e-01, 1.90549855e-01, 1.86522204e-01, ...,
        1.60121444e-10, 1.52159863e-10, 1.44198281e-10],
       [5.82066309e-01, 5.67975980e-01, 5.53885651e-01, ...,
        5.10169974e-05, 5.06118902e-05, 5.02067831e-05]]), array([[7.95765717e-01, 7.81656733e-01, 7.67547749e-01, ...,
        9.50086078e-01, 9.48278758e-01, 9.51801929e-01],
       [6.67734706e-01, 6.47276239e-01, 6.26817772e-01, ...,
        3.55897109e-01, 3.55240201e-01, 3.56698160e-01],
       [7.49173759e-01, 7.33294569e-01, 7.17415380e-01, ...,
        2.40500215e-04, 2.37877227e-04, 2.46678393e-04],
       [1.94577505e-01, 1.90549855e-01, 1.86522204e-01, ...,
        1.72891862e-10, 7.53971619e-11, 3.29673040e-10],
       [5.82066309e-01, 5.67975980e-01, 5.53885651e-01, ...,
        1.80271224e-04, 1.83908543e-04, 1.86854840e-04]]))"
4,future_outlook,zz294_VAE_saved_sims_bgLV_I7_bgLV_B15_T5_fixed,5,future_outlook_4000_latent_latent_2025-02-03T21:54.npz,4000,latent,latent,"(4000, 5, 768)","(2000, 5, 768)","[0.99988848 0.99988726 0.99997196 0.99998395 0.99995634 0.99998123
 0.99998251 0.99998166 0.99998515 0.99998658 0.99998933 0.99999355
 0.99999432 0.99999424 0.99999281 0.99999117 0.99998976 0.99998978
 0.99998974 0.99998654 0.99998483 0.99998379 0.99998541 0.99998799
 0.99998896 0.99998997 0.99998814 0.99998348 0.99997566 0.99997371
 0.99997457 0.99998022 0.99997924 0.99997741 0.99997379 0.99997309
 0.99997642 0.99998413 0.99999    0.99999286 0.99999541 0.99999595
 0.99999525 0.99999585 0.99999576 0.9999958  0.99999583 0.99999588
 0.99999629 0.99999625 0.99999594 0.99999599 0.99999681 0.99999691
 0.99999717 0.99999669 0.99999655 0.99999614 0.99999633 0.99999605
 0.99999677 0.99999591 0.99999747 0.99999779 0.99999772 0.99999782
 0.99999748 0.99999739 0.99999629 0.99999563 0.99999709 0.99999772
 0.99999703 0.99999593 0.99999662 0.99999724 0.99999782 0.99999523
 0.99999433 0.99999386 0.99999377 0.99999062 0.999989   0.99998976
 0.99999127 0.99999171 0.99999248 0.99999195 0.99999028 0.99999307
 0.99999412 0.99999562 0.99999593 0.99999449 0.99999489 0.99999566
 0.99999646 0.99999662 0.9999965  0.99999516 0.99999431 0.99999207
 0.9999946  0.99999672 0.99999533 0.99999192 0.99998779 0.99998942
 0.99998925 0.99998559 0.99998636 0.99999369 0.99999643 0.99999322
 0.99998892 0.9999871  0.99998544 0.99998792 0.99999072 0.99999425
 0.9999946  0.99999507 0.99999074 0.99999276 0.99999278 0.99999294
 0.9999679  0.99998584 0.99957052 0.99962806 0.99957568 0.99964726
 0.99966005 0.99964973 0.99965674 0.99966836 0.99965785 0.99966442
 0.99966575 0.9996707  0.99967923 0.99969131 0.999693   0.99970131
 0.99970699 0.99970852 0.99971309 0.99971486 0.99971318 0.99970953
 0.9997074  0.99971493 0.99972414 0.99973389 0.99974465 0.99975516
 0.99975347 0.99975763 0.99975945 0.99976883 0.99976754 0.9997712
 0.99977096 0.99977443 0.99977865 0.99979039 0.99979722 0.99980137
 0.99980915 0.9998091  0.99980922 0.99980604 0.999805   0.99981117
 0.99981409 0.9998182  0.99982337 0.99982883 0.99983037 0.99982852
 0.99982458 0.99982941 0.99983117 0.99983371 0.9998355  0.99983736
 0.9998375  0.99983758 0.99983565 0.99983389 0.99982695 0.99982847
 0.99983513 0.99984764 0.99985477 0.9998554  0.99985295 0.99985481
 0.99985269 0.99984536 0.99984331 0.99985423 0.99986155 0.9998642
 0.99986542 0.99986862 0.99987265 0.99987497 0.99987571 0.99988123
 0.99988461 0.99988038 0.99987775 0.99988308 0.99989378 0.99989884
 0.99990102 0.99989768 0.99989891 0.9998966  0.99989632 0.99989657
 0.99989552 0.9998988  0.99989882 0.9999018  0.99989639 0.99988533
 0.99988419 0.99989523 0.99989991 0.99989723 0.99989865 0.99990389
 0.99990674 0.99990188 0.99990375 0.99991001 0.9999196  0.99992279
 0.99992717 0.99993215 0.99993078 0.99992407 0.99991848 0.99992203
 0.99992213 0.99991689 0.99991532 0.99990745 0.99988459 0.99987846
 0.99988311 0.99987435 0.99986501 0.99993014 0.99981253 0.99985058
 0.99976871 0.999865   0.99986708 0.9998437  0.99985481 0.99986511
 0.99984803 0.99984497 0.99985693 0.99986202 0.99986941 0.99987727
 0.99988041 0.99988279 0.99988384 0.99987987 0.99988179 0.9998801
 0.99988262 0.99988195 0.99988166 0.99987824 0.9998796  0.99987424
 0.99987811 0.99988112 0.99987691 0.9998831  0.99988888 0.9998964
 0.99989466 0.9998915  0.99988384 0.99988031 0.99988479 0.99990315
 0.99990855 0.99990496 0.99990855 0.99990347 0.99990393 0.99990249
 0.99990202 0.99990864 0.99990914 0.99990496 0.99990291 0.99990702
 0.99990636 0.99990324 0.99989436 0.99990267 0.99990254 0.99990241
 0.99990376 0.99990789 0.99990778 0.9999052  0.99990209 0.99990908
 0.99990658 0.99990747 0.99990639 0.99991036 0.99990639 0.99990037
 0.9998908  0.99989932 0.99989545 0.99988879 0.99988655 0.9999001
 0.99990113 0.99989665 0.9998933  0.99990194 0.99990522 0.99990586
 0.9999005  0.99990271 0.99990259 0.99989867 0.99989313 0.99990146
 0.99990404 0.99990399 0.99990375 0.99989917 0.99990246 0.99989675
 0.9999     0.99990896 0.99990681 0.99990877 0.99990477 0.99990647
 0.99990062 0.99989291 0.99988946 0.99989936 0.99989327 0.99988611
 0.99988644 0.99989237 0.99989631 0.99989018 0.99989195 0.99989367
 0.99989567 0.99988993 0.9998903  0.99989535 0.99989268 0.99988513
 0.99988056 0.99988832 0.99989197 0.99988976 0.99989638 0.99989509
 0.99988321 0.99989257 0.99990873 0.99988786 0.99985411 0.99990886
 0.9997239  0.99976586 0.99965151 0.99983433 0.99983996 0.99975413
 0.99978911 0.99982041 0.99978775 0.9997693  0.99977972 0.99978508
 0.99979525 0.99981098 0.99981162 0.99981153 0.99980895 0.99979551
 0.99979773 0.99979278 0.99979624 0.9997945  0.99979168 0.99978225
 0.99978156 0.99976903 0.9997724  0.99977733 0.99976827 0.99977935
 0.99978765 0.99980099 0.99979423 0.99978702 0.99977262 0.9997665
 0.99977252 0.99980586 0.99981705 0.99980629 0.99981443 0.99980227
 0.99980326 0.99979914 0.99979554 0.99980492 0.99980318 0.99979161
 0.99978374 0.99978799 0.99978449 0.99977816 0.99976301 0.999779
 0.9997775  0.99977542 0.99977718 0.99978626 0.99978746 0.99978505
 0.99978089 0.99979014 0.99978546 0.99978558 0.9997804  0.99978211
 0.99977287 0.99976271 0.99974786 0.99976025 0.99975367 0.99974488
 0.99974147 0.99975955 0.99975915 0.99975258 0.99974877 0.99976206
 0.99976634 0.99976699 0.9997584  0.99976049 0.99975882 0.99975392
 0.99974575 0.99975654 0.99975951 0.99975924 0.99975852 0.99975151
 0.99975586 0.99974937 0.99975292 0.999763   0.99975845 0.99976073
 0.9997552  0.99975697 0.999749   0.9997399  0.99973645 0.99974881
 0.99974023 0.9997304  0.99972983 0.99973678 0.99974096 0.99973273
 0.99973381 0.99973521 0.999737   0.99972936 0.9997294  0.99973508
 0.99973234 0.9997236  0.99971789 0.99972507 0.99972795 0.99972451
 0.99973064 0.99972726 0.99971303 0.99972123 0.99973788 0.99971457
 0.99967785 0.99973156 0.99941036 0.99946619 0.99935573 0.99951897
 0.99953377 0.99946238 0.99949313 0.99951557 0.99948288 0.99946325
 0.99946753 0.99947309 0.99948295 0.99949427 0.99948741 0.99948069
 0.99947659 0.99946705 0.9994698  0.99946845 0.99946959 0.99946414
 0.99945873 0.9994498  0.99945082 0.99944497 0.9994507  0.99945685
 0.99944632 0.99945156 0.99945616 0.9994667  0.99946221 0.99945857
 0.99944834 0.9994467  0.99944927 0.99947006 0.9994737  0.99946519
 0.99946854 0.99945888 0.99945707 0.99945495 0.99945046 0.99945376
 0.9994497  0.99944206 0.99943634 0.99943961 0.99943398 0.99943023
 0.99941875 0.99942991 0.99942693 0.99942506 0.99942446 0.99942951
 0.99942786 0.99942716 0.99942358 0.99942884 0.99942392 0.99942243
 0.99941647 0.99941539 0.99940601 0.9994002  0.99939129 0.9994006
 0.99939614 0.99939207 0.99939034 0.99940128 0.99939773 0.99939084
 0.99938465 0.99938878 0.9993874  0.9993866  0.99938258 0.99938463
 0.99938203 0.99937743 0.99937134 0.99937562 0.99937533 0.99937328
 0.99937072 0.99936699 0.99936535 0.99935719 0.99935575 0.99935831
 0.99935711 0.99935568 0.99935289 0.9993521  0.99934871 0.99934377
 0.9993408  0.99934335 0.99933848 0.99933127 0.9993292  0.99932932
 0.99932882 0.99932346 0.99932282 0.99932067 0.99931985 0.99931687
 0.99931596 0.9993141  0.99930964 0.99930337 0.99929977 0.99929793
 0.99929473 0.99929017 0.99928753 0.99928459 0.99927977 0.99928019
 0.9992785  0.9992733  0.99926275 0.99927407]","[0.99553597 0.99567076 0.99594798 0.99607483 0.99613824 0.99625381
 0.99632753 0.99638963 0.99646218 0.99653376 0.99660712 0.9967024
 0.99678547 0.99683927 0.99688594 0.9969226  0.99696104 0.99700961
 0.99704085 0.99707487 0.99710927 0.99715016 0.99719468 0.99724779
 0.99729802 0.99736241 0.99741167 0.99745467 0.99748821 0.9975097
 0.99753973 0.99756924 0.99759963 0.99762847 0.99765788 0.99769546
 0.99773077 0.99776341 0.99779215 0.99782201 0.99783771 0.99786329
 0.99788484 0.99791686 0.99794692 0.99796652 0.99798462 0.99800654
 0.99803492 0.99806193 0.99808061 0.99809632 0.99811742 0.99813408
 0.99815482 0.99817274 0.99818681 0.99820281 0.99822044 0.99823566
 0.99824369 0.9982497  0.99826253 0.99827053 0.99828463 0.99830252
 0.99831489 0.99832025 0.99832637 0.99832926 0.99834437 0.99835844
 0.99837135 0.99837953 0.99839462 0.99840713 0.99841331 0.99841103
 0.99841665 0.99842215 0.99843336 0.99843975 0.99844846 0.9984618
 0.99847504 0.99847758 0.99848398 0.9984872  0.99848988 0.99849895
 0.99850049 0.99850671 0.99851303 0.99851822 0.99852952 0.99853041
 0.99853489 0.99854642 0.99855597 0.99856592 0.99857314 0.99857556
 0.99858821 0.9986003  0.99860646 0.99860834 0.99860881 0.99861805
 0.99862365 0.9986254  0.99862932 0.99864354 0.99865223 0.99865483
 0.99865631 0.99866172 0.99866849 0.99867845 0.99868816 0.9986986
 0.99870463 0.99871281 0.9987193  0.99872534 0.99873004 0.99874344
 0.99873273 0.99875749 0.99826949 0.9982853  0.99827149 0.99833299
 0.99834625 0.99835869 0.99837983 0.99840323 0.9984129  0.99843159
 0.99844799 0.99846724 0.99848742 0.99851008 0.9985266  0.99854597
 0.99856272 0.99857565 0.99859065 0.99860477 0.99861702 0.99862866
 0.9986394  0.99865631 0.99867518 0.99869415 0.99871421 0.99873308
 0.99874335 0.99875759 0.9987706  0.99878807 0.99879886 0.99881158
 0.99882217 0.99883577 0.99885055 0.99886872 0.99888271 0.99889558
 0.9989089  0.99891941 0.99892926 0.99893694 0.99894727 0.9989627
 0.99897521 0.99898729 0.99900125 0.99901473 0.99902536 0.99903323
 0.99904051 0.99905281 0.99906324 0.99907388 0.99908394 0.99909345
 0.9991036  0.99911305 0.99912175 0.99913003 0.99913529 0.99914551
 0.99916037 0.99917921 0.9991947  0.99920538 0.99921253 0.9992216
 0.99922752 0.99922929 0.99923533 0.99925173 0.99926629 0.99927773
 0.99928825 0.99930013 0.99931258 0.99932268 0.99933108 0.99934206
 0.99935102 0.99935562 0.9993618  0.999374   0.99938987 0.99940107
 0.9994098  0.99941509 0.99942254 0.99942757 0.9994334  0.99943992
 0.99944586 0.99945436 0.99946003 0.99946799 0.99946905 0.99946584
 0.99947006 0.99948428 0.99949284 0.99949538 0.99950142 0.99951095
 0.99951797 0.99951864 0.99952472 0.99953439 0.99954615 0.99955252
 0.99955973 0.99956785 0.99957098 0.99956973 0.99956976 0.99957733
 0.99958218 0.99958189 0.99958344 0.99957847 0.99955987 0.99955579
 0.99956117 0.99955563 0.9995502  0.99961093 0.99948856 0.99952029
 0.99944739 0.99953121 0.99953198 0.99951852 0.99953221 0.99954142
 0.99952695 0.99952444 0.99953545 0.99953969 0.99954473 0.99955
 0.99955246 0.99955413 0.99955541 0.99955296 0.99955528 0.9995554
 0.99955864 0.9995597  0.99955872 0.99955466 0.99955606 0.99955273
 0.99955531 0.99955681 0.99955135 0.99955669 0.99956225 0.99956831
 0.9995663  0.99956187 0.99955315 0.99955113 0.99955551 0.99957131
 0.99957343 0.99956797 0.99956937 0.99956584 0.99956581 0.99956521
 0.99956534 0.99957161 0.99957251 0.99956831 0.99956603 0.99956866
 0.9995656  0.99956173 0.99955197 0.99955771 0.9995556  0.99955495
 0.99955616 0.99956029 0.99955918 0.99955616 0.99955202 0.99955729
 0.99955364 0.99955194 0.99954962 0.99955298 0.99954845 0.99954281
 0.99953211 0.999537   0.99953042 0.99952238 0.99951817 0.99952882
 0.99952769 0.99952285 0.9995189  0.99952636 0.99952903 0.9995288
 0.99952316 0.99952381 0.99952099 0.99951629 0.99951098 0.99951881
 0.99952165 0.99952116 0.99952017 0.9995163  0.9995175  0.99951067
 0.99951135 0.999518   0.99951571 0.99951573 0.99951046 0.99951051
 0.99950359 0.99949661 0.99949248 0.99950033 0.99949355 0.99948568
 0.99948524 0.99949064 0.9994933  0.9994864  0.99948656 0.99948659
 0.99948691 0.99948122 0.99948072 0.99948386 0.99948041 0.99947232
 0.99946808 0.99947366 0.99947618 0.99947291 0.99947723 0.99947428
 0.99946228 0.99946937 0.99948256 0.99946238 0.99943342 0.99948471
 0.9992654  0.99929976 0.99920325 0.99936897 0.99937084 0.99929412
 0.99932752 0.99935157 0.99931886 0.99929732 0.9993054  0.99931263
 0.99932204 0.99933483 0.99933274 0.99932712 0.99932143 0.99930873
 0.99930945 0.99930676 0.99931062 0.99931031 0.99930727 0.99929417
 0.99929104 0.99928001 0.99928325 0.99928781 0.99927667 0.999286
 0.99929522 0.99930775 0.99930159 0.9992923  0.99927523 0.99926956
 0.9992738  0.99930287 0.99931141 0.9993013  0.99930527 0.99929345
 0.9992918  0.99928867 0.99928395 0.99928973 0.9992854  0.99927343
 0.99926642 0.99927111 0.99926411 0.99925621 0.99924074 0.99925493
 0.99925196 0.99924902 0.99925003 0.99926005 0.99926165 0.99926018
 0.99925558 0.99926389 0.99926048 0.99926028 0.99925498 0.99925627
 0.99924468 0.99923419 0.99922067 0.99923282 0.99922737 0.99922112
 0.99921839 0.99923433 0.99923219 0.99922496 0.9992206  0.99923216
 0.99923619 0.9992374  0.99923078 0.99923248 0.9992293  0.99922514
 0.99921936 0.99923024 0.99923254 0.99923076 0.99922828 0.99922316
 0.99922438 0.99921586 0.99921707 0.99922632 0.99922496 0.9992259
 0.99922114 0.99922291 0.99921686 0.99920996 0.9992062  0.99921601
 0.99920796 0.99919808 0.99919668 0.99920197 0.99920504 0.99919766
 0.99919936 0.99920043 0.99920291 0.99919844 0.99919999 0.99920384
 0.99920048 0.99919235 0.99918872 0.99919367 0.99919573 0.99919225
 0.99919662 0.99919417 0.99918363 0.99919142 0.99920542 0.99918605
 0.99915907 0.99920618 0.99883553 0.99886974 0.99879735 0.99894624
 0.99895462 0.99889529 0.99892127 0.99893606 0.99890651 0.9988828
 0.99888331 0.99888859 0.99889537 0.99890366 0.99889636 0.99888698
 0.99888374 0.9988785  0.99887938 0.99887694 0.99887546 0.99886934
 0.99886365 0.99885409 0.99885518 0.99885336 0.99886099 0.99886705
 0.99885626 0.99885866 0.99886329 0.99887094 0.99886916 0.99886671
 0.99885913 0.9988592  0.99886137 0.99887711 0.99887908 0.99887322
 0.9988708  0.99886253 0.9988593  0.99885938 0.99885504 0.99885476
 0.99884871 0.99884189 0.99883923 0.99884382 0.99883642 0.99883066
 0.99882    0.99882874 0.99882547 0.99882256 0.99881955 0.99882238
 0.99882    0.99881815 0.99881433 0.99881836 0.99881666 0.99881604
 0.9988114  0.99880981 0.99880037 0.99879561 0.99878964 0.99879787
 0.99879434 0.9987911  0.99878998 0.99879797 0.99879447 0.99878622
 0.99877853 0.99877723 0.99877404 0.99877174 0.99876969 0.99877086
 0.99876844 0.99876558 0.99876306 0.99876559 0.99876389 0.99876011
 0.99875656 0.99875506 0.99874994 0.99873903 0.99873678 0.9987392
 0.99874324 0.99873956 0.99873684 0.99873384 0.99873194 0.99872796
 0.99872366 0.99872133 0.99871836 0.99871338 0.99871083 0.99870781
 0.99870489 0.99870111 0.99870066 0.99869796 0.99869642 0.998696
 0.998694   0.9986882  0.99868166 0.99867639 0.99867454 0.99867078
 0.99866635 0.99866178 0.99865652 0.99865491 0.99865488 0.9986519
 0.99864434 0.99864467 0.99864598 0.99864045]","[0.00276563 0.00279228 0.00139829 0.00106246 0.00175956 0.00115855
 0.00112301 0.00115488 0.00104365 0.00099638 0.00089195 0.0006965
 0.00065608 0.00066277 0.00074325 0.00082628 0.00089242 0.00089473
 0.00089895 0.00103307 0.00110019 0.00114113 0.00108605 0.00098865
 0.00095082 0.00090926 0.00099172 0.00117438 0.00142987 0.00148987
 0.00146914 0.00129881 0.00133434 0.00139541 0.00150674 0.00153083
 0.00143657 0.00118183 0.00094031 0.00079689 0.00064053 0.0006033
 0.00065522 0.00061338 0.00062162 0.00062047 0.00061963 0.00061691
 0.00058684 0.00059179 0.00061672 0.00061459 0.00054925 0.00054122
 0.0005194  0.00056289 0.00057615 0.0006107  0.00059675 0.00062065
 0.00056173 0.00063373 0.00049874 0.00046775 0.00047516 0.00046613
 0.00050167 0.00051153 0.00061049 0.00066358 0.00054296 0.00048139
 0.00054999 0.00064471 0.00058902 0.00053305 0.00047466 0.0007029
 0.00076722 0.00079929 0.00080614 0.00099067 0.00107438 0.00103794
 0.00095969 0.00093655 0.00089311 0.00092538 0.00101819 0.0008609
 0.00079414 0.00068641 0.00066277 0.00077157 0.00074412 0.0006868
 0.00062089 0.00060742 0.00061849 0.00072873 0.00079114 0.00093509
 0.00077245 0.00060271 0.00072046 0.00094812 0.00116708 0.00108778
 0.00109711 0.00127164 0.00123842 0.00084336 0.00063517 0.00087537
 0.00112055 0.00120999 0.00128671 0.00117344 0.00102949 0.00081092
 0.00078673 0.00075237 0.00103203 0.0009135  0.00091277 0.0009034
 0.00192793 0.00128141 0.00706355 0.00657865 0.00703237 0.00641705
 0.00630474 0.00640496 0.00634578 0.00624254 0.00634582 0.00628974
 0.00628246 0.00624035 0.00616353 0.00605079 0.00603867 0.00596085
 0.00590829 0.00589715 0.00585511 0.00584144 0.00586299 0.00590451
 0.00593057 0.00585811 0.00576707 0.00566845 0.00555607 0.00544369
 0.00546573 0.00542267 0.00540555 0.00530232 0.00532031 0.00528137
 0.00528733 0.00525034 0.00520413 0.00506736 0.00498709 0.00493878
 0.00484403 0.00484767 0.00484871 0.00489147 0.00490712 0.00483132
 0.0047963  0.00474555 0.00468007 0.00460955 0.00459113 0.00461849
 0.00467382 0.00461142 0.00458995 0.00455766 0.00453547 0.00451215
 0.00451247 0.0045135  0.00454237 0.00456894 0.00466563 0.00464729
 0.00455851 0.0043843  0.00428248 0.00427528 0.00431346 0.00428822
 0.0043215  0.00442993 0.00446134 0.00430473 0.00419701 0.0041582
 0.0041411  0.00409323 0.00403162 0.00399628 0.00398596 0.00389796
 0.00384373 0.00391507 0.00395951 0.00387373 0.00369373 0.00360599
 0.00356847 0.00362942 0.00360872 0.003651   0.00365716 0.00365394
 0.00367375 0.00361682 0.0036177  0.0035652  0.00366336 0.00385537
 0.0038757  0.00368762 0.00360563 0.00365489 0.0036308  0.00353673
 0.00348499 0.00357569 0.00354263 0.00342654 0.00323987 0.00317583
 0.00308537 0.00297896 0.00300987 0.00315327 0.00326833 0.0031974
 0.00319649 0.00330333 0.00333511 0.00348758 0.00389545 0.00399857
 0.0039223  0.00406753 0.004217   0.00303456 0.0049721  0.00444001
 0.00552548 0.00422241 0.00419084 0.00454571 0.00438222 0.00422495
 0.00448541 0.00453131 0.00435407 0.00427682 0.00416166 0.00403536
 0.00398421 0.00394515 0.0039284  0.0039958  0.00396459 0.00399372
 0.00395249 0.00396459 0.00397028 0.00402805 0.00400603 0.00409492
 0.00403213 0.00398269 0.00405333 0.00395065 0.00385244 0.00372046
 0.00375226 0.00380878 0.00394155 0.00400165 0.00392678 0.00360089
 0.00349968 0.00356817 0.00350064 0.00359699 0.00358892 0.00361622
 0.00362533 0.00350115 0.00349208 0.00357204 0.00361083 0.00353399
 0.00354711 0.00360618 0.00376846 0.00361767 0.00362059 0.00362345
 0.00359878 0.00352108 0.00352345 0.00357291 0.00363138 0.00349971
 0.00354795 0.00353143 0.00355239 0.00347666 0.00355322 0.00366609
 0.00383854 0.00368627 0.00375673 0.00387482 0.00391402 0.0036731
 0.0036544  0.00373653 0.003797   0.00364035 0.00357918 0.00356746
 0.00366776 0.00362711 0.00362977 0.00370237 0.00380257 0.00365162
 0.00360366 0.00360486 0.00360959 0.00369473 0.00363418 0.00373915
 0.00368003 0.00351162 0.00355302 0.00351573 0.00359216 0.00356021
 0.00366999 0.00380997 0.00387109 0.00369393 0.00380422 0.00392985
 0.00392443 0.00382069 0.00375032 0.00385972 0.00382879 0.00379837
 0.00376264 0.00386488 0.00385852 0.00376895 0.00381689 0.00394905
 0.00402696 0.0038941  0.00382999 0.00386909 0.00375137 0.00377468
 0.00398284 0.00381999 0.00352111 0.00390312 0.00445198 0.00351892
 0.00612493 0.00564053 0.00688157 0.00474492 0.00466373 0.00578077
 0.00535378 0.0049407  0.00537125 0.00559997 0.00547218 0.00540525
 0.00527598 0.00506934 0.00506085 0.00506214 0.00509679 0.00527312
 0.00524455 0.00530851 0.00526407 0.0052866  0.00532281 0.00544191
 0.00545058 0.00560481 0.00556383 0.00550335 0.00561432 0.00547852
 0.00537457 0.00520312 0.00529073 0.00538279 0.00556179 0.00563624
 0.0055632  0.00513939 0.00498909 0.00513371 0.00502469 0.0051868
 0.00517376 0.00522769 0.00527447 0.00515208 0.00517494 0.00532494
 0.00542459 0.00537113 0.00541535 0.00549436 0.00567885 0.00548395
 0.00550255 0.00552821 0.00550647 0.00539313 0.00537801 0.00540837
 0.00546052 0.00534395 0.00540333 0.00540174 0.00546672 0.00544534
 0.00555965 0.00568273 0.00585773 0.00571207 0.00578982 0.0058923
 0.00593144 0.00572032 0.00572509 0.00580257 0.00584711 0.00569033
 0.005639   0.00563118 0.00573405 0.00570917 0.00572901 0.00578692
 0.00588213 0.00575599 0.00572073 0.00572391 0.00573251 0.0058151
 0.0057639  0.00584005 0.00579854 0.00567898 0.00573318 0.00570607
 0.00577162 0.00575079 0.00584433 0.00594927 0.00598857 0.00584646
 0.00594534 0.00605679 0.00606314 0.0059847  0.00593697 0.00603052
 0.00601821 0.00600235 0.00598206 0.00606829 0.0060678  0.00600387
 0.00603479 0.0061325  0.00619541 0.00611603 0.00608386 0.00612218
 0.00605373 0.00609153 0.00624833 0.0061584  0.00597165 0.00623155
 0.00662016 0.0060431  0.00895637 0.00852174 0.00936197 0.00808937
 0.00796389 0.00855187 0.00830364 0.00811771 0.00838711 0.00854476
 0.00851056 0.00846601 0.00838633 0.00829404 0.00835006 0.00840451
 0.00843765 0.00851414 0.00849211 0.00850278 0.0084936  0.00853705
 0.00858004 0.00865046 0.00864232 0.00868823 0.00864322 0.00859463
 0.00867748 0.00863629 0.00859992 0.00851612 0.00855188 0.00858072
 0.00866132 0.00867407 0.00865382 0.00848885 0.00845957 0.00852766
 0.0085008  0.00857765 0.0085919  0.0086086  0.00864395 0.00861786
 0.0086498  0.00870954 0.00875407 0.00872855 0.00877222 0.00880108
 0.00888925 0.00880342 0.00882629 0.00884064 0.00884514 0.00880618
 0.00881882 0.00882418 0.0088516  0.00881106 0.0088489  0.00886024
 0.0089058  0.00891396 0.00898503 0.00902883 0.00909551 0.00902562
 0.00905903 0.0090894  0.00910221 0.00902008 0.00904674 0.00909825
 0.00914425 0.00911345 0.00912367 0.00912949 0.00915932 0.00914396
 0.00916315 0.00919704 0.00924181 0.00921014 0.00921221 0.00922721
 0.0092459  0.00927314 0.00928502 0.00934444 0.00935478 0.00933608
 0.0093447  0.00935497 0.00937511 0.00938067 0.00940506 0.00944052
 0.00946172 0.00944332 0.00947809 0.00952948 0.00954415 0.00954312
 0.00954655 0.00958449 0.00958887 0.00960398 0.00960965 0.0096306
 0.00963684 0.00964974 0.00968095 0.00972463 0.00974958 0.00976225
 0.0097843  0.00981577 0.00983386 0.00985395 0.00988696 0.00988393
 0.00989534 0.00993084 0.01000253 0.00992526]","[0.01754502 0.0173493  0.01685383 0.01665631 0.01658935 0.01640663
 0.0163114  0.01623959 0.0161419  0.01604363 0.01593838 0.01577776
 0.01564193 0.01555902 0.01549209 0.01544886 0.01540019 0.01532453
 0.01529208 0.01525161 0.01520925 0.0151487  0.01507708 0.01498057
 0.01488983 0.01475753 0.01466499 0.01458832 0.01453738 0.01451163
 0.01446036 0.01440974 0.01435564 0.01430529 0.01425237 0.01417341
 0.0141001  0.01403385 0.0139788  0.01391922 0.01390418 0.01385685
 0.01382184 0.0137517  0.01368683 0.01365107 0.01361986 0.01357521
 0.01350769 0.01344391 0.01340825 0.01338256 0.01333739 0.01330735
 0.01326225 0.01322672 0.01320465 0.0131752  0.01313926 0.01311177
 0.01310368 0.01310305 0.01307672 0.01306837 0.01303673 0.01299026
 0.01296451 0.01296558 0.01296363 0.01297415 0.01293703 0.01290359
 0.01287433 0.01286359 0.01282508 0.01279653 0.01278916 0.01281589
 0.01281072 0.01280601 0.01277795 0.01276939 0.01275119 0.01271376
 0.01267634 0.01268323 0.01267403 0.01267804 0.01268433 0.01266367
 0.0126747  0.0126659  0.01265436 0.01264756 0.01261455 0.01262604
 0.01262211 0.01258762 0.01256152 0.01253343 0.01251707 0.01252176
 0.01248127 0.01244292 0.01243071 0.01243758 0.01245073 0.01242116
 0.01240776 0.01241173 0.01240583 0.01235312 0.01232528 0.0123252
 0.01233023 0.0123172  0.01229783 0.01226357 0.0122302  0.0121932
 0.01217665 0.01214985 0.0121309  0.01211206 0.01209951 0.01204527
 0.01210632 0.01199723 0.01417002 0.01411664 0.01418495 0.01394168
 0.01389747 0.01385643 0.01377818 0.01368957 0.01365927 0.01358974
 0.01352967 0.01345546 0.0133765  0.01328579 0.01322177 0.01314434
 0.01307815 0.01302894 0.01296982 0.01291439 0.01286718 0.01282258
 0.01278185 0.01271174 0.01263169 0.01255039 0.01246111 0.01237678
 0.01233392 0.01227127 0.01221422 0.01213444 0.01208763 0.01203078
 0.01198432 0.01192218 0.01185346 0.01176656 0.01170073 0.0116403
 0.01157694 0.01152813 0.01148145 0.01144619 0.01139638 0.01131852
 0.01125596 0.01119529 0.01112369 0.0110542  0.01100023 0.01096153
 0.01092595 0.01086145 0.01080723 0.01075139 0.01069853 0.01064856
 0.01059387 0.01054298 0.01049625 0.01045175 0.01042514 0.01036844
 0.01028293 0.01017184 0.01008037 0.01001824 0.00997795 0.00992524
 0.00989226 0.00988584 0.00985191 0.00974949 0.00965797 0.00958616
 0.00951985 0.00944385 0.0093632  0.00929782 0.00924366 0.00917117
 0.00911214 0.00908343 0.00904339 0.00896013 0.00884938 0.0087713
 0.00871062 0.00867446 0.00862197 0.00858727 0.00854632 0.00849995
 0.00845766 0.00839538 0.00835457 0.00829563 0.00829021 0.00831813
 0.008288   0.00817893 0.00811356 0.00809607 0.00805029 0.0079754
 0.00792043 0.00791738 0.00786971 0.00779162 0.00769507 0.00764321
 0.00758379 0.00751588 0.00749095 0.0075043  0.00750643 0.00744245
 0.00740199 0.00740687 0.00739491 0.0074408  0.00760502 0.00764205
 0.00759757 0.00764727 0.00769572 0.00715918 0.00821023 0.00795344
 0.00853855 0.00786635 0.00786183 0.00797611 0.0078639  0.00778806
 0.00791166 0.00793435 0.00784367 0.00780949 0.00776837 0.00772497
 0.0077055  0.00769283 0.00768351 0.00770637 0.00768805 0.00768873
 0.00766237 0.00765484 0.00766506 0.00770152 0.00769072 0.00772083
 0.00769982 0.00768804 0.00773661 0.00769171 0.0076446  0.00759282
 0.00761176 0.0076518  0.00772897 0.00774773 0.00771112 0.00757412
 0.00755672 0.00760593 0.00759457 0.00762668 0.007628   0.00763427
 0.00763413 0.00757993 0.00757299 0.00761114 0.0076322  0.00761009
 0.00763814 0.00767311 0.00775918 0.00771033 0.00772983 0.00773627
 0.00772662 0.00769148 0.00770198 0.00772923 0.00776609 0.00772111
 0.0077538  0.00776941 0.00779035 0.00776212 0.00780231 0.00785176
 0.0079441  0.00790334 0.00795997 0.00802843 0.00806437 0.00797542
 0.00798562 0.00802708 0.0080609  0.00799878 0.00797688 0.00797947
 0.00802773 0.00802289 0.00804735 0.00808738 0.0081323  0.00806762
 0.00804426 0.00804885 0.00805769 0.00809055 0.00808102 0.00813851
 0.00813333 0.00807826 0.00809793 0.00809829 0.00814274 0.00814278
 0.00820072 0.00825863 0.00829297 0.0082291  0.00828512 0.00834966
 0.00835355 0.00831    0.00828872 0.00834531 0.00834439 0.00834458
 0.0083423  0.00838885 0.0083933  0.0083683  0.00839662 0.00846221
 0.00849654 0.00845212 0.00843211 0.0084586  0.00842414 0.00844809
 0.00854419 0.00848801 0.00838209 0.00854424 0.00877156 0.00836541
 0.0099885  0.00975246 0.01040319 0.00925857 0.00924514 0.00979283
 0.00955848 0.00938615 0.00962019 0.00977129 0.00971517 0.00966467
 0.00959847 0.00950769 0.00952285 0.00956303 0.00960359 0.00969332
 0.00968844 0.00970753 0.00968068 0.00968296 0.00970443 0.00979582
 0.00981769 0.00989387 0.00987168 0.00984034 0.00991714 0.00985314
 0.00978943 0.00970217 0.0097454  0.00981016 0.00992798 0.00996689
 0.00993793 0.00973708 0.00967727 0.0097481  0.00972045 0.00980287
 0.00981436 0.00983605 0.0098687  0.0098289  0.00985893 0.0099412
 0.00998916 0.00995727 0.01000506 0.01005873 0.01016278 0.01006737
 0.01008743 0.01010726 0.01010049 0.01003282 0.010022   0.01003199
 0.01006316 0.01000683 0.01003005 0.01003149 0.01006742 0.01005873
 0.01013687 0.01020709 0.01029675 0.01021612 0.01025235 0.01029371
 0.01031171 0.01020605 0.0102203  0.01026833 0.01029714 0.0102205
 0.01019367 0.01018566 0.0102298  0.01021847 0.0102397  0.01026724
 0.01030545 0.01023333 0.01021802 0.01022981 0.01024626 0.0102802
 0.01027207 0.01032837 0.01032032 0.01025922 0.01026821 0.010262
 0.01029349 0.01028178 0.01032174 0.01036705 0.01039164 0.01032719
 0.01038007 0.01044452 0.0104536  0.01041912 0.010399   0.01044713
 0.01043606 0.01042909 0.01041285 0.01044203 0.01043192 0.01040678
 0.0104287  0.01048152 0.010505   0.01047281 0.01045939 0.01048195
 0.01045353 0.0104694  0.01053755 0.01048717 0.01039593 0.01052186
 0.01069475 0.01039086 0.01258504 0.01239879 0.01278956 0.01197166
 0.01192393 0.01225751 0.0121125  0.01202912 0.01219492 0.0123264
 0.01232352 0.01229431 0.01225668 0.0122106  0.01225113 0.01230304
 0.0123209  0.01234973 0.01234479 0.01235818 0.01236621 0.01239976
 0.01243085 0.01248294 0.0124769  0.01248679 0.01244509 0.0124119
 0.01247077 0.01245762 0.01243231 0.01239036 0.01240004 0.01241342
 0.01245475 0.0124543  0.01244234 0.01235596 0.01234498 0.01237712
 0.01239036 0.01243557 0.01245314 0.0124526  0.01247621 0.01247766
 0.01251049 0.0125474  0.01256177 0.01253678 0.01257673 0.01260774
 0.01266494 0.01261786 0.01263535 0.01265089 0.01266699 0.01265171
 0.01266436 0.01267424 0.0126946  0.01267292 0.01268195 0.01268518
 0.01270996 0.01271831 0.01276854 0.01279371 0.01282528 0.01278146
 0.01280009 0.01281719 0.012823   0.01278047 0.01279896 0.01284257
 0.01288312 0.01288984 0.01290657 0.01291853 0.01292925 0.01292291
 0.01293549 0.01295035 0.01296342 0.01294999 0.01295876 0.01297843
 0.01299685 0.01300455 0.0130311  0.01308773 0.01309924 0.01308656
 0.01306545 0.01308447 0.01309841 0.01311378 0.01312345 0.01314386
 0.01316589 0.01317771 0.01319284 0.01321832 0.01323124 0.01324657
 0.01326138 0.01328054 0.0132827  0.01329636 0.01330404 0.01330608
 0.01331604 0.0133454  0.01337842 0.01340495 0.01341411 0.01343294
 0.01345512 0.01347793 0.01350423 0.01351213 0.01351207 0.01352688
 0.01356457 0.01356273 0.01355599 0.01358344]","(array([[8.71021181e-01, 8.54735926e-01, 8.38450671e-01, ...,
        9.46993075e-01, 9.46982564e-01, 9.46972053e-01],
       [1.21438880e-01, 1.18350686e-01, 1.15262492e-01, ...,
        3.24012042e-01, 3.24232006e-01, 3.24451969e-01],
       [7.21200405e-02, 7.15470255e-02, 7.09740105e-02, ...,
        3.13142373e-05, 3.09079492e-05, 3.05016612e-05],
       [1.79825127e-01, 1.75994772e-01, 1.72164417e-01, ...,
        0.00000000e+00, 0.00000000e+00, 0.00000000e+00],
       [3.61491474e-01, 3.56227994e-01, 3.50964513e-01, ...,
        3.30032248e-04, 3.27418718e-04, 3.24805187e-04]]), array([[8.71021181e-01, 8.54735926e-01, 8.38450671e-01, ...,
        9.45362159e-01, 9.43563248e-01, 9.47050165e-01],
       [1.21438880e-01, 1.18350686e-01, 1.15262492e-01, ...,
        3.23313691e-01, 3.22717616e-01, 3.24077331e-01],
       [7.21200405e-02, 7.15470255e-02, 7.09740105e-02, ...,
        2.46947248e-04, 2.40309361e-04, 2.47436288e-04],
       [1.79825127e-01, 1.75994772e-01, 1.72164417e-01, ...,
        2.52370110e-09, 1.25102881e-09, 4.16874284e-09],
       [3.61491474e-01, 3.56227994e-01, 3.50964513e-01, ...,
        4.35842234e-04, 4.44538422e-04, 4.51867343e-04]]))","(array([[7.95765717e-01, 7.81656733e-01, 7.67547749e-01, ...,
        9.54825816e-01, 9.54814625e-01, 9.54803435e-01],
       [6.67734706e-01, 6.47276239e-01, 6.26817772e-01, ...,
        3.66887679e-01, 3.67059575e-01, 3.67231472e-01],
       [7.49173759e-01, 7.33294569e-01, 7.17415380e-01, ...,
        2.57062095e-04, 2.53954664e-04, 2.50847233e-04],
       [1.94577505e-01, 1.90549855e-01, 1.86522204e-01, ...,
        1.60121444e-10, 1.52159863e-10, 1.44198281e-10],
       [5.82066309e-01, 5.67975980e-01, 5.53885651e-01, ...,
        5.10169974e-05, 5.06118902e-05, 5.02067831e-05]]), array([[7.95765717e-01, 7.81656733e-01, 7.67547749e-01, ...,
        9.50459237e-01, 9.48631790e-01, 9.52119612e-01],
       [6.67734706e-01, 6.47276239e-01, 6.26817772e-01, ...,
        3.52596890e-01, 3.51959966e-01, 3.53405872e-01],
       [7.49173759e-01, 7.33294569e-01, 7.17415380e-01, ...,
        4.61755222e-04, 4.56082455e-04, 4.72570018e-04],
       [1.94577505e-01, 1.90549855e-01, 1.86522204e-01, ...,
        1.46091794e-09, 8.03273972e-10, 2.32202838e-09],
       [5.82066309e-01, 5.67975980e-01, 5.53885651e-01, ...,
        2.82671486e-04, 2.88154922e-04, 2.93130573e-04]]))"
5,future_outlook,zz294_VAE_saved_sims_bgLV_I7_bgLV_B15_T5_fixed,5,future_outlook_4000_raw_latent_2025-02-03T21:54.npz,4000,raw,latent,"(4000, 5, 768)","(2000, 5, 768)","[0.99988848 0.99988726 0.99997196 0.99998395 0.99995634 0.99998123
 0.99998251 0.99998166 0.99998515 0.99998658 0.99998933 0.99999355
 0.99999432 0.99999424 0.99999281 0.99999117 0.99998976 0.99998978
 0.99998974 0.99998654 0.99998483 0.99998379 0.99998541 0.99998799
 0.99998896 0.99998997 0.99998814 0.99998348 0.99997566 0.99997371
 0.99997457 0.99998022 0.99997924 0.99997741 0.99997379 0.99997309
 0.99997642 0.99998413 0.99999    0.99999286 0.99999541 0.99999595
 0.99999525 0.99999585 0.99999576 0.9999958  0.99999583 0.99999588
 0.99999629 0.99999625 0.99999594 0.99999599 0.99999681 0.99999691
 0.99999717 0.99999669 0.99999655 0.99999614 0.99999633 0.99999605
 0.99999677 0.99999591 0.99999747 0.99999779 0.99999772 0.99999782
 0.99999748 0.99999739 0.99999629 0.99999563 0.99999709 0.99999772
 0.99999703 0.99999593 0.99999662 0.99999724 0.99999782 0.99999523
 0.99999433 0.99999386 0.99999377 0.99999062 0.999989   0.99998976
 0.99999127 0.99999171 0.99999248 0.99999195 0.99999028 0.99999307
 0.99999412 0.99999562 0.99999593 0.99999449 0.99999489 0.99999566
 0.99999646 0.99999662 0.9999965  0.99999516 0.99999431 0.99999207
 0.9999946  0.99999672 0.99999533 0.99999192 0.99998779 0.99998942
 0.99998925 0.99998559 0.99998636 0.99999369 0.99999643 0.99999322
 0.99998892 0.9999871  0.99998544 0.99998792 0.99999072 0.99999425
 0.9999946  0.99999507 0.99999074 0.99999276 0.99999278 0.99999294
 0.9999679  0.99998584 0.99991381 0.9998547  0.99994205 0.99991423
 0.99990091 0.99993984 0.99994101 0.99993557 0.99994619 0.99994604
 0.99994686 0.99994773 0.9999475  0.99994743 0.99995271 0.99995284
 0.99995248 0.99995562 0.99995655 0.99995793 0.99995977 0.99996114
 0.99996209 0.99996324 0.99996402 0.99996524 0.99996419 0.9999619
 0.99996441 0.99996538 0.99996634 0.99996446 0.99996499 0.99996398
 0.9999642  0.99996346 0.99996309 0.9999565  0.9999531  0.99996082
 0.99995715 0.9999679  0.99997003 0.99997201 0.99997268 0.99997163
 0.99997145 0.99997204 0.99997189 0.99996894 0.99996694 0.99996678
 0.99997074 0.99997105 0.99997253 0.99997192 0.99996949 0.99996864
 0.99996988 0.99997064 0.99997063 0.99996921 0.99997041 0.99997115
 0.99997261 0.99997355 0.99997475 0.99997585 0.99997639 0.99997481
 0.99997474 0.99997312 0.99997173 0.99997246 0.99997463 0.99997663
 0.99997731 0.99997642 0.99997654 0.99997647 0.99997692 0.99997678
 0.99997624 0.99997657 0.99997744 0.99997784 0.99997975 0.9999804
 0.99998017 0.99998041 0.99997973 0.99997941 0.99997863 0.99997733
 0.99997814 0.99997823 0.99997806 0.9999781  0.99997686 0.99997324
 0.99997255 0.99997568 0.99997743 0.9999755  0.99997451 0.9999748
 0.99997412 0.99997135 0.99997165 0.99997379 0.99997662 0.99997604
 0.99997513 0.99997412 0.99996985 0.99996459 0.99996183 0.9999657
 0.99997022 0.99997283 0.99997696 0.99997496 0.99996332 0.9999595
 0.9999598  0.99995528 0.99994817 0.99998216 0.9999368  0.99995233
 0.99990698 0.99995554 0.99995112 0.99995286 0.99995715 0.99995981
 0.99995341 0.99994973 0.99995427 0.99995606 0.99995801 0.99995907
 0.99995874 0.99995785 0.99995747 0.99995769 0.99995762 0.99995679
 0.99995702 0.99995608 0.99995547 0.9999532  0.99995329 0.99994979
 0.99995162 0.99995301 0.99995041 0.99995281 0.99995478 0.99995695
 0.99995595 0.99995466 0.99995101 0.9999487  0.99995035 0.99995712
 0.99995689 0.99995722 0.99995708 0.99995648 0.99995629 0.99995541
 0.99995435 0.99995599 0.99995538 0.99995318 0.99995177 0.99995335
 0.99995229 0.99994992 0.99994445 0.99994934 0.999949   0.99994833
 0.99994832 0.99995036 0.99995025 0.9999486  0.99994653 0.99995014
 0.99994907 0.99994969 0.99994865 0.9999499  0.99994682 0.99994256
 0.99993644 0.99994242 0.99994028 0.99993619 0.99993471 0.99994314
 0.99994346 0.99993996 0.99993721 0.99994183 0.99994317 0.99994322
 0.99993982 0.99994099 0.99994087 0.99993857 0.99993495 0.99993998
 0.99994089 0.99994026 0.99993962 0.99993639 0.99993799 0.99993352
 0.99993546 0.99994108 0.99994023 0.99994096 0.99993851 0.99993939
 0.99993609 0.99993081 0.9999282  0.99993442 0.99993041 0.99992533
 0.99992516 0.99992859 0.99993099 0.99992693 0.99992845 0.99992984
 0.99993155 0.99992806 0.99992836 0.99993123 0.999929   0.9999237
 0.99992043 0.9999255  0.99992749 0.9999257  0.99992976 0.9999292
 0.9999216  0.99992772 0.99993701 0.99992453 0.99990063 0.99993606
 0.99979498 0.99982784 0.99972684 0.99989936 0.99990357 0.99982077
 0.99985204 0.99988307 0.99985467 0.9998369  0.99984609 0.9998498
 0.99985947 0.99987522 0.99987733 0.99987897 0.99987756 0.99986526
 0.9998668  0.99985938 0.99986068 0.99985685 0.99985435 0.99984689
 0.99984618 0.99983192 0.99983513 0.99983935 0.99983188 0.99984176
 0.99984792 0.99985945 0.99985309 0.99984814 0.99983717 0.99982987
 0.99983521 0.99986661 0.99987805 0.99986909 0.99987689 0.99986483
 0.99986622 0.9998613  0.99985726 0.9998654  0.99986314 0.99985226
 0.99984466 0.99984887 0.99984757 0.99984165 0.99982766 0.99984336
 0.99984279 0.99984041 0.99984113 0.99984806 0.99984887 0.99984545
 0.99984178 0.99985072 0.99984701 0.99984835 0.99984378 0.99984418
 0.99983633 0.99982623 0.99981215 0.99982459 0.99981886 0.99980952
 0.9998065  0.99982442 0.9998253  0.99981843 0.9998143  0.9998258
 0.99982871 0.99982803 0.99981883 0.99982076 0.99982086 0.9998161
 0.99980731 0.99981618 0.99981783 0.99981716 0.99981663 0.99980832
 0.99981335 0.99980738 0.99981239 0.99982275 0.99981762 0.99981999
 0.99981454 0.99981585 0.99980793 0.99979738 0.99979362 0.99980551
 0.99979766 0.99978887 0.99978862 0.99979511 0.99979934 0.99979169
 0.99979311 0.99979516 0.9997969  0.99978812 0.99978722 0.99979324
 0.99979045 0.99978162 0.99977466 0.99978278 0.99978563 0.99978211
 0.99978875 0.99978564 0.99977097 0.99977848 0.99979497 0.99977138
 0.99973104 0.99978095 0.99963594 0.99969917 0.99955686 0.99974873
 0.99976359 0.99966536 0.99970121 0.99973824 0.99970378 0.99968761
 0.99969805 0.99970208 0.99971467 0.99973093 0.99972909 0.99973009
 0.99972746 0.99971268 0.99971712 0.99971222 0.99971461 0.99970924
 0.99970531 0.99969917 0.99970053 0.99968667 0.99968998 0.99969529
 0.99968702 0.99969795 0.9997037  0.99971824 0.99971029 0.99970534
 0.99969278 0.99968599 0.9996898  0.99972086 0.99973004 0.99971825
 0.99972909 0.99971585 0.99971691 0.99971069 0.9997056  0.99971439
 0.99971251 0.99970205 0.99969185 0.99969445 0.99969357 0.99969122
 0.99967783 0.99969377 0.99969243 0.99969145 0.99969359 0.99970062
 0.99970035 0.99969912 0.99969594 0.99970426 0.99969627 0.99969554
 0.99968923 0.99968986 0.99968239 0.9996742  0.99966083 0.9996736
 0.99966833 0.99966132 0.99965945 0.99967796 0.99967781 0.99967263
 0.99966899 0.99968175 0.99968414 0.99968509 0.99967713 0.9996807
 0.99968041 0.99967396 0.99966286 0.99967063 0.99967273 0.99967331
 0.99967334 0.99966487 0.99967021 0.99966586 0.99966908 0.99967525
 0.99966644 0.99966911 0.99966579 0.99966864 0.99966215 0.99965361
 0.99965244 0.9996648  0.99965765 0.99964832 0.99964863 0.99965576
 0.99966081 0.99965349 0.9996542  0.99965509 0.99965641 0.99964795
 0.99964838 0.99965496 0.99965419 0.99964711 0.999641   0.9996475
 0.99964964 0.99964702 0.99965282 0.9996498  0.99963658 0.99964518
 0.99965901 0.9996412  0.99960514 0.99965234]","[0.99439402 0.99439963 0.99482054 0.99492236 0.99495686 0.99511264
 0.99521412 0.9952972  0.99541302 0.99550514 0.99561222 0.99573422
 0.99583477 0.99590933 0.99599908 0.99606303 0.99612056 0.99619011
 0.99623716 0.99628307 0.9963452  0.9964228  0.99650421 0.99657528
 0.99663202 0.99670341 0.9967654  0.99682038 0.99687705 0.99691792
 0.99697169 0.99701246 0.99706341 0.99710354 0.99715105 0.99720185
 0.99726298 0.99731717 0.99737694 0.99744366 0.99748008 0.99753974
 0.99758366 0.99763492 0.99768585 0.99771942 0.99775768 0.99780263
 0.99785746 0.99790384 0.9979434  0.99797353 0.99801979 0.99805684
 0.99809982 0.99813304 0.9981613  0.99819372 0.99823329 0.99826552
 0.99829398 0.99831569 0.99835769 0.99839089 0.99842942 0.99846225
 0.99849635 0.9985218  0.99855156 0.99856954 0.99859879 0.9986229
 0.99864492 0.99866226 0.9986944  0.99872242 0.9987448  0.99875026
 0.99876883 0.99878723 0.99881179 0.99882595 0.99884701 0.99887479
 0.99890633 0.99891997 0.99893793 0.99895295 0.99896608 0.99899221
 0.99900841 0.99903159 0.9990493  0.99905776 0.99908138 0.99909442
 0.9991116  0.99912806 0.99914753 0.99916475 0.99917713 0.99917979
 0.9992017  0.99922459 0.99923466 0.99923749 0.99924123 0.99925677
 0.99926532 0.99926823 0.99927843 0.99930442 0.99932276 0.99933155
 0.99933956 0.99935116 0.999361   0.99936793 0.99937541 0.99938317
 0.99938672 0.99939233 0.99939886 0.99939825 0.99939496 0.99940728
 0.99941361 0.99942558 0.99892545 0.99884189 0.99899977 0.99894645
 0.99893756 0.99901463 0.99903082 0.99903349 0.99906725 0.99907933
 0.99909455 0.9991106  0.99912185 0.99913122 0.99915044 0.99916024
 0.99917047 0.9991873  0.99919787 0.99921258 0.99922803 0.99924424
 0.99925629 0.99926506 0.9992733  0.99928391 0.99928704 0.99928941
 0.99930048 0.99930826 0.99931741 0.99931951 0.99932893 0.99933396
 0.99934142 0.99934892 0.99935481 0.99934797 0.99934585 0.9993597
 0.99935695 0.9993778  0.99938542 0.99939553 0.99940247 0.99940385
 0.99940774 0.99941237 0.99941582 0.99941483 0.99941407 0.99941826
 0.99942834 0.99943071 0.99943564 0.99943797 0.99943766 0.99943958
 0.99944446 0.99944943 0.99945298 0.99945455 0.9994615  0.9994645
 0.99946866 0.99947224 0.99947678 0.99948364 0.99948871 0.99948814
 0.99949121 0.99949461 0.99949648 0.99949722 0.99950118 0.99950766
 0.99951241 0.99951442 0.99951858 0.99952263 0.99952783 0.99952957
 0.99952972 0.99953466 0.999541   0.99954464 0.9995491  0.99955225
 0.99955446 0.99956046 0.99956098 0.9995637  0.99956437 0.99956512
 0.99957109 0.9995731  0.99957615 0.99957848 0.99958126 0.99958382
 0.99958653 0.9995907  0.99959535 0.99959674 0.99959804 0.99960049
 0.99960158 0.99960231 0.99960486 0.99960878 0.99961319 0.99961649
 0.99961858 0.99961964 0.99961931 0.99961869 0.99962114 0.99962636
 0.99963308 0.99963774 0.99964116 0.99963948 0.99963059 0.99962607
 0.99962463 0.99962413 0.99962568 0.99965515 0.99963592 0.99963617
 0.99961079 0.99963662 0.99962734 0.99964436 0.99965178 0.99965032
 0.99964797 0.99964365 0.99964661 0.9996491  0.99964871 0.9996466
 0.99964507 0.9996416  0.99964133 0.99964492 0.99964589 0.99964956
 0.99965224 0.99965517 0.99965385 0.99964932 0.99964928 0.99965059
 0.99965216 0.99965283 0.99964882 0.99965032 0.99965343 0.99965433
 0.99965436 0.99965184 0.9996468  0.99964768 0.9996496  0.99965247
 0.99964811 0.99964755 0.99964416 0.99964677 0.99964589 0.99964738
 0.99964757 0.99964851 0.99964845 0.99964671 0.99964614 0.99964701
 0.99964225 0.99963915 0.99963296 0.99963473 0.99963192 0.9996314
 0.99963234 0.99963647 0.99963675 0.99963627 0.99963392 0.99963621
 0.99963527 0.9996334  0.99963187 0.99963368 0.9996305  0.99962825
 0.99962214 0.99962445 0.99961982 0.99961556 0.99961256 0.9996173
 0.99961487 0.99961148 0.99960867 0.99961228 0.99961364 0.99961354
 0.99961127 0.99961124 0.99960791 0.99960594 0.99960439 0.99960982
 0.99961183 0.99961105 0.99960977 0.99960911 0.99960772 0.99960185
 0.9996006  0.9996041  0.99960529 0.999604   0.99960096 0.99960057
 0.99959724 0.99959459 0.99959166 0.99959514 0.99959116 0.99958607
 0.99958573 0.99958917 0.99959061 0.99958682 0.99958746 0.99958743
 0.99958803 0.99958655 0.99958729 0.99958837 0.99958614 0.9995813
 0.9995802  0.99958244 0.99958351 0.99958105 0.99958232 0.99958042
 0.99957452 0.99957834 0.99958389 0.99957378 0.99955985 0.99958956
 0.99949142 0.99950734 0.99944169 0.99959131 0.99959025 0.99952518
 0.99955712 0.99957876 0.99955135 0.99952788 0.99953318 0.9995399
 0.9995484  0.9995609  0.99956062 0.99955559 0.99955239 0.99954409
 0.99954471 0.99954114 0.9995433  0.99954291 0.99954116 0.99953054
 0.99952948 0.99952182 0.99952812 0.99953417 0.99952527 0.99953334
 0.99954211 0.99955304 0.99955019 0.99954535 0.99953414 0.99953107
 0.99953622 0.99956288 0.99957178 0.99956501 0.99956702 0.99955714
 0.99955618 0.99955487 0.99955121 0.99955592 0.99955185 0.99954222
 0.99953826 0.99954531 0.99954022 0.99953299 0.99951958 0.99953366
 0.99953234 0.99953017 0.9995308  0.99953994 0.99954204 0.99954036
 0.99953691 0.99954564 0.99954542 0.99954729 0.99954407 0.99954578
 0.99953673 0.99952874 0.99951872 0.99953179 0.99952829 0.99952308
 0.99952212 0.99953814 0.99953824 0.99953182 0.99952824 0.99953794
 0.99954185 0.99954296 0.99953851 0.99954155 0.99954116 0.9995388
 0.99953503 0.99954483 0.99954675 0.99954511 0.99954347 0.99953978
 0.99954099 0.99953235 0.99953488 0.99954524 0.99954684 0.99954785
 0.99954448 0.99954638 0.99954231 0.99953602 0.99953264 0.99954122
 0.99953541 0.9995281  0.99952792 0.99953286 0.99953609 0.99953071
 0.99953366 0.99953587 0.99953904 0.99953589 0.99953761 0.99954132
 0.99953831 0.99953161 0.99952905 0.99953494 0.99953765 0.99953519
 0.99953999 0.9995393  0.99953142 0.99953866 0.99955168 0.9995351
 0.99951156 0.99955112 0.99940298 0.99943138 0.99934789 0.99951695
 0.99952082 0.99944272 0.99947533 0.99950307 0.9994746  0.99945288
 0.99945922 0.99946467 0.99947427 0.9994879  0.9994872  0.99948431
 0.99948245 0.99947371 0.99947545 0.99947006 0.99946988 0.99946511
 0.99946143 0.99945372 0.99945469 0.99944676 0.99945304 0.99945876
 0.99945059 0.99945858 0.99946569 0.99947669 0.99947337 0.9994703
 0.99946148 0.99945794 0.99946217 0.99948721 0.99949506 0.99948822
 0.999491   0.99948099 0.99948082 0.99947907 0.99947538 0.99948016
 0.99947671 0.99946863 0.99946433 0.99946998 0.99946683 0.99946157
 0.99944953 0.99946235 0.99946125 0.99945965 0.99945953 0.99946521
 0.99946513 0.99946267 0.9994594  0.99946639 0.99946419 0.99946522
 0.99946183 0.99946279 0.99945558 0.99944886 0.99943955 0.99945051
 0.99944668 0.99944129 0.99944048 0.99945463 0.9994546  0.99944785
 0.99944275 0.99944833 0.999449   0.99944842 0.99944406 0.99944662
 0.99944684 0.99944406 0.9994395  0.99944568 0.99944641 0.99944498
 0.99944391 0.99943957 0.99944022 0.99943281 0.99943492 0.99944163
 0.99944131 0.99944148 0.99943865 0.99943891 0.99943527 0.99942922
 0.99942657 0.99943238 0.99942821 0.9994224  0.99942205 0.99942471
 0.99942622 0.99942157 0.9994228  0.99942328 0.99942406 0.99942046
 0.99942012 0.99942137 0.99941794 0.99941225 0.99940902 0.99941223
 0.99941259 0.99940986 0.9994116  0.9994104  0.99940419 0.99940797
 0.99941324 0.99940372 0.99938554 0.9994106 ]","[0.00276563 0.00279228 0.00139829 0.00106246 0.00175956 0.00115855
 0.00112301 0.00115488 0.00104365 0.00099638 0.00089195 0.0006965
 0.00065608 0.00066277 0.00074325 0.00082628 0.00089242 0.00089473
 0.00089895 0.00103307 0.00110019 0.00114113 0.00108605 0.00098865
 0.00095082 0.00090926 0.00099172 0.00117438 0.00142987 0.00148987
 0.00146914 0.00129882 0.00133434 0.00139541 0.00150674 0.00153083
 0.00143657 0.00118183 0.00094031 0.00079689 0.00064053 0.0006033
 0.00065522 0.00061338 0.00062162 0.00062047 0.00061963 0.00061691
 0.00058684 0.00059179 0.00061672 0.00061459 0.00054925 0.00054122
 0.0005194  0.00056289 0.00057615 0.0006107  0.00059675 0.00062065
 0.00056173 0.00063373 0.00049874 0.00046775 0.00047516 0.00046613
 0.00050167 0.00051153 0.00061049 0.00066358 0.00054296 0.00048139
 0.00054999 0.00064471 0.00058902 0.00053305 0.00047466 0.0007029
 0.00076722 0.00079929 0.00080614 0.00099067 0.00107438 0.00103794
 0.00095969 0.00093655 0.00089311 0.00092538 0.00101819 0.0008609
 0.00079414 0.00068641 0.00066277 0.00077157 0.00074412 0.0006868
 0.00062089 0.00060742 0.00061849 0.00072873 0.00079114 0.00093509
 0.00077245 0.00060271 0.00072046 0.00094812 0.00116708 0.00108778
 0.00109711 0.00127164 0.00123842 0.00084336 0.00063517 0.00087537
 0.00112055 0.00120999 0.00128671 0.00117344 0.00102949 0.00081092
 0.00078673 0.00075237 0.00103203 0.0009135  0.00091277 0.0009034
 0.00192793 0.00128141 0.00316431 0.00411183 0.00259881 0.00316426
 0.00340395 0.00265433 0.0026306  0.00275147 0.00251657 0.00252207
 0.00250507 0.00248625 0.00249353 0.00249713 0.0023701  0.00236854
 0.00237924 0.00230103 0.00227846 0.00224367 0.00219571 0.00215972
 0.00213468 0.00210361 0.00208263 0.00204879 0.00208071 0.00214736
 0.00207672 0.00204953 0.00202198 0.00207896 0.00206482 0.00209557
 0.00209035 0.00211323 0.00212518 0.00230845 0.00239838 0.00219351
 0.00229523 0.00198775 0.0019218  0.00185825 0.00183679 0.00187255
 0.00187956 0.00186114 0.00186714 0.00196354 0.00202683 0.00203276
 0.00190884 0.00189968 0.00185163 0.00187278 0.00195326 0.00198141
 0.00194259 0.00191908 0.00192021 0.00196704 0.00192917 0.00190604
 0.00185802 0.00182662 0.00178551 0.00174702 0.0017283  0.00178618
 0.00178967 0.00184689 0.00189515 0.00187114 0.00179646 0.00172494
 0.00170052 0.00173393 0.00173043 0.00173369 0.00171781 0.00172365
 0.00174428 0.00173259 0.0017009  0.00168659 0.00161288 0.00158735
 0.00159739 0.00158809 0.00161598 0.00162916 0.00166015 0.00171066
 0.00168035 0.00167735 0.00168452 0.00168362 0.00173133 0.00186255
 0.00188704 0.00177681 0.00171205 0.00178461 0.0018209  0.00181089
 0.00183577 0.00193208 0.00192268 0.0018491  0.00174699 0.00176913
 0.00180285 0.00183996 0.00198652 0.00215332 0.00223635 0.00212079
 0.00197668 0.00188854 0.00173977 0.00181408 0.00219617 0.00230826
 0.00230007 0.00242658 0.00261304 0.0015336  0.002887   0.00250783
 0.00350407 0.00242325 0.00254145 0.00249632 0.00238076 0.00230631
 0.00248342 0.00258042 0.00246163 0.00241345 0.00235968 0.00233027
 0.00234017 0.00236578 0.00237693 0.00237127 0.0023738  0.00239747
 0.00239176 0.00241822 0.00243552 0.00249726 0.00249527 0.00258736
 0.00254033 0.00250386 0.00257285 0.00251011 0.00245753 0.00239829
 0.00242631 0.00246213 0.00255967 0.00261992 0.00257783 0.0023961
 0.00240283 0.00239386 0.00239812 0.00241515 0.00242091 0.00244543
 0.00247459 0.00243008 0.00244729 0.00250718 0.00254489 0.00250313
 0.00253186 0.00259439 0.00273269 0.00260991 0.00261903 0.00263654
 0.00263709 0.00258481 0.00258788 0.00263076 0.00268364 0.00259179
 0.00261958 0.00260409 0.00263103 0.00259914 0.00267815 0.00278364
 0.00292853 0.00278777 0.00283928 0.00293522 0.0029693  0.00277121
 0.00276363 0.0028479  0.0029127  0.00280364 0.00277143 0.00277055
 0.00285257 0.00282497 0.00282793 0.00288259 0.00296675 0.00284983
 0.00282831 0.00284366 0.00285885 0.0029346  0.0028976  0.00300046
 0.00295648 0.00282502 0.0028454  0.00282823 0.00288648 0.00286599
 0.00294301 0.00306256 0.00311998 0.00298189 0.00307191 0.00318207
 0.00318581 0.00311218 0.00305962 0.00314833 0.00311556 0.00308544
 0.00304769 0.00312461 0.00311816 0.00305522 0.00310442 0.00321851
 0.00328679 0.00318048 0.00313786 0.00317638 0.00308862 0.00310097
 0.00326323 0.00313324 0.00292514 0.00320192 0.00367414 0.00294729
 0.00527797 0.00483671 0.00609259 0.00369829 0.00362011 0.00493559
 0.00448442 0.00398664 0.00444455 0.00470852 0.00457408 0.00451868
 0.0043709  0.00411871 0.00408382 0.00405664 0.00408031 0.00428032
 0.00425587 0.00437298 0.00435276 0.00441226 0.00445063 0.00456322
 0.00457387 0.00478133 0.00473551 0.00467456 0.00478209 0.00463944
 0.00454826 0.00437264 0.00447044 0.00454519 0.00470659 0.00481106
 0.00473496 0.00425999 0.00407334 0.00422027 0.00409259 0.00428847
 0.0042663  0.00434418 0.00440698 0.00427954 0.00431531 0.00448355
 0.00459749 0.00453478 0.00455441 0.00464194 0.00484276 0.00461682
 0.00462526 0.00466019 0.00464962 0.00454711 0.00453497 0.00458599
 0.00464007 0.00450722 0.00456282 0.00454279 0.00461078 0.00460494
 0.00471954 0.00486292 0.00505618 0.00488576 0.00496504 0.0050914
 0.00513153 0.00488821 0.00487592 0.00497088 0.00502699 0.00486891
 0.00482814 0.00483766 0.0049654  0.00493886 0.00493752 0.00500265
 0.00512079 0.00500157 0.00497905 0.0049881  0.00499539 0.00510721
 0.00503974 0.00511968 0.00505272 0.00491121 0.00498174 0.00494925
 0.00502364 0.00500594 0.00511234 0.00525096 0.0052994  0.00514436
 0.00524718 0.00535996 0.00536307 0.00528009 0.00522526 0.0053239
 0.00530572 0.00527936 0.00525692 0.00536924 0.00538066 0.00530406
 0.00533969 0.00545097 0.00553705 0.00543634 0.00540061 0.00544471
 0.00536109 0.00540034 0.00558203 0.00548969 0.00528146 0.00557698
 0.00604902 0.00545898 0.00703755 0.00639726 0.00776434 0.0058465
 0.00567099 0.00674707 0.00637537 0.00596717 0.0063478  0.00651867
 0.00640881 0.00636583 0.00622984 0.00604979 0.00607039 0.00605916
 0.00608853 0.00625145 0.00620292 0.00625634 0.00623026 0.00628855
 0.00633086 0.00639643 0.00638192 0.0065279  0.0064933  0.00643735
 0.00652413 0.00640917 0.00634781 0.0061901  0.00627678 0.00633016
 0.00646356 0.00653455 0.00649473 0.00616094 0.00605879 0.00618961
 0.00606924 0.0062158  0.00620414 0.0062719  0.00632674 0.00623151
 0.00625194 0.00636468 0.00647268 0.00644526 0.00645439 0.00647907
 0.006618   0.00645209 0.00646622 0.00647642 0.00645391 0.00637933
 0.0063822  0.00639523 0.00642883 0.00634026 0.00642527 0.00643292
 0.00649925 0.00649258 0.00657017 0.00665429 0.00678936 0.00666032
 0.00671372 0.00678431 0.00680291 0.00661536 0.00661682 0.00666976
 0.00670668 0.0065761  0.00655129 0.00654136 0.00662343 0.00658664
 0.0065896  0.00665568 0.00676794 0.00668938 0.00666796 0.00666193
 0.00666152 0.00674733 0.00669319 0.00673713 0.00670455 0.00664168
 0.00673103 0.00670403 0.00673745 0.00670861 0.00677384 0.00685884
 0.00687034 0.00674692 0.00681844 0.00691065 0.00690754 0.006837
 0.00678655 0.00685933 0.00685215 0.00684326 0.00683012 0.00691359
 0.00690928 0.00684422 0.00685173 0.00692142 0.00698092 0.00691732
 0.00689616 0.00692185 0.00686466 0.00689435 0.00702311 0.00693947
 0.00680273 0.00697801 0.00732017 0.00686865]","[0.01966147 0.01973262 0.01905482 0.01894438 0.01895778 0.01873965
 0.01862055 0.01853437 0.01838019 0.01826971 0.01812518 0.01794507
 0.01780536 0.0177005  0.01756005 0.01747372 0.01739995 0.01729733
 0.01724411 0.01719235 0.01710157 0.01697215 0.01683057 0.01671091
 0.01662393 0.01649844 0.01639389 0.016305   0.01620978 0.01614407
 0.0160431  0.01597506 0.01587834 0.01580944 0.01571899 0.01561772
 0.01548538 0.01537021 0.01523665 0.0150798  0.01501005 0.01486901
 0.01477314 0.01465277 0.014531   0.01445669 0.01436622 0.01425258
 0.01410442 0.01398147 0.01387926 0.01380739 0.01367883 0.01358002
 0.01345848 0.01336963 0.01329723 0.01320845 0.01309173 0.01300034
 0.0129147  0.01285365 0.01271358 0.01260541 0.01247441 0.01236398
 0.01224659 0.01216285 0.01205997 0.01200499 0.01190159 0.01181855
 0.0117434  0.01168766 0.01156583 0.01146032 0.01137504 0.01136581
 0.01129651 0.01122716 0.01112814 0.01107684 0.01099216 0.01087388
 0.01073515 0.01068272 0.01060815 0.01054739 0.01049553 0.01037639
 0.01030692 0.01019986 0.01011839 0.01008544 0.00997031 0.00991136
 0.0098288  0.00974916 0.00965144 0.00956512 0.00950555 0.0095018
 0.00938548 0.00926124 0.00921219 0.00920642 0.00919513 0.00910914
 0.0090652  0.0090559  0.00900111 0.00884602 0.00873697 0.00868842
 0.00864448 0.00857645 0.00851939 0.00848116 0.00843901 0.00839448
 0.00837837 0.00834801 0.00831112 0.008322   0.00835151 0.00827278
 0.00823511 0.00815729 0.01116599 0.01160145 0.01079052 0.01108344
 0.01113919 0.01073635 0.01065648 0.01065055 0.01047147 0.01041201
 0.01033407 0.01024966 0.01019216 0.01014519 0.01003982 0.00998919
 0.00993554 0.00984157 0.00978472 0.00970181 0.00961339 0.00951908
 0.00944997 0.00940118 0.00935536 0.00929383 0.00927904 0.00926923
 0.00920224 0.0091565  0.00910121 0.00909268 0.00903499 0.00900658
 0.0089614  0.00891563 0.00888063 0.00893305 0.00895299 0.00886317
 0.00888759 0.00874765 0.00869847 0.00863115 0.00858595 0.00858056
 0.00855697 0.00852794 0.00850733 0.00851905 0.00852908 0.00850302
 0.00843353 0.00842048 0.00838835 0.00837553 0.00838227 0.0083724
 0.00833994 0.00830656 0.00828374 0.00827586 0.00822701 0.00820808
 0.00818006 0.00815646 0.00812528 0.00807581 0.00804004 0.00804846
 0.00802824 0.00800534 0.00799447 0.00799175 0.00796338 0.00791459
 0.0078794  0.00786628 0.00783563 0.00780567 0.00776617 0.00775495
 0.00775676 0.00771903 0.00766934 0.00764192 0.00760747 0.00758388
 0.00756821 0.00751965 0.00751772 0.00749698 0.00749379 0.0074899
 0.00744088 0.00742598 0.0074019  0.00738408 0.00736227 0.00734222
 0.00732086 0.00728637 0.00724734 0.0072374  0.00722827 0.0072084
 0.00720083 0.00719645 0.00717561 0.00714215 0.00710396 0.00707583
 0.00705873 0.00705119 0.00705641 0.00706445 0.00704394 0.00699743
 0.00693646 0.00689445 0.0068635  0.00688126 0.00696726 0.00701151
 0.00702676 0.00703319 0.00702043 0.00674005 0.00692716 0.00692652
 0.00716579 0.00692573 0.00701529 0.00685494 0.00678476 0.00680075
 0.00682506 0.00686827 0.00684116 0.00681854 0.00682379 0.00684577
 0.00686211 0.00689712 0.00690117 0.00686813 0.0068603  0.00682614
 0.00680155 0.00677434 0.00678878 0.00683425 0.00683572 0.0068241
 0.00680986 0.00680444 0.00684483 0.0068313  0.00680202 0.00679432
 0.0067952  0.00682108 0.00687146 0.00686404 0.00684654 0.00681957
 0.00686344 0.0068698  0.00690371 0.00687921 0.00688872 0.00687512
 0.00687422 0.00686595 0.00686743 0.00688543 0.00689187 0.00688436
 0.00693159 0.00696248 0.00702295 0.00700688 0.0070348  0.00704057
 0.00703232 0.00699354 0.00699157 0.00699703 0.00702032 0.00699912
 0.00700901 0.00702775 0.00704317 0.00702668 0.00705794 0.00708017
 0.00713896 0.00711791 0.00716223 0.00720288 0.00723149 0.00718765
 0.00721099 0.00724332 0.00727003 0.00723703 0.00722486 0.00722646
 0.00724817 0.0072491  0.00728066 0.00729958 0.00731454 0.00726473
 0.00724646 0.00725417 0.0072665  0.00727305 0.0072864  0.00734117
 0.00735313 0.00732128 0.00731071 0.00732314 0.00735161 0.00735571
 0.00738672 0.00741147 0.00743863 0.00740741 0.00744407 0.00749056
 0.00749394 0.00746315 0.00745041 0.00748517 0.00747969 0.00748033
 0.00747524 0.00748901 0.00748264 0.00747318 0.00749382 0.00753787
 0.0075482  0.00752816 0.00751874 0.00754113 0.00752991 0.00754722
 0.00760038 0.00756637 0.00751662 0.0076077  0.00773121 0.00746595
 0.00831108 0.00818022 0.00870845 0.00745102 0.00746092 0.0080317
 0.00775701 0.00756525 0.00780764 0.00800939 0.00796449 0.00790707
 0.00783391 0.00772486 0.00772746 0.00777177 0.00779986 0.00787203
 0.00786683 0.00789779 0.00787935 0.00788284 0.00789799 0.00798897
 0.00799812 0.00806302 0.0080098  0.00795843 0.00803423 0.00796572
 0.00789067 0.00779599 0.00782095 0.00786306 0.00795954 0.00798582
 0.00794192 0.00771026 0.00763141 0.00769154 0.0076738  0.00776094
 0.00776939 0.00778094 0.0078129  0.00777181 0.00780742 0.00789096
 0.00792507 0.00786445 0.00790835 0.00797037 0.00808405 0.00796469
 0.00797599 0.00799449 0.00798912 0.00791098 0.00789288 0.0079074
 0.00793699 0.00786191 0.00786385 0.00784763 0.00787555 0.00786085
 0.00793877 0.008007   0.0080917  0.007981   0.00801083 0.00805487
 0.00806299 0.00792668 0.00792585 0.00798078 0.00801121 0.00792846
 0.00789478 0.00788531 0.00792356 0.00789748 0.00790088 0.00792116
 0.00795338 0.00786911 0.0078525  0.00786665 0.00788078 0.00791257
 0.00790217 0.00797617 0.00795455 0.00786543 0.00785161 0.00784285
 0.00787201 0.00785564 0.00789077 0.00794476 0.0079736  0.00790003
 0.00794984 0.00801212 0.00801362 0.00797155 0.00794396 0.00798986
 0.00796471 0.00794581 0.00791856 0.00794559 0.00793083 0.00789897
 0.00792485 0.00798207 0.00800382 0.00795353 0.00793029 0.00795133
 0.00791014 0.00791601 0.00798345 0.00792149 0.00780891 0.00795195
 0.00815072 0.00781365 0.00901128 0.00879427 0.00941772 0.00810554
 0.00807292 0.00870593 0.00844736 0.00822096 0.00845312 0.00862606
 0.00857586 0.00853252 0.00845566 0.00834529 0.00835094 0.00837439
 0.0083895  0.00846003 0.00844593 0.00848921 0.00849057 0.0085286
 0.00855787 0.00861883 0.00861117 0.00867347 0.00862406 0.00857879
 0.00864331 0.00858017 0.00852362 0.00843536 0.00846208 0.00848663
 0.00855693 0.00858492 0.00855128 0.00834985 0.00828557 0.00834146
 0.00831874 0.00840008 0.00840143 0.00841551 0.00844518 0.00840655
 0.00843437 0.00849922 0.00853351 0.00848826 0.00851338 0.0085552
 0.00865025 0.00854889 0.00855755 0.00857019 0.00857106 0.00852586
 0.00852647 0.00854596 0.00857186 0.00851619 0.00853371 0.00852547
 0.00855238 0.00854465 0.00860174 0.00865459 0.00872723 0.00864146
 0.00867138 0.00871348 0.00871972 0.00860863 0.00860884 0.00866184
 0.00870166 0.00865796 0.00865264 0.00865714 0.0086912  0.00867108
 0.00866923 0.00869088 0.00872634 0.00867802 0.00867219 0.00868326
 0.0086916  0.00872531 0.00872016 0.00877758 0.00876116 0.00870892
 0.00871131 0.00870993 0.0087318  0.00872971 0.00875788 0.00880451
 0.00882481 0.0087799  0.00881197 0.00885652 0.00885912 0.00883863
 0.00882691 0.00886249 0.00885296 0.0088492  0.00884307 0.0088706
 0.00887309 0.00886335 0.00888948 0.00893263 0.00895707 0.00893259
 0.00892967 0.00895028 0.00893695 0.00894595 0.00899278 0.0089641
 0.00892404 0.00899603 0.00913197 0.00894369]","(array([[8.71021181e-01, 8.54735926e-01, 8.38450671e-01, ...,
        9.46993075e-01, 9.46982564e-01, 9.46972053e-01],
       [1.21438880e-01, 1.18350686e-01, 1.15262492e-01, ...,
        3.24012042e-01, 3.24232006e-01, 3.24451969e-01],
       [7.21200405e-02, 7.15470255e-02, 7.09740105e-02, ...,
        3.13142373e-05, 3.09079492e-05, 3.05016612e-05],
       [1.79825127e-01, 1.75994772e-01, 1.72164417e-01, ...,
        0.00000000e+00, 0.00000000e+00, 0.00000000e+00],
       [3.61491474e-01, 3.56227994e-01, 3.50964513e-01, ...,
        3.30032248e-04, 3.27418718e-04, 3.24805187e-04]]), array([[8.71021181e-01, 8.54735926e-01, 8.38450671e-01, ...,
        9.39850363e-01, 9.38051061e-01, 9.41451367e-01],
       [1.21438880e-01, 1.18350686e-01, 1.15262492e-01, ...,
        3.01640964e-01, 3.01074951e-01, 3.02343436e-01],
       [7.21200405e-02, 7.15470255e-02, 7.09740105e-02, ...,
        4.76592580e-05, 4.61243969e-05, 4.73648414e-05],
       [1.79825127e-01, 1.75994772e-01, 1.72164417e-01, ...,
        5.80259871e-10, 3.75170049e-10, 7.73745458e-10],
       [3.61491474e-01, 3.56227994e-01, 3.50964513e-01, ...,
        4.22391729e-04, 4.31235982e-04, 4.37923863e-04]]))","(array([[7.95765717e-01, 7.81656733e-01, 7.67547749e-01, ...,
        9.54825816e-01, 9.54814625e-01, 9.54803435e-01],
       [6.67734706e-01, 6.47276239e-01, 6.26817772e-01, ...,
        3.66887679e-01, 3.67059575e-01, 3.67231472e-01],
       [7.49173759e-01, 7.33294569e-01, 7.17415380e-01, ...,
        2.57062095e-04, 2.53954664e-04, 2.50847233e-04],
       [1.94577505e-01, 1.90549855e-01, 1.86522204e-01, ...,
        1.60121444e-10, 1.52159863e-10, 1.44198281e-10],
       [5.82066309e-01, 5.67975980e-01, 5.53885651e-01, ...,
        5.10169974e-05, 5.06118902e-05, 5.02067831e-05]]), array([[7.95765717e-01, 7.81656733e-01, 7.67547749e-01, ...,
        9.49753642e-01, 9.47937686e-01, 9.51451245e-01],
       [6.67734706e-01, 6.47276239e-01, 6.26817772e-01, ...,
        3.54765346e-01, 3.54106416e-01, 3.55564355e-01],
       [7.49173759e-01, 7.33294569e-01, 7.17415380e-01, ...,
        2.36078039e-04, 2.33672926e-04, 2.42420384e-04],
       [1.94577505e-01, 1.90549855e-01, 1.86522204e-01, ...,
        1.80304038e-10, 5.56180165e-11, 3.62789364e-10],
       [5.82066309e-01, 5.67975980e-01, 5.53885651e-01, ...,
        1.91671540e-04, 1.95556006e-04, 1.98697122e-04]]))"
6,future_outlook,zz294_VAE_saved_sims_bgLV_I7_bgLV_B15_T5_fixed,5,future_outlook_8000_latent_latent_2025-02-03T21:54.npz,8000,latent,latent,"(8000, 5, 768)","(2000, 5, 768)","[0.9998896  0.99988571 0.99997221 0.99998375 0.99995621 0.99998142
 0.99998292 0.99998213 0.9999857  0.99998695 0.99998957 0.99999372
 0.99999447 0.99999441 0.9999931  0.99999152 0.99999009 0.99999001
 0.99998988 0.99998672 0.99998503 0.99998403 0.99998563 0.99998819
 0.99998917 0.99999022 0.99998848 0.99998392 0.99997626 0.99997434
 0.99997514 0.99998065 0.99997963 0.99997778 0.99997415 0.99997337
 0.99997662 0.99998424 0.99999005 0.99999289 0.99999541 0.99999597
 0.99999526 0.99999591 0.99999584 0.99999584 0.99999585 0.9999959
 0.99999634 0.9999963  0.99999598 0.999996   0.99999684 0.99999697
 0.99999724 0.99999676 0.99999657 0.99999613 0.99999631 0.99999605
 0.99999677 0.99999592 0.99999749 0.99999781 0.99999775 0.99999783
 0.9999975  0.99999742 0.99999634 0.99999569 0.99999712 0.99999772
 0.99999701 0.99999595 0.99999662 0.99999723 0.9999978  0.99999521
 0.99999432 0.99999384 0.99999379 0.99999071 0.99998914 0.99998992
 0.9999914  0.99999183 0.9999926  0.99999207 0.99999042 0.99999317
 0.99999417 0.9999956  0.9999959  0.9999945  0.99999492 0.99999569
 0.99999647 0.99999661 0.99999649 0.99999513 0.99999427 0.99999204
 0.99999458 0.99999668 0.99999528 0.99999192 0.99998785 0.99998947
 0.99998933 0.99998574 0.99998648 0.99999366 0.99999632 0.99999315
 0.99998892 0.99998717 0.99998553 0.99998797 0.99999074 0.99999423
 0.99999457 0.99999501 0.99999068 0.99999263 0.9999926  0.99999284
 0.99996785 0.99998586 0.99953528 0.9996043  0.99954578 0.99962292
 0.99963791 0.99962551 0.99963291 0.99964517 0.9996331  0.99964004
 0.99964105 0.99964642 0.99965571 0.99966908 0.99967104 0.99968005
 0.99968607 0.999688   0.99969317 0.99969511 0.99969317 0.99968907
 0.999687   0.99969546 0.99970516 0.99971574 0.99972689 0.99973807
 0.9997361  0.99974071 0.99974274 0.99975279 0.99975103 0.99975472
 0.99975409 0.99975749 0.99976175 0.99977472 0.99978245 0.99978696
 0.99979575 0.99979568 0.99979577 0.99979219 0.99979083 0.99979719
 0.99980024 0.99980493 0.99981062 0.99981644 0.99981789 0.99981546
 0.99981084 0.99981608 0.99981795 0.99982058 0.99982236 0.99982439
 0.99982455 0.99982465 0.99982247 0.99982046 0.99981303 0.99981485
 0.99982219 0.99983586 0.99984368 0.99984419 0.99984153 0.99984342
 0.99984123 0.99983338 0.99983122 0.99984294 0.99985089 0.99985374
 0.99985494 0.99985798 0.99986211 0.99986449 0.99986532 0.99987151
 0.99987546 0.99987084 0.99986795 0.99987359 0.99988543 0.99989113
 0.99989355 0.99988989 0.9998913  0.99988888 0.99988864 0.999889
 0.9998881  0.99989191 0.9998921  0.99989527 0.99988942 0.9998776
 0.99987646 0.99988824 0.99989357 0.99989118 0.99989301 0.9998988
 0.99990207 0.99989718 0.99989914 0.99990564 0.99991576 0.99991935
 0.99992411 0.99992935 0.99992796 0.9999209  0.99991486 0.99991824
 0.99991783 0.99991189 0.99990987 0.99990172 0.99987829 0.99987225
 0.99987734 0.99986821 0.9998585  0.99992612 0.99980681 0.99984792
 0.9997619  0.99986571 0.99986869 0.99984139 0.99985316 0.99986412
 0.99984505 0.99984146 0.99985416 0.99985969 0.99986778 0.99987647
 0.99987995 0.99988248 0.99988352 0.99987884 0.99988084 0.9998788
 0.9998814  0.99988043 0.99988025 0.99987657 0.99987805 0.99987225
 0.99987658 0.99987987 0.99987528 0.99988178 0.99988799 0.99989615
 0.99989428 0.99989086 0.99988267 0.99987879 0.99988355 0.99990363
 0.99990997 0.99990584 0.99990974 0.99990369 0.99990407 0.99990243
 0.99990185 0.99990897 0.99990941 0.9999049  0.99990281 0.9999074
 0.99990674 0.99990325 0.99989376 0.99990263 0.99990259 0.99990245
 0.9999038  0.9999081  0.99990796 0.99990512 0.9999018  0.99990933
 0.99990674 0.99990785 0.99990678 0.99991107 0.99990681 0.99990036
 0.99989038 0.99989959 0.99989569 0.99988874 0.99988646 0.99990085
 0.99990202 0.99989719 0.99989359 0.99990265 0.99990613 0.99990685
 0.99990124 0.99990368 0.99990371 0.99989957 0.99989375 0.99990251
 0.99990516 0.99990505 0.99990478 0.99989992 0.99990344 0.99989738
 0.99990091 0.99991051 0.99990828 0.9999104  0.99990623 0.99990814
 0.9999021  0.99989394 0.99989036 0.99990082 0.99989447 0.99988699
 0.99988734 0.99989353 0.99989772 0.99989133 0.99989329 0.99989522
 0.99989748 0.99989146 0.99989186 0.99989716 0.9998943  0.99988638
 0.99988156 0.99988975 0.99989358 0.99989128 0.99989837 0.99989716
 0.99988473 0.99989469 0.99991205 0.9998899  0.99985445 0.9999118
 0.99972491 0.9997673  0.99965124 0.99983729 0.99984319 0.99975526
 0.99979044 0.99982238 0.99978916 0.99977058 0.99978127 0.99978653
 0.999797   0.99981324 0.99981411 0.9998143  0.99981186 0.9997981
 0.99980038 0.99979509 0.99979851 0.99979647 0.99979367 0.99978438
 0.99978381 0.99977081 0.99977435 0.9997794  0.99977047 0.99978176
 0.99979002 0.9998035  0.99979656 0.99978942 0.99977509 0.99976875
 0.99977492 0.9998091  0.99982081 0.9998099  0.99981848 0.99980595
 0.9998071  0.99980274 0.99979905 0.99980879 0.99980713 0.99979536
 0.99978732 0.99979166 0.99978841 0.999782   0.99976662 0.99978298
 0.99978156 0.99977942 0.99978114 0.99979021 0.99979139 0.99978884
 0.99978462 0.99979412 0.99978927 0.99978948 0.99978417 0.9997858
 0.99977656 0.99976622 0.99975108 0.99976376 0.99975706 0.99974787
 0.99974437 0.99976293 0.99976271 0.99975602 0.99975215 0.99976576
 0.99977008 0.99977063 0.99976168 0.99976388 0.99976241 0.99975736
 0.99974876 0.99975963 0.99976262 0.99976243 0.99976182 0.9997544
 0.99975913 0.99975266 0.99975655 0.99976696 0.99976206 0.99976452
 0.99975879 0.99976056 0.99975225 0.99974267 0.99973912 0.99975193
 0.99974316 0.9997332  0.99973269 0.99973985 0.99974421 0.99973578
 0.99973682 0.99973827 0.99974004 0.99973198 0.99973186 0.99973781
 0.99973504 0.99972605 0.99971996 0.99972749 0.99973049 0.99972699
 0.99973347 0.99972998 0.99971505 0.99972346 0.99974085 0.99971654
 0.99967789 0.99973339 0.99941629 0.99947388 0.99935975 0.99952641
 0.99954183 0.99946748 0.99949896 0.99952303 0.9994899  0.99947061
 0.99947539 0.9994808  0.99949117 0.99950337 0.99949676 0.99949061
 0.99948666 0.99947664 0.99947967 0.9994781  0.99947934 0.99947367
 0.99946827 0.99945964 0.99946102 0.99945471 0.99946061 0.99946706
 0.99945684 0.9994627  0.99946747 0.99947869 0.99947401 0.99947061
 0.99946031 0.99945834 0.99946111 0.99948323 0.99948755 0.99947866
 0.99948306 0.99947298 0.9994716  0.99946913 0.99946455 0.9994685
 0.99946459 0.99945665 0.99945041 0.99945375 0.99944865 0.99944529
 0.9994337  0.99944583 0.99944316 0.9994415  0.99944125 0.99944661
 0.99944516 0.99944465 0.99944129 0.99944719 0.99944199 0.99944076
 0.99943467 0.99943375 0.99942446 0.99941848 0.99940917 0.99941927
 0.99941484 0.99941065 0.99940913 0.99942136 0.99941831 0.99941163
 0.9994057  0.99941091 0.9994099  0.99940944 0.99940511 0.99940771
 0.99940557 0.99940077 0.99939401 0.99939891 0.99939907 0.99939757
 0.99939548 0.99939121 0.99939051 0.99938272 0.99938201 0.99938529
 0.99938339 0.99938264 0.99937997 0.99937982 0.99937622 0.99937092
 0.99936836 0.9993724  0.99936745 0.9993601  0.9993585  0.99935959
 0.99935994 0.99935436 0.99935408 0.99935242 0.99935204 0.99934853
 0.99934798 0.9993473  0.99934333 0.99933697 0.99933313 0.99933241
 0.9993299  0.99932561 0.99932412 0.99932135 0.99931553 0.99931721
 0.99931777 0.99931091 0.99929712 0.99931354]","[0.99657397 0.99670304 0.9969281  0.99704028 0.99709057 0.99717792
 0.99723162 0.99727491 0.99732404 0.9973789  0.99743492 0.99751133
 0.99757671 0.99761847 0.99765161 0.99767711 0.99770482 0.99774283
 0.99776746 0.9977932  0.99781929 0.9978504  0.9978867  0.99793019
 0.99797006 0.99802245 0.9980615  0.99809497 0.99811743 0.99813243
 0.99815601 0.99818161 0.99820436 0.99822651 0.99824855 0.99827944
 0.99830898 0.9983389  0.99836502 0.99839116 0.99840688 0.99842869
 0.99844628 0.99847228 0.99849637 0.99851118 0.9985254  0.99854425
 0.99856755 0.99858846 0.99860183 0.99861338 0.99862984 0.99864497
 0.99866225 0.99867766 0.99868983 0.99870369 0.99871837 0.99873092
 0.99873799 0.99874345 0.99875405 0.99876263 0.99877537 0.99879043
 0.99880059 0.99880494 0.99881099 0.99881543 0.99882822 0.99883963
 0.99885072 0.99885917 0.99887239 0.99888165 0.99888605 0.99888231
 0.99888519 0.99888922 0.99889806 0.99890289 0.99891012 0.99891965
 0.99893014 0.99893207 0.99893774 0.9989409  0.99894364 0.9989512
 0.99895344 0.99895806 0.99896306 0.99896473 0.99897241 0.9989735
 0.99897701 0.99898453 0.99899137 0.99899672 0.99900076 0.99900027
 0.99900932 0.9990163  0.99901763 0.99901549 0.99901272 0.99901829
 0.99901988 0.99901706 0.99901858 0.99902986 0.999035   0.99903392
 0.99903102 0.99903214 0.99903341 0.99903846 0.99904287 0.99904814
 0.99905029 0.99905359 0.99905435 0.99905836 0.99906087 0.99906843
 0.999052   0.99907714 0.99851837 0.99855697 0.99852399 0.99859346
 0.99860847 0.99860994 0.99862468 0.99864341 0.99864329 0.99865703
 0.99866676 0.99868181 0.99869925 0.99872024 0.99873217 0.9987483
 0.99876199 0.99877195 0.99878348 0.99879333 0.99880027 0.99880609
 0.99881267 0.9988282  0.99884538 0.99886344 0.99888176 0.99889938
 0.99890596 0.99891761 0.9989276  0.99894334 0.99895085 0.99896199
 0.99897001 0.99898189 0.9989942  0.99901202 0.99902465 0.99903524
 0.999047   0.99905396 0.99906108 0.9990661  0.99907346 0.99908689
 0.99909723 0.99910853 0.99912185 0.99913502 0.99914386 0.99914891
 0.99915293 0.99916429 0.99917327 0.99918293 0.99919159 0.99920014
 0.99920849 0.99921594 0.99922235 0.99922871 0.99923148 0.99924095
 0.99925583 0.99927584 0.999291   0.99929964 0.99930502 0.99931323
 0.999318   0.99931757 0.99932238 0.9993392  0.99935378 0.99936419
 0.99937363 0.9993842  0.99939607 0.99940527 0.99941294 0.99942416
 0.99943344 0.99943654 0.99944162 0.99945351 0.99947045 0.99948163
 0.99948985 0.99949363 0.99950052 0.99950455 0.99950987 0.99951583
 0.99952128 0.99952986 0.99953516 0.99954299 0.99954271 0.99953745
 0.99954112 0.99955633 0.99956572 0.99956826 0.99957435 0.99958406
 0.99959109 0.99959112 0.99959696 0.99960696 0.99961982 0.999627
 0.99963506 0.99964384 0.99964692 0.99964492 0.99964395 0.99965105
 0.99965479 0.99965293 0.99965321 0.99964721 0.99962681 0.99962209
 0.99962783 0.99962173 0.99961629 0.99968182 0.99955519 0.9995921
 0.99951215 0.99960783 0.99961037 0.99959053 0.9996051  0.999616
 0.99959897 0.99959603 0.9996083  0.99961319 0.9996197  0.99962681
 0.99963016 0.99963252 0.99963408 0.99963065 0.9996332  0.99963254
 0.99963578 0.99963631 0.99963561 0.99963152 0.99963318 0.99962903
 0.9996324  0.99963454 0.999629   0.99963504 0.9996412  0.99964838
 0.99964639 0.99964212 0.9996332  0.99963058 0.99963545 0.99965387
 0.99965781 0.99965212 0.99965456 0.99964978 0.99964996 0.99964907
 0.99964909 0.99965617 0.99965708 0.99965258 0.99965034 0.99965389
 0.99965148 0.9996475  0.99963733 0.99964436 0.9996429  0.99964254
 0.99964397 0.99964835 0.99964744 0.99964427 0.9996402  0.99964655
 0.99964308 0.99964222 0.9996403  0.99964433 0.99963984 0.99963384
 0.99962295 0.99962931 0.99962319 0.99961502 0.9996112  0.99962349
 0.9996231  0.99961815 0.9996142  0.9996225  0.99962556 0.99962559
 0.99961972 0.99962097 0.99961895 0.99961426 0.99960868 0.99961722
 0.99962028 0.99961997 0.99961922 0.99961494 0.99961695 0.99961016
 0.99961178 0.99961969 0.99961736 0.99961812 0.999613   0.99961369
 0.99960675 0.9995992  0.99959517 0.9996042  0.99959739 0.99958946
 0.99958938 0.99959536 0.99959865 0.99959172 0.99959249 0.99959316
 0.99959413 0.99958819 0.99958803 0.99959207 0.99958879 0.99958053
 0.99957606 0.99958272 0.99958584 0.99958281 0.9995882  0.99958571
 0.99957317 0.99958143 0.9995966  0.99957503 0.99954335 0.99959861
 0.99937938 0.99941628 0.99931339 0.99948634 0.99948935 0.9994084
 0.99944242 0.99946867 0.99943535 0.9994146  0.99942366 0.9994305
 0.99944039 0.99945428 0.99945301 0.99944896 0.99944407 0.99943072
 0.99943192 0.99942867 0.9994327  0.99943207 0.99942918 0.99941705
 0.99941468 0.99940301 0.99940646 0.99941123 0.99940067 0.99941085
 0.99942012 0.99943321 0.99942672 0.99941771 0.99940096 0.99939503
 0.99939988 0.99943087 0.99944049 0.99942999 0.9994354  0.99942324
 0.99942244 0.99941906 0.9994147  0.9994218  0.99941823 0.99940615
 0.99939877 0.99940344 0.9993974  0.9993899  0.99937429 0.99938928
 0.99938667 0.99938395 0.99938525 0.99939527 0.99939692 0.99939538
 0.99939092 0.99939972 0.99939582 0.99939569 0.99939026 0.99939164
 0.99938047 0.99936988 0.99935571 0.99936823 0.9993624  0.9993553
 0.99935233 0.99936926 0.99936761 0.99936046 0.99935628 0.99936878
 0.99937315 0.99937436 0.99936708 0.99936901 0.99936627 0.99936184
 0.99935523 0.99936635 0.99936899 0.9993677  0.99936579 0.99936003
 0.99936234 0.99935435 0.99935642 0.99936623 0.99936389 0.99936535
 0.99936024 0.9993621  0.99935532 0.99934765 0.99934399 0.99935496
 0.99934662 0.99933659 0.99933546 0.99934143 0.99934498 0.99933721
 0.9993387  0.99933987 0.99934223 0.99933675 0.99933794 0.99934249
 0.99933931 0.99933087 0.99932652 0.99933228 0.99933468 0.9993312
 0.99933636 0.99933362 0.99932163 0.99932976 0.99934514 0.99932393
 0.9992932  0.99934396 0.99895621 0.99899776 0.99891307 0.99906935
 0.9990803  0.99901514 0.99904308 0.99906094 0.99902951 0.99900632
 0.99900783 0.99901333 0.99902151 0.99903137 0.99902392 0.99901517
 0.99901187 0.9990054  0.99900698 0.99900461 0.99900366 0.99899734
 0.99899158 0.99898225 0.99898376 0.99898099 0.99898869 0.9989953
 0.99898451 0.99898776 0.99899231 0.99900122 0.9989988  0.99899678
 0.99898889 0.99898871 0.99899132 0.9990097  0.99901287 0.99900613
 0.99900609 0.99899695 0.99899433 0.99899364 0.99898901 0.99899003
 0.9989844  0.99897711 0.99897335 0.99897793 0.99897122 0.99896621
 0.99895508 0.99896544 0.9989624  0.99895988 0.99895763 0.99896138
 0.99895923 0.99895783 0.99895422 0.99895934 0.99895658 0.99895597
 0.99895075 0.99894948 0.99893988 0.99893487 0.99892803 0.9989376
 0.99893385 0.99893031 0.99892927 0.99893936 0.99893617 0.99892828
 0.99892095 0.99892183 0.99891923 0.99891761 0.99891491 0.99891707
 0.99891507 0.99891152 0.99890737 0.99891092 0.99890993 0.99890702
 0.99890405 0.99890166 0.99889811 0.99888775 0.99888623 0.99888953
 0.99889196 0.99888945 0.99888685 0.99888497 0.99888254 0.99887788
 0.99887422 0.99887436 0.99887079 0.99886497 0.998863   0.99886158
 0.99886003 0.99885555 0.99885547 0.99885328 0.9988524  0.99885092
 0.99884959 0.99884577 0.99884008 0.99883432 0.99883179 0.99882933
 0.99882561 0.99882108 0.99881735 0.99881552 0.99881334 0.99881242
 0.99880847 0.99880568 0.99880117 0.99880459]","[0.00274855 0.0028083  0.00139051 0.00106788 0.0017604  0.00115153
 0.00110872 0.00113891 0.00102302 0.00098155 0.00088107 0.00068645
 0.00064705 0.00065244 0.00072739 0.00080865 0.00087736 0.00088364
 0.00089215 0.00102533 0.00109208 0.00113162 0.00107666 0.00097931
 0.00094065 0.00089696 0.00097674 0.00115758 0.00141091 0.00147083
 0.00145139 0.00128389 0.00132058 0.00138281 0.00149541 0.00152164
 0.00142956 0.00117675 0.00093748 0.00079462 0.00064009 0.00060155
 0.00065381 0.00060906 0.00061571 0.00061662 0.00061751 0.00061491
 0.00058284 0.00058715 0.00061335 0.00061308 0.00054651 0.00053599
 0.00051297 0.00055693 0.00057388 0.00061082 0.0005985  0.00061984
 0.00056151 0.00063254 0.00049652 0.00046461 0.00047222 0.00046418
 0.00049972 0.00050804 0.00060649 0.00065879 0.00053973 0.00048115
 0.00055138 0.00064287 0.00058884 0.00053325 0.00047608 0.00070361
 0.00076755 0.00080006 0.0008048  0.00098559 0.00106673 0.00102939
 0.00095209 0.00092897 0.00088546 0.00091794 0.00101047 0.00085414
 0.00079032 0.00068757 0.00066477 0.00077087 0.00074127 0.0006841
 0.0006192  0.00060838 0.00061936 0.00073055 0.00079301 0.00093589
 0.00077328 0.00060633 0.00072318 0.00094762 0.0011637  0.0010846
 0.00109275 0.00126436 0.00123236 0.00084456 0.00064438 0.00087972
 0.0011199  0.0012062  0.00128203 0.00117001 0.0010278  0.00081202
 0.00078847 0.00075657 0.00103483 0.00092111 0.000924   0.0009096
 0.00192853 0.00127985 0.00734399 0.00678223 0.0072724  0.00663156
 0.00650371 0.0066196  0.00655918 0.00645402 0.00656826 0.00651123
 0.00650738 0.00646334 0.00638259 0.00626212 0.00624814 0.00616659
 0.00611284 0.00609862 0.00605241 0.00603773 0.00606144 0.00610634
 0.00613131 0.00605244 0.00595968 0.00585626 0.00574365 0.0056283
 0.00565278 0.00560654 0.00558793 0.00548106 0.00550382 0.00546619
 0.00547652 0.00544187 0.00539722 0.00525138 0.00516371 0.00511295
 0.00500952 0.00501335 0.00501493 0.00506129 0.00508045 0.00500535
 0.00497017 0.00491397 0.00484436 0.00477188 0.00475552 0.00478966
 0.0048518  0.00478668 0.0047648  0.00473278 0.00471179 0.00468727
 0.00468737 0.00468833 0.0047196  0.00474868 0.00484831 0.00482688
 0.00473257 0.0045493  0.00444182 0.00443666 0.00447667 0.00445203
 0.00448528 0.00459709 0.00462914 0.00446729 0.0043545  0.00431428
 0.00429821 0.00425465 0.00419398 0.00415936 0.00414829 0.00405342
 0.00399222 0.00406724 0.00411403 0.00402695 0.0038352  0.00374007
 0.00369983 0.00376409 0.00374121 0.00378398 0.00378933 0.00378452
 0.00380115 0.00373704 0.00373505 0.00368104 0.00378371 0.00398224
 0.0040022  0.00380791 0.00371719 0.00376011 0.00372969 0.00362841
 0.00357039 0.00365968 0.00362569 0.00350803 0.00331555 0.00324512
 0.00314898 0.00303918 0.00307004 0.00321795 0.00333952 0.00327361
 0.00328273 0.00340046 0.00344005 0.00359309 0.00399947 0.00409864
 0.00401716 0.00416496 0.00431676 0.00311986 0.00504643 0.00447843
 0.0056051  0.00421057 0.00416451 0.0045782  0.0044062  0.00423958
 0.00452834 0.0045815  0.0043951  0.00431189 0.00418672 0.0040476
 0.00399105 0.00394974 0.00393301 0.00401208 0.00397972 0.00401462
 0.00397218 0.00398933 0.0039932  0.00405471 0.00403098 0.00412642
 0.00405655 0.00400278 0.00407931 0.00397216 0.0038671  0.0037242
 0.00375816 0.00381917 0.00396047 0.0040262  0.00394701 0.00359125
 0.00347161 0.00355086 0.00347711 0.0035922  0.00358563 0.00361646
 0.00362774 0.00349418 0.00348624 0.00357238 0.00361198 0.00352605
 0.00353919 0.00360518 0.00377845 0.00361767 0.0036189  0.00362203
 0.00359726 0.00351637 0.00351931 0.00357358 0.00363599 0.0034942
 0.00354423 0.00352353 0.00354423 0.00346205 0.00354444 0.00366552
 0.00384521 0.00368061 0.00375155 0.00387483 0.00391465 0.00365852
 0.00363711 0.00372594 0.00379104 0.00362639 0.0035613  0.00354791
 0.00365342 0.00360837 0.00360796 0.00368509 0.00379073 0.00363135
 0.00358186 0.00358406 0.00358939 0.00368007 0.00361506 0.00372697
 0.0036625  0.00348089 0.00352415 0.00348343 0.00356368 0.00352747
 0.00364181 0.00379073 0.00385456 0.00366625 0.00378201 0.00391383
 0.00390795 0.00379933 0.00372395 0.00383869 0.00380404 0.00376965
 0.00372905 0.00383705 0.00383013 0.00373537 0.00378713 0.00392666
 0.00400921 0.00386822 0.0038005  0.00384147 0.00371431 0.0037364
 0.00395583 0.00378123 0.0034557  0.0038665  0.0044458  0.00346094
 0.00611236 0.00562193 0.00688272 0.00470127 0.00461538 0.00576613
 0.00533578 0.00491244 0.00535221 0.00558314 0.00545168 0.00538576
 0.00525222 0.00503778 0.00502618 0.00502372 0.00505672 0.00523846
 0.00520894 0.00527759 0.00523354 0.00525998 0.00529618 0.00541413
 0.00542132 0.00558203 0.00553881 0.00547651 0.00558637 0.00544731
 0.00534337 0.00516907 0.00525957 0.0053512  0.00553042 0.00560788
 0.00553262 0.00509528 0.00493652 0.00508463 0.00496854 0.00513724
 0.00512193 0.00517961 0.00522778 0.00509959 0.00512171 0.00527573
 0.00537843 0.00532327 0.00536475 0.0054454  0.00563429 0.00543319
 0.00545096 0.00547764 0.00545621 0.00534199 0.00532696 0.00535943
 0.00541273 0.005292   0.00535395 0.00535141 0.00541841 0.00539795
 0.00551324 0.00563936 0.00581913 0.00566893 0.00574877 0.00585646
 0.00589697 0.00567882 0.00568147 0.00576109 0.00580656 0.00564491
 0.00559261 0.00558592 0.00569382 0.00566757 0.00568521 0.00574528
 0.00584614 0.00571822 0.00568255 0.00568484 0.00569211 0.00578009
 0.00572417 0.00580052 0.00575469 0.00563034 0.00568923 0.00565968
 0.00572819 0.00570705 0.00580531 0.00591641 0.00595713 0.00580898
 0.00591067 0.00602424 0.00602993 0.00594862 0.00589856 0.00599493
 0.00598311 0.00596663 0.00594637 0.0060378  0.00603914 0.00597181
 0.00600331 0.00610427 0.00617168 0.00608804 0.00605446 0.00609356
 0.00602083 0.00606008 0.00622535 0.00613277 0.00593681 0.006209
 0.00661872 0.00602163 0.0089098  0.00845888 0.00933132 0.00802539
 0.00789357 0.00850993 0.00825453 0.00805374 0.00832874 0.00848472
 0.00844632 0.00840259 0.00831822 0.00821782 0.00827237 0.00832274
 0.00835487 0.00843602 0.00841148 0.00842413 0.00841403 0.00845965
 0.00850294 0.00857156 0.0085606  0.00861048 0.0085637  0.00851233
 0.00859354 0.008547   0.00850893 0.00841881 0.00845648 0.00848374
 0.00856577 0.0085813  0.0085593  0.00838171 0.00834652 0.00841851
 0.00838286 0.00846413 0.0084752  0.00849492 0.0085314  0.00849985
 0.00853102 0.00859399 0.00864313 0.00861678 0.00865679 0.00868309
 0.00877321 0.00867868 0.00869949 0.00871243 0.00871429 0.00867228
 0.0086836  0.00868751 0.00871374 0.00866753 0.00870817 0.00871765
 0.00876496 0.00877196 0.00884358 0.00888927 0.0089601  0.00888307
 0.00891679 0.00894864 0.00896005 0.00886677 0.00889006 0.00894085
 0.00898569 0.00894616 0.00895377 0.0089572  0.00898988 0.00897008
 0.0089862  0.00902232 0.00907296 0.00903608 0.00903473 0.00904592
 0.0090615  0.00909332 0.00909844 0.00915633 0.00916151 0.00913709
 0.0091511  0.00915657 0.0091762  0.00917716 0.00920365 0.00924259
 0.00926125 0.00923145 0.00926768 0.00932124 0.00933276 0.0093247
 0.00932209 0.0093625  0.00936441 0.00937635 0.00937901 0.00940426
 0.00940809 0.00941283 0.00944126 0.00948671 0.00951401 0.00951904
 0.00953675 0.00956712 0.0095775  0.00959703 0.00963795 0.00962597
 0.00962191 0.00966999 0.00976617 0.00965129]","[0.01537042 0.01514024 0.01467461 0.01446355 0.01439929 0.01423998
 0.01416201 0.01410879 0.01403868 0.01395131 0.01385832 0.0137066
 0.01358106 0.01350568 0.01345338 0.01342205 0.01338358 0.01331389
 0.01328258 0.01324721 0.01320999 0.01315659 0.01308599 0.01299131
 0.01290597 0.01277834 0.01269125 0.01262072 0.01258549 0.01256692
 0.01251891 0.01246318 0.01241633 0.01237077 0.01232482 0.01224666
 0.01217187 0.01209433 0.01202932 0.01196307 0.01193476 0.01188288
 0.01184623 0.01177656 0.01171307 0.01168066 0.01165016 0.01160074
 0.01153269 0.01147328 0.01144382 0.01142142 0.01137834 0.01134019
 0.0112924  0.01125184 0.01122457 0.01118959 0.01115053 0.01112024
 0.0111077  0.01110213 0.01107362 0.01105386 0.01101519 0.01096557
 0.01093772 0.01093615 0.01092672 0.01092457 0.01088367 0.01084874
 0.01081496 0.01079324 0.01074856 0.01072239 0.01071591 0.01074856
 0.01074942 0.01074472 0.01071654 0.01070773 0.0106871  0.01065491
 0.01061765 0.01062271 0.01060909 0.01060793 0.01060883 0.0105854
 0.01058876 0.01058001 0.01056733 0.01057162 0.0105451  0.01055234
 0.01054707 0.01052102 0.01049829 0.01048317 0.01047482 0.01049021
 0.01045539 0.01043125 0.01043698 0.01046112 0.01048872 0.01046903
 0.01047053 0.01049557 0.0104975  0.01044698 0.01042927 0.01044506
 0.01047081 0.01047479 0.01047801 0.01046062 0.01044668 0.01042794
 0.0104262  0.01041813 0.01042401 0.01041029 0.01040485 0.01037128
 0.01047086 0.01033945 0.01311153 0.01295014 0.01310797 0.01280626
 0.01274814 0.01275186 0.01269447 0.01261808 0.01262899 0.01257519
 0.01253989 0.01247813 0.01240451 0.01231316 0.01226477 0.01219556
 0.01213775 0.01209784 0.01204993 0.01201007 0.01198446 0.01196429
 0.01194029 0.01187084 0.01179241 0.01170866 0.01162091 0.0115359
 0.01150831 0.01145376 0.01140768 0.0113305  0.01129699 0.0112437
 0.01120698 0.01114895 0.01108807 0.01099614 0.01093229 0.01087941
 0.01081952 0.01078656 0.01075152 0.01072833 0.01069157 0.01061935
 0.0105646  0.01050379 0.01043052 0.01035744 0.01030982 0.01028485
 0.01026594 0.01020229 0.01015268 0.01009857 0.01005025 0.01000231
 0.0099548  0.00991262 0.00987685 0.00984113 0.00982823 0.00977228
 0.00968075 0.00955437 0.00945848 0.0094053  0.0093737  0.00932272
 0.00929492 0.00930244 0.00927419 0.00916194 0.00906391 0.00899417
 0.00893066 0.00885847 0.00877616 0.00871256 0.00865963 0.00857986
 0.00851386 0.00849396 0.00845894 0.00837174 0.0082443  0.00816012
 0.00809841 0.0080711  0.00801871 0.00798904 0.00794875 0.00790298
 0.00786102 0.00779292 0.0077516  0.0076887  0.00769368 0.00774045
 0.00771236 0.00758607 0.00750799 0.0074886  0.00743818 0.00735514
 0.00729498 0.00729702 0.00724695 0.00715873 0.00704286 0.00697824
 0.00690459 0.0068232  0.00679571 0.00681715 0.00682857 0.00676231
 0.00672811 0.00674839 0.00674732 0.00680713 0.00700282 0.0070487
 0.0069967  0.00705561 0.00710786 0.00647415 0.00765674 0.00733404
 0.00802265 0.0071948  0.00717329 0.00735546 0.00722526 0.00712669
 0.00728456 0.00731283 0.00720247 0.00715895 0.00709997 0.00703487
 0.0070048  0.00698396 0.00697064 0.00700473 0.00698212 0.00698998
 0.00696059 0.0069571  0.00696536 0.00700549 0.00699084 0.00703148
 0.00700063 0.00698145 0.00703528 0.00697901 0.006921   0.00685259
 0.00687306 0.00691561 0.00700249 0.00702863 0.00698338 0.00680588
 0.00676816 0.00682512 0.00680207 0.00684988 0.006849   0.00685865
 0.00685937 0.00679076 0.00678266 0.00682796 0.00685086 0.00681694
 0.00684159 0.00688145 0.006981   0.00691394 0.0069291  0.00693333
 0.00692027 0.00687831 0.00688793 0.00691959 0.00695986 0.00689896
 0.00693354 0.00694272 0.0069621  0.00692382 0.0069681  0.00702678
 0.00713131 0.00707174 0.00713044 0.00720786 0.00724413 0.00712927
 0.00713357 0.00718081 0.00721845 0.00714097 0.00711253 0.00711285
 0.00716897 0.00715776 0.00717748 0.0072221  0.00727477 0.00719551
 0.00716716 0.00717044 0.00717799 0.00721865 0.00720023 0.00726418
 0.00724948 0.00717565 0.00719813 0.00719138 0.00723985 0.00723382
 0.00729897 0.00736923 0.00740667 0.00732407 0.00738713 0.00745984
 0.00746086 0.00740669 0.00737682 0.00744064 0.00743398 0.00742814
 0.00741963 0.0074741  0.00747592 0.00743952 0.0074698  0.00754485
 0.00758528 0.00752563 0.00749766 0.00752528 0.00747672 0.00749956
 0.00761245 0.00753864 0.00740096 0.00759655 0.00787478 0.00738325
 0.00918098 0.00890419 0.00965736 0.00835326 0.00832907 0.00896513
 0.00870367 0.00849649 0.00875901 0.00891869 0.00884954 0.00879708
 0.00872054 0.00861178 0.00862197 0.00865408 0.00869253 0.00879647
 0.00878742 0.00881275 0.00878181 0.00878673 0.00880918 0.00890237
 0.00892058 0.00900918 0.00898322 0.0089472  0.00902717 0.00895033
 0.00887973 0.00877907 0.00882932 0.00889859 0.00902582 0.00907059
 0.00903418 0.00879788 0.00872319 0.00880476 0.0087629  0.00885683
 0.008863   0.00888896 0.00892237 0.00886812 0.00889555 0.00898752
 0.00904326 0.00900816 0.00905374 0.00910995 0.00922581 0.00911466
 0.00913409 0.00915433 0.00914469 0.0090699  0.00905749 0.00906914
 0.00910253 0.00903655 0.0090659  0.00906696 0.00910764 0.00909734
 0.00918052 0.00925876 0.00936222 0.00927081 0.00931349 0.00936516
 0.0093867  0.00926325 0.00927531 0.0093276  0.00935809 0.00926677
 0.00923462 0.00922576 0.00927933 0.00926514 0.00928526 0.00931764
 0.00936577 0.00928461 0.00926525 0.00927469 0.00928864 0.00933071
 0.00931386 0.00937203 0.00935695 0.00928534 0.00930247 0.00929182
 0.00932911 0.00931559 0.00936498 0.00942046 0.00944681 0.00936742
 0.00942778 0.00949978 0.00950791 0.00946502 0.00943943 0.00949529
 0.00948459 0.00947612 0.00945917 0.00949849 0.00948999 0.00945728
 0.0094801  0.00954044 0.0095713  0.00953026 0.00951305 0.00953788
 0.00950098 0.00952051 0.00960577 0.00954795 0.00943777 0.00958934
 0.00980481 0.00944617 0.01191505 0.01167553 0.01215874 0.01125066
 0.01118417 0.01157356 0.01140813 0.0113011  0.01148861 0.01162503
 0.01161612 0.01158385 0.01153566 0.01147739 0.01152136 0.01157285
 0.01159219 0.01163011 0.01162076 0.01163455 0.01163999 0.01167677
 0.01171021 0.01176416 0.01175536 0.01177132 0.01172674 0.01168826
 0.01175082 0.01173191 0.0117055  0.01165358 0.01166763 0.01167937
 0.01172512 0.01172604 0.01171084 0.01160356 0.01158486 0.01162426
 0.01162445 0.0116777  0.01169286 0.01169675 0.01172358 0.01171759
 0.01175013 0.01179221 0.01181379 0.01178729 0.0118258  0.01185451
 0.01191801 0.01185871 0.011876   0.01189036 0.01190308 0.01188159
 0.01189379 0.01190172 0.01192222 0.01189293 0.0119086  0.011912
 0.01194167 0.0119488  0.01200315 0.01203136 0.01206982 0.01201572
 0.0120368  0.01205664 0.01206239 0.01200531 0.01202323 0.01206764
 0.01210874 0.0121037  0.0121182  0.01212722 0.01214224 0.01213002
 0.01214107 0.01216073 0.01218374 0.01216381 0.01216921 0.01218531
 0.01220174 0.01221487 0.0122345  0.01229175 0.01229997 0.01228165
 0.01226809 0.01228183 0.01229602 0.01230626 0.01231951 0.01234502
 0.01236499 0.01236403 0.01238348 0.01241522 0.01242581 0.01243345
 0.01244176 0.01246601 0.01246632 0.0124781  0.01248276 0.01249068
 0.01249773 0.01251828 0.0125489  0.0125798  0.01259328 0.01260638
 0.01262621 0.01265032 0.01267016 0.0126798  0.01269128 0.012696
 0.01271694 0.01273166 0.01275549 0.01273711]","(array([[8.71021181e-01, 8.54735926e-01, 8.38450671e-01, ...,
        9.46993075e-01, 9.46982564e-01, 9.46972053e-01],
       [1.21438880e-01, 1.18350686e-01, 1.15262492e-01, ...,
        3.24012042e-01, 3.24232006e-01, 3.24451969e-01],
       [7.21200405e-02, 7.15470255e-02, 7.09740105e-02, ...,
        3.13142373e-05, 3.09079492e-05, 3.05016612e-05],
       [1.79825127e-01, 1.75994772e-01, 1.72164417e-01, ...,
        0.00000000e+00, 0.00000000e+00, 0.00000000e+00],
       [3.61491474e-01, 3.56227994e-01, 3.50964513e-01, ...,
        3.30032248e-04, 3.27418718e-04, 3.24805187e-04]]), array([[8.71021181e-01, 8.54735926e-01, 8.38450671e-01, ...,
        9.45042922e-01, 9.43233497e-01, 9.46727574e-01],
       [1.21438880e-01, 1.18350686e-01, 1.15262492e-01, ...,
        3.22318421e-01, 3.21736789e-01, 3.23108626e-01],
       [7.21200405e-02, 7.15470255e-02, 7.09740105e-02, ...,
        2.12926596e-04, 2.07533091e-04, 2.13864025e-04],
       [1.79825127e-01, 1.75994772e-01, 1.72164417e-01, ...,
        5.34067327e-09, 3.43319329e-09, 6.86898641e-09],
       [3.61491474e-01, 3.56227994e-01, 3.50964513e-01, ...,
        5.00749962e-04, 5.10854576e-04, 5.19242460e-04]]))","(array([[7.95765717e-01, 7.81656733e-01, 7.67547749e-01, ...,
        9.54825816e-01, 9.54814625e-01, 9.54803435e-01],
       [6.67734706e-01, 6.47276239e-01, 6.26817772e-01, ...,
        3.66887679e-01, 3.67059575e-01, 3.67231472e-01],
       [7.49173759e-01, 7.33294569e-01, 7.17415380e-01, ...,
        2.57062095e-04, 2.53954664e-04, 2.50847233e-04],
       [1.94577505e-01, 1.90549855e-01, 1.86522204e-01, ...,
        1.60121444e-10, 1.52159863e-10, 1.44198281e-10],
       [5.82066309e-01, 5.67975980e-01, 5.53885651e-01, ...,
        5.10169974e-05, 5.06118902e-05, 5.02067831e-05]]), array([[7.95765717e-01, 7.81656733e-01, 7.67547749e-01, ...,
        9.50010813e-01, 9.48196448e-01, 9.51692149e-01],
       [6.67734706e-01, 6.47276239e-01, 6.26817772e-01, ...,
        3.50261596e-01, 3.49628638e-01, 3.51065390e-01],
       [7.49173759e-01, 7.33294569e-01, 7.17415380e-01, ...,
        4.63974390e-04, 4.57904667e-04, 4.74509581e-04],
       [1.94577505e-01, 1.90549855e-01, 1.86522204e-01, ...,
        1.17034582e-09, 5.98872012e-10, 1.90880327e-09],
       [5.82066309e-01, 5.67975980e-01, 5.53885651e-01, ...,
        2.94633894e-04, 3.00346839e-04, 3.05456655e-04]]))"
7,future_outlook,zz294_VAE_saved_sims_bgLV_I7_bgLV_B15_T5_fixed,5,future_outlook_8000_raw_latent_2025-02-03T21:54.npz,8000,raw,latent,"(8000, 5, 768)","(2000, 5, 768)","[0.9998896  0.99988571 0.99997221 0.99998375 0.99995621 0.99998142
 0.99998292 0.99998213 0.9999857  0.99998695 0.99998957 0.99999372
 0.99999447 0.99999441 0.9999931  0.99999152 0.99999009 0.99999001
 0.99998988 0.99998672 0.99998503 0.99998403 0.99998563 0.99998819
 0.99998917 0.99999022 0.99998848 0.99998392 0.99997626 0.99997434
 0.99997514 0.99998065 0.99997963 0.99997778 0.99997415 0.99997337
 0.99997662 0.99998424 0.99999005 0.99999289 0.99999541 0.99999597
 0.99999526 0.99999591 0.99999584 0.99999584 0.99999585 0.9999959
 0.99999634 0.9999963  0.99999598 0.999996   0.99999684 0.99999697
 0.99999724 0.99999676 0.99999657 0.99999613 0.99999631 0.99999605
 0.99999677 0.99999592 0.99999749 0.99999781 0.99999775 0.99999783
 0.9999975  0.99999742 0.99999634 0.99999569 0.99999712 0.99999772
 0.99999701 0.99999595 0.99999662 0.99999723 0.9999978  0.99999521
 0.99999432 0.99999384 0.99999379 0.99999071 0.99998914 0.99998992
 0.9999914  0.99999183 0.9999926  0.99999207 0.99999042 0.99999317
 0.99999417 0.9999956  0.9999959  0.9999945  0.99999492 0.99999569
 0.99999647 0.99999661 0.99999649 0.99999513 0.99999427 0.99999204
 0.99999458 0.99999668 0.99999528 0.99999192 0.99998785 0.99998947
 0.99998933 0.99998574 0.99998648 0.99999366 0.99999632 0.99999315
 0.99998892 0.99998717 0.99998553 0.99998797 0.99999074 0.99999423
 0.99999457 0.99999501 0.99999068 0.99999263 0.9999926  0.99999284
 0.99996785 0.99998586 0.99990885 0.99984891 0.99993716 0.99990866
 0.99989522 0.99993478 0.99993611 0.99993073 0.99994169 0.99994167
 0.99994267 0.99994372 0.99994359 0.99994357 0.999949   0.99994919
 0.99994893 0.99995224 0.99995327 0.9999548  0.99995673 0.99995827
 0.99995934 0.9999606  0.99996147 0.99996278 0.99996179 0.99995956
 0.99996215 0.99996314 0.99996416 0.99996228 0.9999629  0.99996195
 0.99996226 0.99996157 0.99996122 0.99995455 0.9999511  0.99995882
 0.9999551  0.99996591 0.99996806 0.99997013 0.99997089 0.99996991
 0.99996982 0.99997046 0.99997032 0.99996737 0.99996541 0.99996534
 0.99996942 0.99996973 0.99997125 0.99997067 0.99996829 0.9999675
 0.99996884 0.99996963 0.9999697  0.99996833 0.99996964 0.99997039
 0.99997183 0.99997269 0.99997384 0.99997493 0.99997552 0.99997397
 0.99997397 0.99997246 0.99997113 0.99997182 0.99997396 0.99997592
 0.99997659 0.9999757  0.9999758  0.99997571 0.99997616 0.99997598
 0.99997544 0.99997584 0.99997676 0.99997713 0.99997895 0.99997958
 0.99997935 0.99997969 0.99997907 0.99997883 0.99997811 0.99997685
 0.99997772 0.99997782 0.99997768 0.99997769 0.99997652 0.99997301
 0.99997231 0.99997534 0.99997703 0.99997514 0.99997419 0.99997455
 0.99997395 0.99997129 0.99997163 0.99997372 0.99997636 0.99997557
 0.99997445 0.99997331 0.99996905 0.9999639  0.99996125 0.99996518
 0.99996974 0.9999724  0.9999766  0.99997469 0.99996321 0.99995951
 0.99995984 0.99995532 0.99994802 0.99998179 0.99993928 0.99995521
 0.99990887 0.99995886 0.99995459 0.99995538 0.99995983 0.99996277
 0.99995602 0.99995223 0.99995687 0.99995866 0.99996072 0.99996193
 0.99996162 0.99996076 0.99996034 0.99996033 0.99996023 0.99995925
 0.99995942 0.99995835 0.99995767 0.99995535 0.99995543 0.99995173
 0.99995355 0.99995498 0.9999523  0.9999548  0.99995681 0.99995912
 0.99995803 0.99995669 0.99995294 0.99995053 0.9999522  0.99995933
 0.99995926 0.99995941 0.99995939 0.99995857 0.99995839 0.99995741
 0.99995629 0.99995807 0.99995743 0.99995508 0.99995356 0.99995517
 0.99995411 0.99995167 0.99994606 0.99995115 0.99995083 0.99995014
 0.99995012 0.99995219 0.99995205 0.99995032 0.99994818 0.99995191
 0.99995077 0.99995139 0.99995029 0.99995154 0.99994834 0.99994393
 0.99993763 0.99994377 0.99994158 0.99993739 0.9999359  0.99994457
 0.99994493 0.99994135 0.99993856 0.99994336 0.99994474 0.9999448
 0.99994125 0.99994245 0.99994235 0.99993998 0.99993621 0.99994137
 0.99994229 0.99994165 0.99994103 0.99993765 0.99993935 0.99993481
 0.99993686 0.99994266 0.99994171 0.99994248 0.99993993 0.99994084
 0.99993742 0.99993195 0.99992929 0.9999357  0.99993155 0.99992633
 0.99992615 0.99992964 0.99993211 0.99992795 0.99992949 0.99993092
 0.99993267 0.99992902 0.9999293  0.99993226 0.99992998 0.99992455
 0.99992117 0.9999264  0.99992844 0.99992661 0.99993082 0.99993025
 0.9999224  0.9999287  0.99993837 0.99992544 0.99990089 0.99993722
 0.99979185 0.99982588 0.99972219 0.99989896 0.99990344 0.9998175
 0.99984957 0.99988172 0.99985232 0.99983413 0.99984365 0.99984746
 0.99985749 0.99987375 0.9998759  0.99987762 0.99987609 0.99986324
 0.99986487 0.99985723 0.99985866 0.99985469 0.99985207 0.99984435
 0.99984354 0.99982868 0.99983186 0.99983614 0.99982847 0.99983868
 0.99984498 0.99985693 0.99985021 0.99984499 0.99983353 0.99982588
 0.99983133 0.9998639  0.99987585 0.99986642 0.99987473 0.9998621
 0.99986357 0.99985833 0.9998541  0.99986264 0.9998603  0.99984893
 0.99984089 0.99984512 0.99984378 0.99983769 0.99982319 0.99983942
 0.99983876 0.99983624 0.99983699 0.99984415 0.99984497 0.99984142
 0.99983761 0.99984687 0.99984283 0.99984414 0.99983927 0.9998396
 0.99983139 0.9998208  0.99980604 0.99981882 0.99981276 0.99980296
 0.99979972 0.99981825 0.99981908 0.99981191 0.99980761 0.99981964
 0.99982264 0.99982187 0.99981214 0.99981407 0.99981409 0.99980899
 0.99979963 0.99980881 0.99981052 0.99980984 0.99980926 0.99980043
 0.99980574 0.99979961 0.9998048  0.99981551 0.99980984 0.99981236
 0.99980659 0.99980797 0.99979955 0.99978837 0.99978443 0.99979692
 0.99978857 0.99977924 0.99977892 0.99978573 0.99979014 0.99978196
 0.99978332 0.99978538 0.99978712 0.99977767 0.99977662 0.999783
 0.99978008 0.99977068 0.99976318 0.99977163 0.99977454 0.99977073
 0.99977771 0.99977423 0.99975853 0.99976635 0.99978393 0.99975867
 0.99971601 0.99976845 0.99961327 0.9996821  0.99953091 0.9997315
 0.99974818 0.99964404 0.99968172 0.9997211  0.99968425 0.99966736
 0.99967818 0.99968229 0.99969566 0.99971286 0.99971056 0.99971153
 0.9997086  0.99969276 0.99969767 0.99969275 0.99969537 0.99968956
 0.99968527 0.99967885 0.99968042 0.99966586 0.99966935 0.9996751
 0.99966631 0.99967787 0.9996838  0.99969945 0.99969076 0.99968545
 0.99967196 0.99966479 0.99966868 0.99970191 0.99971182 0.99969881
 0.99971091 0.99969645 0.99969761 0.99969081 0.9996853  0.99969505
 0.99969318 0.99968198 0.99967087 0.99967353 0.99967262 0.99967033
 0.999656   0.99967316 0.99967165 0.99967076 0.99967325 0.999681
 0.99968068 0.99967954 0.99967614 0.99968521 0.99967618 0.99967529
 0.99966827 0.99966899 0.99966092 0.99965218 0.99963771 0.99965147
 0.99964575 0.99963829 0.99963634 0.99965649 0.99965627 0.9996508
 0.99964696 0.99966112 0.99966382 0.99966504 0.99965635 0.99966046
 0.99966014 0.9996529  0.99964053 0.99964909 0.99965156 0.99965241
 0.99965264 0.99964335 0.99964949 0.99964496 0.99964844 0.9996551
 0.99964508 0.99964828 0.99964476 0.99964824 0.9996411  0.99963176
 0.99963068 0.99964467 0.99963672 0.99962633 0.99962679 0.99963496
 0.99964085 0.9996327  0.99963352 0.99963456 0.99963616 0.99962666
 0.99962734 0.99963504 0.99963443 0.99962652 0.9996197  0.999627
 0.99962955 0.99962673 0.99963351 0.99963008 0.99961509 0.99962508
 0.99964164 0.99962095 0.99958053 0.99963417]","[0.99587587 0.99588359 0.99622373 0.99630961 0.99632794 0.9964507
 0.99652503 0.99658045 0.99665887 0.99672232 0.9967975  0.99688703
 0.99695848 0.99701093 0.99707434 0.99711738 0.9971536  0.99719921
 0.99722657 0.99725493 0.99729731 0.99735167 0.99741004 0.99746161
 0.99750071 0.99755433 0.99759896 0.99763907 0.9976771  0.99770391
 0.99774142 0.99776851 0.99780155 0.99782628 0.99785689 0.99789425
 0.99794029 0.99798281 0.99802856 0.99807966 0.99810549 0.99814994
 0.99818093 0.99821966 0.99825734 0.99827911 0.99830456 0.99833652
 0.99837687 0.99841047 0.99843761 0.99845812 0.99849123 0.99851819
 0.99854975 0.99857412 0.99859367 0.9986161  0.9986438  0.99866611
 0.99868556 0.99869892 0.998729   0.99875277 0.99878073 0.99880351
 0.99882634 0.99884237 0.99886275 0.99887429 0.99889422 0.99890956
 0.99892346 0.99893368 0.9989557  0.99897386 0.99898861 0.99898896
 0.9990005  0.9990123  0.99902904 0.99903627 0.99904914 0.99906712
 0.99908908 0.99909636 0.99910757 0.9991158  0.99912293 0.99914206
 0.99915225 0.99916632 0.99917675 0.99917959 0.99919554 0.99920353
 0.99921404 0.99922363 0.99923523 0.99924424 0.99924913 0.99924631
 0.99926025 0.99927378 0.99927666 0.9992742  0.99927292 0.99928354
 0.99928704 0.99928392 0.9992888  0.99930916 0.99932054 0.9993226
 0.99932315 0.99932831 0.99933197 0.99933346 0.99933545 0.99933823
 0.99933772 0.99933899 0.99933945 0.99933775 0.99933325 0.99933857
 0.99933722 0.99935266 0.99854694 0.99844551 0.9986017  0.99854902
 0.99853606 0.99861302 0.99863161 0.99863761 0.99867377 0.99868693
 0.99870399 0.99872177 0.99873418 0.99874562 0.99876857 0.99878125
 0.99879389 0.99881326 0.9988267  0.99884309 0.99886102 0.99888074
 0.99889743 0.99891013 0.99892152 0.99893522 0.99894339 0.99894981
 0.99896565 0.99897793 0.99899169 0.99899774 0.99901101 0.99901897
 0.99903008 0.99904049 0.99905104 0.99904973 0.9990537  0.99907326
 0.99907497 0.99910041 0.99911308 0.9991275  0.99913954 0.9991461
 0.99915528 0.99916522 0.999175   0.99918004 0.99918597 0.99919494
 0.99921096 0.99921879 0.9992295  0.99923671 0.99924178 0.99924914
 0.99926116 0.99927175 0.99928215 0.99929011 0.99930478 0.99931483
 0.99932553 0.99933394 0.99934424 0.99935592 0.99936673 0.99937129
 0.99937963 0.99938763 0.99939436 0.99939991 0.99940974 0.99942129
 0.99943156 0.99943805 0.99944666 0.99945455 0.99946372 0.99946965
 0.99947511 0.99948472 0.9994954  0.99950272 0.99951102 0.99951812
 0.99952396 0.99953321 0.99953756 0.99954416 0.99954854 0.9995526
 0.99956162 0.99956681 0.99957261 0.99957766 0.99958312 0.99958781
 0.99959277 0.99959914 0.99960653 0.9996108  0.99961435 0.9996186
 0.99962164 0.99962476 0.99962942 0.9996356  0.99964217 0.9996475
 0.99965154 0.99965477 0.99965657 0.99965794 0.9996618  0.99966866
 0.99967664 0.99968242 0.9996867  0.99968588 0.99967753 0.9996735
 0.99967277 0.99967351 0.99967602 0.99970661 0.9996881  0.99969327
 0.99966488 0.99969525 0.99968788 0.99970339 0.99971124 0.99971159
 0.99970914 0.99970553 0.99970899 0.99971155 0.99971187 0.99971087
 0.99970999 0.99970765 0.999708   0.99971163 0.99971286 0.99971588
 0.99971816 0.99972068 0.99971969 0.99971607 0.99971642 0.99971726
 0.99971903 0.99972007 0.9997165  0.9997184  0.99972136 0.99972263
 0.99972259 0.9997207  0.99971629 0.99971692 0.99971901 0.99972287
 0.9997194  0.99971898 0.99971645 0.9997187  0.99971823 0.99971937
 0.99971945 0.99972075 0.99972082 0.99971914 0.99971853 0.99971969
 0.9997158  0.9997129  0.99970685 0.99970941 0.99970725 0.99970685
 0.99970773 0.99971152 0.99971167 0.99971085 0.99970847 0.99971105
 0.99971005 0.99970867 0.99970733 0.99970926 0.99970633 0.99970384
 0.99969766 0.99970055 0.99969614 0.99969166 0.99968884 0.99969447
 0.99969268 0.99968933 0.99968654 0.99969037 0.99969172 0.99969157
 0.99968901 0.99968926 0.99968659 0.99968451 0.99968251 0.99968796
 0.99968987 0.99968915 0.99968803 0.9996868  0.999686   0.99968031
 0.99967967 0.99968368 0.99968447 0.99968362 0.9996806  0.99968038
 0.99967687 0.99967354 0.99967064 0.99967475 0.99967073 0.99966562
 0.99966537 0.9996689  0.99967054 0.99966661 0.99966739 0.9996676
 0.99966837 0.99966643 0.99966706 0.99966852 0.99966623 0.99966117
 0.99965959 0.99966247 0.99966374 0.99966131 0.99966309 0.99966132
 0.99965485 0.99965911 0.99966555 0.99965464 0.99963854 0.99967017
 0.9995603  0.99958023 0.99950643 0.99966388 0.9996639  0.99959288
 0.99962564 0.99965005 0.99962169 0.99959892 0.99960534 0.99961173
 0.99962077 0.99963428 0.99963458 0.99963082 0.99962775 0.99961816
 0.99961897 0.9996146  0.99961677 0.99961575 0.99961373 0.99960327
 0.99960206 0.99959262 0.99959816 0.99960376 0.99959478 0.99960362
 0.9996123  0.9996239  0.99962012 0.99961479 0.99960289 0.99959867
 0.99960389 0.99963242 0.99964215 0.99963444 0.9996378  0.99962702
 0.99962653 0.99962443 0.99962056 0.99962619 0.9996223  0.99961195
 0.99960695 0.99961353 0.99960896 0.99960179 0.9995878  0.99960263
 0.99960135 0.99959904 0.99959975 0.99960881 0.99961073 0.99960866
 0.99960502 0.99961409 0.99961297 0.99961469 0.999611   0.99961255
 0.99960332 0.99959446 0.99958302 0.99959623 0.99959203 0.99958578
 0.99958426 0.99960117 0.99960128 0.99959445 0.99959055 0.99960102
 0.9996049  0.99960567 0.99959991 0.99960267 0.99960215 0.9995991
 0.99959408 0.99960413 0.99960607 0.99960447 0.99960287 0.9995979
 0.99959988 0.99959145 0.99959452 0.99960524 0.99960526 0.99960657
 0.99960249 0.99960435 0.99959915 0.99959163 0.99958799 0.99959765
 0.99959097 0.99958283 0.99958248 0.99958789 0.9995914  0.99958514
 0.99958778 0.99958998 0.99959291 0.99958823 0.99958939 0.99959377
 0.99959058 0.99958292 0.99957912 0.99958562 0.9995884  0.99958541
 0.9995908  0.99958934 0.99957938 0.99958692 0.99960151 0.99958219
 0.99955385 0.99959751 0.99943172 0.99947128 0.99937058 0.99955147
 0.99955903 0.99947221 0.99950671 0.99953765 0.9995058  0.99948415
 0.99949134 0.99949655 0.99950713 0.99952166 0.99951997 0.99951736
 0.99951496 0.9995043  0.99950678 0.99950141 0.99950169 0.99949622
 0.99949193 0.999484   0.9994851  0.99947556 0.99948132 0.99948705
 0.99947796 0.99948673 0.99949368 0.99950621 0.99950136 0.99949742
 0.99948685 0.99948233 0.99948633 0.99951409 0.99952252 0.99951343
 0.99951833 0.99950644 0.99950633 0.99950328 0.99949878 0.99950472
 0.9995012  0.99949182 0.99948554 0.99949065 0.99948753 0.99948267
 0.99946941 0.99948372 0.9994822  0.99948053 0.99948086 0.99948723
 0.99948679 0.99948452 0.99948085 0.99948855 0.99948422 0.99948461
 0.99947985 0.9994806  0.99947236 0.99946467 0.9994535  0.99946553
 0.99946083 0.99945463 0.99945333 0.99946949 0.99946902 0.99946193
 0.99945652 0.99946428 0.9994652  0.99946486 0.99945903 0.999462
 0.99946177 0.99945745 0.99945049 0.9994575  0.99945859 0.99945742
 0.99945637 0.99945039 0.99945215 0.99944466 0.99944692 0.99945375
 0.99945078 0.99945153 0.99944824 0.99944927 0.99944439 0.99943697
 0.99943443 0.99944249 0.99943687 0.9994292  0.99942882 0.99943283
 0.99943538 0.99942924 0.99943027 0.99943065 0.99943155 0.99942601
 0.9994258  0.99942861 0.9994254  0.9994184  0.99941378 0.99941784
 0.99941847 0.99941515 0.99941807 0.99941591 0.9994067  0.99941222
 0.99942106 0.99940728 0.99938224 0.99941631]","[0.00274855 0.0028083  0.00139051 0.00106788 0.0017604  0.00115153
 0.00110872 0.00113891 0.00102302 0.00098155 0.00088107 0.00068645
 0.00064705 0.00065244 0.00072739 0.00080865 0.00087736 0.00088364
 0.00089215 0.00102533 0.00109208 0.00113162 0.00107666 0.00097931
 0.00094065 0.00089696 0.00097674 0.00115758 0.00141091 0.00147083
 0.00145139 0.00128389 0.00132058 0.00138281 0.00149541 0.00152164
 0.00142956 0.00117675 0.00093748 0.00079462 0.00064009 0.00060155
 0.00065381 0.00060906 0.00061571 0.00061662 0.00061751 0.00061491
 0.00058284 0.00058715 0.00061335 0.00061308 0.00054651 0.00053599
 0.00051297 0.00055693 0.00057388 0.00061082 0.0005985  0.00061984
 0.00056151 0.00063254 0.00049652 0.00046461 0.00047222 0.00046418
 0.00049972 0.00050804 0.00060649 0.00065879 0.00053973 0.00048115
 0.00055138 0.00064287 0.00058884 0.00053325 0.00047608 0.00070361
 0.00076755 0.00080006 0.0008048  0.00098559 0.00106673 0.00102939
 0.00095209 0.00092897 0.00088546 0.00091794 0.00101047 0.00085414
 0.00079032 0.00068757 0.00066477 0.00077087 0.00074127 0.0006841
 0.0006192  0.00060838 0.00061936 0.00073055 0.00079301 0.00093589
 0.00077328 0.00060633 0.00072318 0.00094762 0.0011637  0.0010846
 0.00109275 0.00126436 0.00123236 0.00084456 0.00064438 0.00087972
 0.0011199  0.0012062  0.00128203 0.00117001 0.0010278  0.00081202
 0.00078847 0.00075657 0.00103483 0.00092111 0.000924   0.0009096
 0.00192853 0.00127985 0.00325256 0.00419086 0.00270504 0.00326386
 0.00349854 0.00276245 0.0027363  0.00285156 0.00261838 0.00262111
 0.0026006  0.00257858 0.00258353 0.00258584 0.0024602  0.00245741
 0.00246554 0.00238616 0.00236203 0.00232482 0.00227617 0.00223714
 0.00220973 0.00217704 0.00215444 0.00211898 0.00214842 0.00221151
 0.0021408  0.00211376 0.00208581 0.00214103 0.0021245  0.00215294
 0.00214552 0.00216627 0.00217746 0.00235866 0.00244813 0.002248
 0.00234885 0.00204795 0.00198321 0.00191898 0.00189539 0.00192791
 0.00193187 0.00191216 0.00191767 0.00201195 0.00207249 0.00207561
 0.00195068 0.00194181 0.00189368 0.00191368 0.00199069 0.00201629
 0.00197544 0.00195099 0.00194997 0.00199451 0.00195379 0.0019303
 0.00188379 0.00185575 0.0018171  0.0017798  0.0017594  0.00181528
 0.0018161  0.00186893 0.00191459 0.00189237 0.00181971 0.0017504
 0.00172674 0.00175977 0.0017571  0.00176098 0.00174535 0.00175247
 0.00177285 0.00175894 0.00172586 0.00171274 0.00164377 0.00161994
 0.00162943 0.00161655 0.00164183 0.00165168 0.00168019 0.00172813
 0.00169618 0.00169275 0.00169871 0.00169904 0.00174348 0.00186988
 0.00189459 0.00178886 0.00172676 0.00179732 0.00183192 0.00181967
 0.00184151 0.00193385 0.001923   0.00185135 0.00175643 0.00178624
 0.00182708 0.00186793 0.00201226 0.00217389 0.00225285 0.00213634
 0.00199212 0.00190328 0.00175291 0.00182338 0.00219898 0.00230739
 0.00229867 0.00242496 0.00261639 0.0015489  0.00282919 0.00243044
 0.00346762 0.00233047 0.00244896 0.00242824 0.00230462 0.00221934
 0.00241257 0.00251493 0.00239003 0.00234039 0.00228205 0.00224706
 0.00225671 0.00228241 0.00229511 0.00229569 0.00229916 0.00232789
 0.00232349 0.00235438 0.00237412 0.00243882 0.002437   0.00253643
 0.00248858 0.00245055 0.00252274 0.00245624 0.00240128 0.00233664
 0.00236786 0.0024058  0.00250839 0.00257227 0.00252866 0.00233292
 0.00233536 0.00233134 0.00233232 0.00235589 0.00236144 0.00238939
 0.00242102 0.0023715  0.0023898  0.00245516 0.00249687 0.00245355
 0.0024827  0.0025481  0.00269233 0.0025624  0.00257123 0.00258952
 0.00259031 0.00253623 0.00254023 0.00258593 0.00264129 0.00254469
 0.00257517 0.00255895 0.00258823 0.0025558  0.00263904 0.00274968
 0.00290034 0.00275422 0.00280752 0.00290666 0.0029415  0.00273546
 0.0027268  0.00281413 0.00288064 0.00276611 0.00273231 0.00273122
 0.0028177  0.00278921 0.00279182 0.0028489  0.00293723 0.00281618
 0.00279408 0.00280961 0.00282477 0.00290462 0.00286492 0.00297042
 0.00292368 0.00278621 0.0028094  0.00279103 0.00285224 0.00283086
 0.0029116  0.00303636 0.00309552 0.00295196 0.00304597 0.00315993
 0.00316411 0.0030884  0.00303389 0.00312571 0.00309212 0.00306085
 0.003022   0.00310299 0.00309703 0.00303152 0.00308227 0.00319979
 0.00327086 0.00316065 0.00311645 0.00315612 0.00306455 0.00307725
 0.0032457  0.00311124 0.00289276 0.00318191 0.00366859 0.00291984
 0.00531683 0.00486304 0.00614285 0.00370478 0.00362174 0.00497932
 0.00452081 0.00400865 0.00447935 0.00474738 0.00460912 0.0045527
 0.0044007  0.00414198 0.00410674 0.00407824 0.00410378 0.00431135
 0.0042858  0.00440524 0.00438328 0.00444446 0.00448437 0.00460002
 0.00461203 0.00482614 0.00478121 0.00471994 0.00482928 0.00468339
 0.00459107 0.00441072 0.00451306 0.00459117 0.00475793 0.00486617
 0.00478939 0.00430226 0.00410893 0.00426225 0.00412751 0.00433061
 0.00430757 0.00438949 0.00445451 0.00432233 0.00435896 0.00453296
 0.00465199 0.00458985 0.00460963 0.00469868 0.00490407 0.00467365
 0.00468321 0.00471962 0.0047088  0.0046043  0.0045922  0.00464444
 0.00469997 0.00456395 0.00462375 0.00460456 0.00467598 0.00467109
 0.00478925 0.00493737 0.0051367  0.00496449 0.00504688 0.00517728
 0.00521967 0.00497236 0.00496092 0.00505828 0.00511581 0.0049533
 0.00491199 0.00492253 0.00505531 0.00502918 0.00502894 0.0050975
 0.00522081 0.00509986 0.005077   0.00508606 0.00509383 0.00521033
 0.00514049 0.00522105 0.00515296 0.00500961 0.00508595 0.00505214
 0.00512931 0.00511094 0.00522187 0.00536539 0.00541517 0.00525581
 0.00536279 0.00547979 0.00548382 0.00539869 0.00534282 0.00544586
 0.00542893 0.00540296 0.0053811  0.00549921 0.00551217 0.00543289
 0.00546929 0.00558493 0.00567543 0.0055733  0.00553754 0.0055842
 0.00549846 0.00554127 0.00573078 0.00563715 0.00542087 0.00572896
 0.00621473 0.00561171 0.00725228 0.00657531 0.00798725 0.00604275
 0.00585201 0.00695759 0.00657901 0.00615851 0.00655274 0.00672567
 0.0066154  0.00657291 0.00643311 0.00624869 0.00627369 0.00626309
 0.00629486 0.00646366 0.00641171 0.00646368 0.00643598 0.00649697
 0.0065417  0.00660806 0.00659186 0.00674031 0.0067049  0.00664638
 0.00673564 0.00661791 0.0065567  0.00639233 0.00648411 0.00653952
 0.00667818 0.00675072 0.00671138 0.00636582 0.00625906 0.00639877
 0.00626884 0.00642375 0.00641136 0.00648301 0.00654048 0.00643832
 0.00645806 0.00657475 0.00668864 0.00666144 0.00667065 0.00669393
 0.0068378  0.00666505 0.00668034 0.0066893  0.00666393 0.00658437
 0.00658764 0.0065993  0.00663423 0.00654063 0.00663371 0.00664281
 0.00671414 0.00670675 0.00678803 0.00687484 0.00701635 0.00688174
 0.00693791 0.00701046 0.00702931 0.0068317  0.00683387 0.00688793
 0.00692562 0.00678529 0.00675821 0.00674584 0.00683271 0.00679164
 0.00679479 0.00686664 0.00698786 0.0069041  0.00687968 0.00687116
 0.00686886 0.00696002 0.00689978 0.00694419 0.00690998 0.00684411
 0.00694279 0.00691132 0.00694569 0.00691149 0.00698122 0.00707141
 0.00708165 0.00694612 0.00702331 0.00712302 0.00711847 0.00704005
 0.00698298 0.00706169 0.00705368 0.00704356 0.00702813 0.00711912
 0.00711253 0.00703858 0.00704441 0.00712005 0.0071847  0.00711528
 0.0070908  0.00711769 0.00705262 0.00708541 0.00722751 0.00713294
 0.00697359 0.00717195 0.00754451 0.00704553]","[0.01686384 0.01691746 0.01627024 0.01615049 0.01617678 0.01596967
 0.01586673 0.01580461 0.01568675 0.01560116 0.01548477 0.0153297
 0.01521517 0.0151306  0.01501612 0.01495197 0.01490429 0.01483075
 0.01480443 0.01477475 0.01470625 0.0146033  0.0144868  0.01438689
 0.01432045 0.0142105  0.01412445 0.01404996 0.01398008 0.0139343
 0.01385497 0.01380648 0.01373858 0.01369571 0.0136334  0.01354831
 0.01343341 0.01332774 0.01320922 0.01307002 0.01301478 0.01289389
 0.01281794 0.012713   0.01260973 0.01255809 0.01249209 0.01240084
 0.01227631 0.01217518 0.01209724 0.01204392 0.01194    0.01185883
 0.01175763 0.01168403 0.01162917 0.01156144 0.01147033 0.01140065
 0.01133608 0.01129712 0.0111844  0.01109782 0.01099104 0.01090609
 0.01081964 0.0107635  0.01068624 0.01064971 0.01057274 0.01051675
 0.0104671  0.01043482 0.01034389 0.01027084 0.0102107  0.01022289
 0.01017831 0.01013196 0.01005952 0.01003577 0.00998225 0.009901
 0.00979729 0.00977151 0.00972408 0.00969252 0.00966668 0.00957391
 0.00953006 0.00946373 0.00941572 0.00941087 0.00933029 0.00929508
 0.00924481 0.00919936 0.00914155 0.00909861 0.00908017 0.00910835
 0.00903477 0.00896272 0.00895587 0.0089821  0.00900105 0.00894359
 0.00893023 0.00895825 0.00893621 0.00881583 0.0087513  0.00874637
 0.00875121 0.0087262  0.00871074 0.0087094  0.00870476 0.00869493
 0.00870667 0.00870673 0.00871207 0.00873036 0.00876708 0.0087391
 0.00875513 0.00865957 0.0129845  0.01344098 0.01275829 0.01300701
 0.01307561 0.01273771 0.01266245 0.01264499 0.01248632 0.01243444
 0.01236356 0.01228755 0.01223683 0.01219045 0.01208741 0.01203401
 0.01198034 0.01189263 0.01183394 0.01175981 0.01167706 0.01158422
 0.01150618 0.01144832 0.01139695 0.01133287 0.01129613 0.01126854
 0.01118994 0.01113004 0.01106154 0.011035   0.01096835 0.01093073
 0.01087528 0.01082335 0.01077019 0.0107842  0.01076823 0.01066288
 0.01065959 0.01051841 0.01044952 0.01036967 0.01030324 0.01026927
 0.01021928 0.01016436 0.01010996 0.01008435 0.0100531  0.01000283
 0.00990809 0.009864   0.00980134 0.00976058 0.00973326 0.00969109
 0.00961788 0.0095533  0.00948949 0.00944129 0.00934777 0.00928454
 0.00921626 0.00916311 0.00909644 0.00901945 0.00894782 0.00892
 0.00886496 0.00881199 0.00876775 0.00873098 0.00866255 0.00858075
 0.00850769 0.00846228 0.00840053 0.00834375 0.0082766  0.008234
 0.00819477 0.0081227  0.00804127 0.00798593 0.00792217 0.00786764
 0.00782302 0.00774926 0.00771563 0.00766305 0.00762876 0.00759692
 0.00752258 0.00748043 0.00743275 0.00739128 0.00734584 0.007307
 0.00726538 0.00721084 0.00714656 0.00711012 0.00708012 0.00704316
 0.00701717 0.0069904  0.00694904 0.00689296 0.00683269 0.00678377
 0.00674691 0.00671766 0.00670226 0.00669093 0.0066552  0.00658946
 0.0065117  0.00645535 0.00641318 0.00642318 0.00650956 0.00655174
 0.00656071 0.00655496 0.00653125 0.00621682 0.00641161 0.00635978
 0.00664931 0.00634243 0.00642027 0.00626032 0.0061784  0.00617627
 0.00620374 0.00624357 0.00620812 0.00618209 0.00618005 0.00619212
 0.00620285 0.00622922 0.00622688 0.00618937 0.00617761 0.00614635
 0.00612307 0.00609701 0.00610914 0.00614952 0.00614672 0.00613857
 0.00612044 0.00611009 0.00614996 0.00613032 0.00609905 0.00608619
 0.00608764 0.00610938 0.00615854 0.00615277 0.00613104 0.00608978
 0.00612886 0.00613431 0.00616261 0.00613892 0.00614496 0.0061333
 0.00613325 0.00611989 0.00611992 0.00613911 0.00614663 0.00613479
 0.00617809 0.00621036 0.00627629 0.00624971 0.00627375 0.00627874
 0.00627001 0.0062299  0.006229   0.00623858 0.00626494 0.00623783
 0.00624929 0.00626483 0.00627993 0.00625996 0.00629214 0.00631947
 0.00638584 0.00635599 0.00640316 0.00645071 0.0064806  0.00642221
 0.00644153 0.00647707 0.00650661 0.00646728 0.00645363 0.00645573
 0.00648309 0.00648101 0.00650935 0.00653138 0.00655263 0.00649666
 0.0064772  0.00648505 0.00649716 0.00651033 0.00651896 0.00657816
 0.00658522 0.00654424 0.00653645 0.00654563 0.00657727 0.00657992
 0.00661636 0.00665074 0.00668072 0.00663924 0.00668045 0.00673239
 0.00673521 0.0066999  0.00668362 0.00672364 0.00671611 0.00671431
 0.00670688 0.00672678 0.00672074 0.00670632 0.00672981 0.00678091
 0.00679702 0.00676845 0.00675584 0.0067804  0.00676281 0.00678076
 0.00684541 0.00680326 0.00673883 0.00684809 0.00700609 0.00669275
 0.00772778 0.00755089 0.00818802 0.00675718 0.00675719 0.00743708
 0.0071317  0.00689542 0.00716952 0.00738222 0.00732307 0.00726374
 0.00717883 0.00704991 0.00704713 0.00708351 0.00711304 0.00720423
 0.00719672 0.00723804 0.00721781 0.00722751 0.00724652 0.0073441
 0.00735541 0.00744225 0.00739155 0.00733993 0.00742274 0.00734145
 0.00726074 0.00715143 0.00718737 0.00723769 0.0073488  0.00738781
 0.00733967 0.00707041 0.0069763  0.00705109 0.00701862 0.00712238
 0.00712706 0.00714713 0.00718388 0.00713048 0.00716755 0.00726516
 0.00731184 0.00725051 0.00729328 0.00735993 0.00748814 0.0073522
 0.00736404 0.0073853  0.00737876 0.00729483 0.00727693 0.00729627
 0.00733018 0.00724557 0.00725603 0.00723999 0.00727456 0.00726008
 0.00734608 0.00742776 0.00753178 0.00741149 0.00744988 0.00750672
 0.0075205  0.00736598 0.00736497 0.00742782 0.00746345 0.00736737
 0.00733153 0.00732436 0.00737768 0.00735216 0.00735701 0.00738518
 0.00743122 0.0073386  0.00732062 0.00733542 0.00735023 0.00739609
 0.00737781 0.00745511 0.00742704 0.00732827 0.00732807 0.00731585
 0.00735374 0.00733653 0.00738457 0.00745347 0.00748661 0.00739823
 0.00745942 0.00753322 0.00753638 0.00748731 0.0074554  0.00751224
 0.00748829 0.0074683  0.00744154 0.0074842  0.00747359 0.00743367
 0.00746281 0.00753219 0.00756641 0.00750771 0.00748246 0.00750953
 0.00746053 0.00747379 0.00756381 0.00749575 0.0073621  0.00753847
 0.0077899  0.00739888 0.0087917  0.00848012 0.00925246 0.0078105
 0.0077444  0.00847248 0.00819081 0.00792977 0.0081983  0.0083759
 0.00831727 0.00827456 0.00818715 0.00806547 0.00807972 0.00810164
 0.00812176 0.00821044 0.00818983 0.00823427 0.00823187 0.00827689
 0.00831198 0.00837654 0.00836758 0.00844472 0.00839817 0.00835158
 0.00842525 0.00835409 0.00829738 0.00819399 0.00823413 0.00826653
 0.00835294 0.00838957 0.00835703 0.00812802 0.00805714 0.00813345
 0.00809228 0.00819152 0.00819238 0.00821756 0.00825466 0.00820555
 0.00823469 0.00831166 0.00836282 0.0083211  0.0083465  0.00838589
 0.0084926  0.00837727 0.00838954 0.00840293 0.00840024 0.0083485
 0.00835204 0.00837039 0.0084001  0.00833749 0.0083727  0.00836945
 0.00840799 0.00840182 0.00846814 0.00852949 0.00861793 0.0085225
 0.0085598  0.00860878 0.00861895 0.00849053 0.00849428 0.00855074
 0.00859353 0.00853184 0.00852446 0.00852711 0.00857339 0.00854974
 0.00855143 0.00858557 0.00864037 0.00858497 0.00857628 0.00858544
 0.00859367 0.00864065 0.00862675 0.00868544 0.00866768 0.00861387
 0.00863719 0.0086312  0.00865692 0.00864869 0.00868687 0.00874452
 0.00876412 0.00870137 0.00874503 0.00880428 0.00880709 0.008776
 0.00875612 0.00880351 0.00879548 0.00879244 0.0087854  0.00882804
 0.00882946 0.00880776 0.00883227 0.00888577 0.00892093 0.00888985
 0.00888488 0.00891006 0.00888768 0.00890404 0.00897389 0.00893186
 0.00886438 0.00896908 0.00915648 0.00890026]","(array([[8.71021181e-01, 8.54735926e-01, 8.38450671e-01, ...,
        9.46993075e-01, 9.46982564e-01, 9.46972053e-01],
       [1.21438880e-01, 1.18350686e-01, 1.15262492e-01, ...,
        3.24012042e-01, 3.24232006e-01, 3.24451969e-01],
       [7.21200405e-02, 7.15470255e-02, 7.09740105e-02, ...,
        3.13142373e-05, 3.09079492e-05, 3.05016612e-05],
       [1.79825127e-01, 1.75994772e-01, 1.72164417e-01, ...,
        0.00000000e+00, 0.00000000e+00, 0.00000000e+00],
       [3.61491474e-01, 3.56227994e-01, 3.50964513e-01, ...,
        3.30032248e-04, 3.27418718e-04, 3.24805187e-04]]), array([[8.71021181e-01, 8.54735926e-01, 8.38450671e-01, ...,
        9.41154968e-01, 9.39383532e-01, 9.42753402e-01],
       [1.21438880e-01, 1.18350686e-01, 1.15262492e-01, ...,
        3.06814659e-01, 3.06238719e-01, 3.07528554e-01],
       [7.21200405e-02, 7.15470255e-02, 7.09740105e-02, ...,
        5.07121963e-05, 4.91200449e-05, 5.04350574e-05],
       [1.79825127e-01, 1.75994772e-01, 1.72164417e-01, ...,
        4.42208812e-10, 2.94104022e-10, 5.77949130e-10],
       [3.61491474e-01, 3.56227994e-01, 3.50964513e-01, ...,
        4.10543557e-04, 4.19139645e-04, 4.25773428e-04]]))","(array([[7.95765717e-01, 7.81656733e-01, 7.67547749e-01, ...,
        9.54825816e-01, 9.54814625e-01, 9.54803435e-01],
       [6.67734706e-01, 6.47276239e-01, 6.26817772e-01, ...,
        3.66887679e-01, 3.67059575e-01, 3.67231472e-01],
       [7.49173759e-01, 7.33294569e-01, 7.17415380e-01, ...,
        2.57062095e-04, 2.53954664e-04, 2.50847233e-04],
       [1.94577505e-01, 1.90549855e-01, 1.86522204e-01, ...,
        1.60121444e-10, 1.52159863e-10, 1.44198281e-10],
       [5.82066309e-01, 5.67975980e-01, 5.53885651e-01, ...,
        5.10169974e-05, 5.06118902e-05, 5.02067831e-05]]), array([[7.95765717e-01, 7.81656733e-01, 7.67547749e-01, ...,
        9.49647148e-01, 9.47839970e-01, 9.51342691e-01],
       [6.67734706e-01, 6.47276239e-01, 6.26817772e-01, ...,
        3.53829465e-01, 3.53172231e-01, 3.54626196e-01],
       [7.49173759e-01, 7.33294569e-01, 7.17415380e-01, ...,
        2.43385653e-04, 2.40745536e-04, 2.49726445e-04],
       [1.94577505e-01, 1.90549855e-01, 1.86522204e-01, ...,
        2.34760842e-10, 1.15110324e-10, 3.68001619e-10],
       [5.82066309e-01, 5.67975980e-01, 5.53885651e-01, ...,
        1.54368840e-04, 1.57488008e-04, 1.59968725e-04]]))"
8,future_outlook,zz294_VAE_saved_sims_dgLV_I5_dgLV_B92_T8_fixed,8,future_outlook_200_latent_latent_2025-02-03T21:54.npz,200,latent,latent,"(200, 8, 768)","(2000, 8, 768)","[0.99748077 0.99888381 0.99908498 0.99936878 0.99951144 0.99958394
 0.9996142  0.99964568 0.99969521 0.99973515 0.99967754 0.99953146
 0.99928643 0.99948919 0.99953397 0.99947945 0.99944602 0.99940268
 0.99939113 0.99942832 0.99947637 0.99957545 0.99966691 0.99970349
 0.99976073 0.99975436 0.99963584 0.99934333 0.99885661 0.99933206
 0.99958584 0.99968599 0.9996953  0.99966028 0.99961165 0.99961121
 0.99962959 0.99970414 0.99977115 0.99980208 0.99983474 0.99982071
 0.99973189 0.99949361 0.9990499  0.99941908 0.99965775 0.99980639
 0.99985974 0.99988376 0.99987821 0.99988561 0.9998834  0.99989782
 0.9999107  0.99990345 0.99987422 0.99979317 0.99965396 0.99938607
 0.99967369 0.99983119 0.99991475 0.99993662 0.9999219  0.99990693
 0.99988264 0.99987419 0.99986424 0.99986459 0.99987347 0.99988111
 0.99989088 0.99988658 0.9998508  0.99973679 0.99984943 0.99990289
 0.99992614 0.99993176 0.99992784 0.9999247  0.99990615 0.99989658
 0.99989494 0.99991149 0.99993011 0.99994325 0.99994671 0.99992653
 0.99986961 0.99974382 0.99984434 0.99990928 0.9999374  0.999953
 0.99995105 0.99995696 0.99995058 0.99995136 0.99995404 0.99996158
 0.9999607  0.99994817 0.9999085  0.99983677 0.99971393 0.99983439
 0.99990902 0.9999465  0.999956   0.99995512 0.99994093 0.99992187
 0.99990334 0.99989666 0.99990327 0.99990619 0.99991897 0.99993198
 0.99992782 0.99989102 0.99980249 0.99990743 0.99993302 0.99991749
 0.99983009 0.99959903 0.98925671 0.99044192 0.98952767 0.98997114
 0.99015186 0.98983505 0.98969279 0.98930159 0.98879321 0.98830948
 0.98778646 0.98827163 0.98877791 0.9890674  0.98914748 0.98908786
 0.98900363 0.98897201 0.98896382 0.98857045 0.98813426 0.98753476
 0.98691619 0.98608189 0.98505769 0.9837302  0.98465821 0.98525757
 0.98568272 0.98593826 0.98616112 0.98639456 0.98639452 0.98637574
 0.98629554 0.98598123 0.98572043 0.98546727 0.98516768 0.98466321
 0.98417646 0.98343235 0.98423433 0.98466641 0.98499709 0.98523327
 0.98546692 0.98572198 0.98573525 0.98560707 0.98543872 0.98514966
 0.9848091  0.98449399 0.98397828 0.98337996 0.98270788 0.98193055
 0.98253542 0.98295268 0.98329565 0.98347441 0.98356313 0.98370476
 0.98361137 0.98333388 0.98302815 0.98261412 0.98219603 0.98179632
 0.98114982 0.98036566 0.97952012 0.98000709 0.98027175 0.98025885
 0.98020521 0.98003183 0.9797631  0.97949963 0.97909473 0.97868552
 0.97829957 0.97769523 0.97703389 0.97638806 0.97552703 0.97465105
 0.97359374 0.97399038 0.97446117 0.97477107 0.97506044 0.97514249
 0.97506658 0.97519161 0.97515824 0.97499107 0.97478327 0.97432739
 0.97386361 0.97342065 0.97270564 0.97188091 0.97074396 0.97136824
 0.97183102 0.97216262 0.97238771 0.97246222 0.972369   0.97221847
 0.97200053 0.9718021  0.97149745 0.97117497 0.97060858 0.9699919
 0.96911538 0.96818599 0.96901834 0.96974163 0.97010411 0.97026157
 0.97027674 0.9705263  0.97189687 0.96989443 0.93413976 0.93476805
 0.93268727 0.93302727 0.93332872 0.93254136 0.9319997  0.93104546
 0.93166915 0.93230144 0.93270143 0.9328143  0.93315854 0.93336657
 0.93315322 0.93271742 0.93194693 0.93098149 0.9299518  0.92862603
 0.92723053 0.92562372 0.92373908 0.92388229 0.92382535 0.92347219
 0.92301228 0.9224265  0.92158699 0.92053761 0.91925962 0.91805451
 0.91655275 0.91499961 0.91343777 0.91180676 0.91015858 0.90828939
 0.90625599 0.90633168 0.90641489 0.90617631 0.9057889  0.90499469
 0.90411657 0.90303596 0.90172579 0.9003773  0.89871641 0.89674546
 0.89475615 0.89262501 0.89043164 0.88823643 0.88544948 0.88531135
 0.88511082 0.88470898 0.88420551 0.88354827 0.88283336 0.88183657
 0.88058265 0.87936846 0.87765177 0.87538066 0.87312011 0.87078474
 0.86836182 0.86599302 0.8658371  0.86559095 0.86543454 0.86541752
 0.86509332 0.86436243 0.86355872 0.86272017 0.86176345 0.86094609
 0.85955416 0.85765659 0.85567667 0.8535323  0.85139197 0.84925798
 0.84902174 0.84890355 0.84875526 0.84886084 0.84887806 0.84833515
 0.8478993  0.84728165 0.8464906  0.84621019 0.84554127 0.844341
 0.84316361 0.84169077 0.84014681 0.83879219 0.8392413  0.83953647
 0.83961227 0.83977107 0.83981767 0.83952306 0.83920847 0.83870136
 0.83816447 0.83763835 0.83672948 0.83558177 0.83423787 0.83279297
 0.83087227 0.83141151 0.83157943 0.83189707 0.83207761 0.83210686
 0.83198398 0.83253226 0.83300087 0.83389334 0.83600325 0.83240553
 0.76354145 0.76237431 0.75835169 0.75630322 0.75472109 0.75591699
 0.75718647 0.75798575 0.75814558 0.7584787  0.75835617 0.75772895
 0.75732762 0.75701799 0.75609767 0.75482591 0.75309635 0.7511769
 0.74907123 0.74647613 0.74372954 0.74458546 0.74483228 0.74492813
 0.74493366 0.74474254 0.74432515 0.74382416 0.74254202 0.74087558
 0.7387     0.73660899 0.73400908 0.73123604 0.72822376 0.72526816
 0.7268348  0.72811606 0.72902507 0.7296067  0.73014024 0.73040097
 0.73033218 0.72982838 0.72918997 0.72833307 0.72708085 0.72556605
 0.72375054 0.72139194 0.71869928 0.71575093 0.71621965 0.71652811
 0.71618645 0.71574909 0.71567022 0.71558599 0.71516211 0.71426675
 0.71334553 0.71223635 0.71089979 0.70932439 0.70727803 0.70463296
 0.70190367 0.69899737 0.69948236 0.69994599 0.70009468 0.70000661
 0.69984535 0.6994451  0.69872063 0.69759636 0.6963524  0.69506857
 0.69346253 0.69170311 0.68958918 0.68693987 0.68411827 0.68488093
 0.68557014 0.68592157 0.68580566 0.68575344 0.68587228 0.6862485
 0.68653051 0.6862643  0.68594723 0.68560015 0.68497972 0.68432921
 0.68307993 0.68071778 0.67848141 0.67870234 0.67877448 0.67887363
 0.6785032  0.67801804 0.67756068 0.67710234 0.67660034 0.67574257
 0.67480638 0.67366313 0.67221756 0.67040695 0.66828464 0.66597635
 0.66362567 0.66450426 0.66502448 0.66529606 0.66516558 0.66509036
 0.66480799 0.66477751 0.66483469 0.66520437 0.66522029 0.6651632
 0.66427479 0.66023765 0.53495279 0.53241804 0.53176486 0.53119946
 0.53079704 0.53062099 0.5304232  0.52989098 0.52908442 0.52824472
 0.52710889 0.52561619 0.52431885 0.52327095 0.52192045 0.52036097
 0.51870231 0.51694254 0.51755586 0.51753401 0.51722587 0.51693804
 0.51612406 0.51512158 0.51429215 0.51345639 0.51247355 0.51146322
 0.51001753 0.50847874 0.5068286  0.50532141 0.50341575 0.50110922
 0.5010813  0.50107377 0.50090327 0.50047782 0.49969009 0.49882075
 0.49806423 0.49737483 0.49642143 0.49518201 0.4937804  0.49210507
 0.49026228 0.48818174 0.48604207 0.48668029 0.48706164 0.48713679
 0.48711703 0.4870119  0.48677543 0.48648926 0.48663037 0.48683047
 0.48680293 0.48627155 0.48549251 0.48438835 0.48309711 0.48156459
 0.47987735 0.48038621 0.48081285 0.48098998 0.4812963  0.48163887
 0.48211398 0.48236525 0.48257346 0.48250873 0.48243043 0.48214269
 0.48161351 0.48082537 0.47970316 0.47824545 0.47667724 0.47688727
 0.47699853 0.47706231 0.47717276 0.47699792 0.47691576 0.47683997
 0.47682639 0.47677777 0.47641394 0.47565035 0.474637   0.4736559
 0.47231043 0.47063437 0.4703957  0.46974845 0.46920771 0.46850475
 0.46787467 0.46717017 0.46643025 0.46557619 0.46458383 0.46331971
 0.46192182 0.46034711 0.45846752 0.45625228 0.45360964 0.45071973
 0.44968552 0.44892637 0.44825391 0.44769055 0.4471566  0.4466208
 0.44582967 0.44478974 0.44335648 0.4422809  0.44095448 0.4392387
 0.4369803  0.43433511 0.43063697 0.42797605]","[ 7.98889385e-01  7.98340347e-01  7.96671247e-01  7.98344803e-01
  8.00027057e-01  8.01484971e-01  8.03272284e-01  8.03553905e-01
  8.04351364e-01  8.04808868e-01  8.04699048e-01  8.03013335e-01
  8.02107917e-01  8.04432699e-01  8.05513885e-01  8.06112823e-01
  8.06300370e-01  8.06413842e-01  8.06124285e-01  8.04847378e-01
  8.03376852e-01  8.02276482e-01  8.00555207e-01  7.98869101e-01
  7.96974268e-01  7.94596360e-01  7.91834440e-01  7.88662688e-01
  7.85531798e-01  7.87419241e-01  7.88647535e-01  7.89895576e-01
  7.90635941e-01  7.91434604e-01  7.92165009e-01  7.92714048e-01
  7.93310058e-01  7.93501578e-01  7.93513969e-01  7.93194758e-01
  7.93218620e-01  7.93087986e-01  7.92853778e-01  7.91872449e-01
  7.91072026e-01  7.94940351e-01  7.98220498e-01  8.00929721e-01
  8.03110809e-01  8.04729520e-01  8.06156244e-01  8.07032997e-01
  8.07918712e-01  8.08450296e-01  8.08594833e-01  8.08363149e-01
  8.08225932e-01  8.07738405e-01  8.07011267e-01  8.05563669e-01
  8.07540302e-01  8.09098154e-01  8.10293223e-01  8.11097456e-01
  8.11249195e-01  8.10859589e-01  8.10349171e-01  8.09444506e-01
  8.08566743e-01  8.07624775e-01  8.06400006e-01  8.04802427e-01
  8.03229235e-01  8.01668972e-01  7.99850301e-01  7.97377288e-01
  7.97437230e-01  7.97175962e-01  7.96579996e-01  7.95778039e-01
  7.94507573e-01  7.92962812e-01  7.91400224e-01  7.89486972e-01
  7.87420900e-01  7.85187813e-01  7.82615346e-01  7.79997245e-01
  7.77056031e-01  7.73964819e-01  7.70796455e-01  7.67319568e-01
  7.66843053e-01  7.66236709e-01  7.65323815e-01  7.64571351e-01
  7.63377685e-01  7.61682587e-01  7.59664213e-01  7.57077429e-01
  7.54627806e-01  7.52332293e-01  7.49735059e-01  7.46864363e-01
  7.43528622e-01  7.39960619e-01  7.36136896e-01  7.34583650e-01
  7.32821179e-01  7.30826566e-01  7.28910665e-01  7.26994974e-01
  7.25002375e-01  7.22923219e-01  7.20742244e-01  7.18401423e-01
  7.15715033e-01  7.12760559e-01  7.09391480e-01  7.05990468e-01
  7.02487763e-01  6.98644248e-01  6.94612805e-01  6.93349971e-01
  6.91835064e-01  6.90384300e-01  6.90266480e-01  6.84728234e-01
  5.64140953e-01  5.63014779e-01  5.59011097e-01  5.60104758e-01
  5.60906145e-01  5.58632044e-01  5.56822271e-01  5.55046031e-01
  5.52141468e-01  5.49229050e-01  5.46054520e-01  5.45937624e-01
  5.46094774e-01  5.45952915e-01  5.45950147e-01  5.45786559e-01
  5.44612948e-01  5.42553788e-01  5.40733903e-01  5.38776552e-01
  5.36840001e-01  5.34291229e-01  5.31986315e-01  5.29833804e-01
  5.26977149e-01  5.23608957e-01  5.24621127e-01  5.25386889e-01
  5.26491480e-01  5.26965611e-01  5.26851570e-01  5.26251469e-01
  5.25559088e-01  5.25048747e-01  5.24665429e-01  5.23187795e-01
  5.21657601e-01  5.19908476e-01  5.18026107e-01  5.15842898e-01
  5.13471234e-01  5.10607399e-01  5.11247363e-01  5.11480671e-01
  5.11630842e-01  5.11576101e-01  5.11722453e-01  5.12061202e-01
  5.11527770e-01  5.10425631e-01  5.09403860e-01  5.08074829e-01
  5.06741762e-01  5.05461911e-01  5.03641366e-01  5.01253146e-01
  4.98139765e-01  4.94722217e-01  4.93989146e-01  4.93164268e-01
  4.92353397e-01  4.91716515e-01  4.91363392e-01  4.91491894e-01
  4.90913826e-01  4.89669498e-01  4.88297821e-01  4.86387005e-01
  4.84233714e-01  4.81936165e-01  4.78890935e-01  4.75407260e-01
  4.71382375e-01  4.70501881e-01  4.69315026e-01  4.67831243e-01
  4.66121661e-01  4.64440737e-01  4.63506900e-01  4.63506689e-01
  4.62864012e-01  4.61865709e-01  4.60708854e-01  4.58872066e-01
  4.56458473e-01  4.53924293e-01  4.50687771e-01  4.47615462e-01
  4.43942810e-01  4.42496538e-01  4.40835317e-01  4.39063919e-01
  4.37567257e-01  4.36140849e-01  4.35068214e-01  4.35117838e-01
  4.35098064e-01  4.34991985e-01  4.34166746e-01  4.32362448e-01
  4.31224327e-01  4.30990828e-01  4.29845250e-01  4.28014831e-01
  4.25158713e-01  4.24120891e-01  4.22898763e-01  4.21277397e-01
  4.19665508e-01  4.17787982e-01  4.16606142e-01  4.15893242e-01
  4.15169076e-01  4.14533690e-01  4.14093316e-01  4.13743260e-01
  4.13117837e-01  4.12180107e-01  4.10479513e-01  4.08365422e-01
  4.08334976e-01  4.07074465e-01  4.05779433e-01  4.05422123e-01
  4.04361487e-01  4.02506378e-01  4.03341422e-01  3.98220063e-01
  3.23849097e-01  3.22263886e-01  3.18943185e-01  3.20175345e-01
  3.20795217e-01  3.18608257e-01  3.16746553e-01  3.15190172e-01
  3.14506563e-01  3.13499080e-01  3.12144082e-01  3.11024392e-01
  3.09980199e-01  3.08739592e-01  3.07969725e-01  3.07230302e-01
  3.05632626e-01  3.02970997e-01  3.00580796e-01  2.98896206e-01
  2.97268207e-01  2.94572577e-01  2.91803977e-01  2.91527532e-01
  2.90071161e-01  2.88497199e-01  2.86075463e-01  2.83268504e-01
  2.82124514e-01  2.81292495e-01  2.80483300e-01  2.79009252e-01
  2.77704414e-01  2.76462060e-01  2.75428147e-01  2.73804303e-01
  2.71813067e-01  2.69549434e-01  2.67058247e-01  2.66423921e-01
  2.65425070e-01  2.63884400e-01  2.62187267e-01  2.60510016e-01
  2.59103650e-01  2.58075130e-01  2.57851560e-01  2.58656729e-01
  2.58784718e-01  2.58780852e-01  2.58820500e-01  2.59055418e-01
  2.58730961e-01  2.58054131e-01  2.56848994e-01  2.56799943e-01
  2.54807895e-01  2.51615904e-01  2.47926698e-01  2.45185755e-01
  2.43026779e-01  2.42271379e-01  2.42132997e-01  2.43392332e-01
  2.44904505e-01  2.46346057e-01  2.47257102e-01  2.47616063e-01
  2.46873949e-01  2.44925429e-01  2.43180386e-01  2.41266224e-01
  2.38320066e-01  2.35659100e-01  2.32757216e-01  2.30601977e-01
  2.28775652e-01  2.27595110e-01  2.27782671e-01  2.29280726e-01
  2.30834244e-01  2.32726653e-01  2.34502879e-01  2.35482098e-01
  2.35271889e-01  2.34178505e-01  2.33350314e-01  2.32196889e-01
  2.30128876e-01  2.27881718e-01  2.25221324e-01  2.22581843e-01
  2.20450683e-01  2.18660085e-01  2.17414379e-01  2.17110763e-01
  2.17914515e-01  2.20172751e-01  2.21996357e-01  2.22809119e-01
  2.24380875e-01  2.26332083e-01  2.28372114e-01  2.29328707e-01
  2.28413493e-01  2.26384936e-01  2.23642651e-01  2.20571827e-01
  2.17191215e-01  2.13069420e-01  2.09596576e-01  2.07470581e-01
  2.06804300e-01  2.07860135e-01  2.09812325e-01  2.12426325e-01
  2.15651583e-01  2.20186552e-01  2.24081279e-01  2.26663738e-01
  2.27986036e-01  2.27230698e-01  2.24936767e-01  2.21883290e-01
  2.16879560e-01  2.09844078e-01  2.06752186e-01  2.04922387e-01
  1.76675365e-01  1.75686261e-01  1.75351491e-01  1.76280842e-01
  1.76057522e-01  1.75661989e-01  1.75194719e-01  1.74980539e-01
  1.74264719e-01  1.73168904e-01  1.71970937e-01  1.71099992e-01
  1.70098795e-01  1.68932953e-01  1.68196835e-01  1.67652373e-01
  1.66843108e-01  1.65395296e-01  1.63913235e-01  1.62942126e-01
  1.62153707e-01  1.61491360e-01  1.60504333e-01  1.59391865e-01
  1.57713707e-01  1.56351968e-01  1.54022412e-01  1.51282388e-01
  1.49935833e-01  1.49013187e-01  1.48399162e-01  1.47273314e-01
  1.46342713e-01  1.45171944e-01  1.44011974e-01  1.42428074e-01
  1.41283624e-01  1.39847264e-01  1.38243447e-01  1.36743375e-01
  1.35007442e-01  1.33007499e-01  1.30811787e-01  1.28752878e-01
  1.26884827e-01  1.25215018e-01  1.24253651e-01  1.24030573e-01
  1.23451204e-01  1.23001193e-01  1.22529688e-01  1.22313061e-01
  1.22310202e-01  1.21881847e-01  1.21222131e-01  1.20274229e-01
  1.17777995e-01  1.14144178e-01  1.09936819e-01  1.06493508e-01
  1.03526626e-01  1.01852450e-01  1.00785544e-01  1.00708563e-01
  1.01013203e-01  1.01430240e-01  1.01249480e-01  1.00748299e-01
  1.00335289e-01  9.89618435e-02  9.68363690e-02  9.46779640e-02
  9.16898709e-02  8.85580031e-02  8.52068979e-02  8.25636451e-02
  8.02743656e-02  7.86043607e-02  7.79650573e-02  7.81357600e-02
  7.87834980e-02  8.00604852e-02  8.12748684e-02  8.32973583e-02
  8.41760794e-02  8.40336067e-02  8.33771919e-02  8.23519975e-02
  8.07392389e-02  7.89564580e-02  7.68243915e-02  7.49079160e-02
  7.34239969e-02  7.23972709e-02  7.18241969e-02  7.15249194e-02
  7.24492498e-02  7.49390322e-02  7.71256449e-02  7.95493236e-02
  8.22359894e-02  8.47276723e-02  8.67917928e-02  8.80451690e-02
  8.80036934e-02  8.71083818e-02  8.56870102e-02  8.41996061e-02
  8.24726523e-02  8.01562837e-02  7.83119434e-02  7.76049805e-02
  7.83442006e-02  8.07537414e-02  8.39668306e-02  8.81409183e-02
  9.28988127e-02  9.78164423e-02  1.02080846e-01  1.05000103e-01
  1.06736795e-01  1.06638732e-01  1.05148850e-01  1.02514052e-01
  9.85593675e-02  9.31580828e-02  9.10542013e-02  9.21733494e-02
  5.65130719e-02  5.72040205e-02  5.97850924e-02  6.25938682e-02
  6.38267933e-02  6.38502814e-02  6.37680318e-02  6.41558054e-02
  6.39486984e-02  6.31460251e-02  6.23647720e-02  6.20869506e-02
  6.16523560e-02  6.09612121e-02  6.09995119e-02  6.12688286e-02
  6.10180310e-02  5.97908431e-02  5.88035154e-02  5.88111155e-02
  5.92737301e-02  5.88431758e-02  5.82057550e-02  5.76202638e-02
  5.63469822e-02  5.56200949e-02  5.38713579e-02  5.17459505e-02
  5.14449862e-02  5.14975236e-02  5.17378983e-02  5.10861164e-02
  5.07030092e-02  5.00994953e-02  4.95164365e-02  4.83017160e-02
  4.69547095e-02  4.54885785e-02  4.39712448e-02  4.27113045e-02
  4.11447227e-02  3.92395367e-02  3.71408043e-02  3.52659004e-02
  3.36855486e-02  3.24412970e-02  3.21306694e-02  3.28383170e-02
  3.29520771e-02  3.31473138e-02  3.34355678e-02  3.41530490e-02
  3.46541443e-02  3.51599587e-02  3.54594348e-02  3.53304155e-02
  3.28753137e-02  2.88502696e-02  2.40886571e-02  2.03023569e-02
  1.72064133e-02  1.58026278e-02  1.54012398e-02  1.67556490e-02
  1.84961976e-02  2.02700586e-02  2.13154600e-02  2.20712190e-02
  2.17185223e-02  2.01884095e-02  1.75275603e-02  1.49470220e-02
  1.11626633e-02  7.39010089e-03  3.15590624e-03 -1.81547153e-04
 -2.97248457e-03 -4.85664892e-03 -5.02723907e-03 -3.42774035e-03
 -1.37693474e-03  1.50555912e-03  4.38554022e-03  6.55794004e-03
  7.31827105e-03  7.08366173e-03  6.04487023e-03  4.42079756e-03
  1.61335502e-03 -1.82630847e-03 -5.78057591e-03 -9.37436487e-03
 -1.21467611e-02 -1.44833195e-02 -1.59704364e-02 -1.65692001e-02
 -1.54247703e-02 -1.16573719e-02 -8.68020729e-03 -6.87151300e-03
 -4.73077423e-03 -2.68285437e-03 -1.22550236e-03 -6.86267438e-04
 -1.94086571e-03 -4.27645119e-03 -7.27926538e-03 -1.03286529e-02
 -1.36869263e-02 -1.79831849e-02 -2.14766830e-02 -2.31771860e-02
 -2.30482535e-02 -2.05290189e-02 -1.68630366e-02 -1.25387673e-02
 -7.37765493e-03 -1.93383945e-03  2.76555882e-03  5.64584351e-03
  7.06424917e-03  5.68391284e-03  2.36785390e-03 -2.44388929e-03
 -9.10271354e-03 -1.77922035e-02 -2.15952665e-02 -2.10028150e-02]","[0.0033051  0.00221213 0.00201489 0.0016843  0.00149198 0.00138689
 0.00134579 0.00130013 0.00121603 0.00114351 0.00127325 0.00154922
 0.00193038 0.00164597 0.00158533 0.00169045 0.00176034 0.00184606
 0.0018832  0.00184452 0.00178511 0.00162599 0.00145739 0.00139184
 0.00126595 0.00129903 0.00160217 0.00217982 0.00291473 0.00224969
 0.00179005 0.00157593 0.00157046 0.00167839 0.00181711 0.00184186
 0.00182193 0.00165072 0.00147224 0.0013888  0.00128761 0.00136099
 0.00168928 0.00235675 0.00327745 0.00258572 0.00200347 0.00152182
 0.00130875 0.00120429 0.00124642 0.0012219  0.00124822 0.00118269
 0.00111936 0.00117859 0.00136252 0.00176999 0.00231968 0.00313106
 0.00229483 0.00165977 0.00118634 0.00102911 0.00114958 0.00126302
 0.00142786 0.00148856 0.00155725 0.00156657 0.00152563 0.00149008
 0.00143862 0.00147831 0.00170912 0.00228862 0.00173554 0.00139772
 0.00122263 0.00117888 0.00121627 0.00124683 0.00139706 0.00147223
 0.00148982 0.00137311 0.0012254  0.00110917 0.00107978 0.00127377
 0.0017052  0.00240215 0.00187355 0.00143139 0.00119024 0.00103253
 0.00105523 0.00099105 0.00106378 0.00105749 0.00103013 0.0009441
 0.00095725 0.00110238 0.00146893 0.00196807 0.00261394 0.00198737
 0.00147225 0.00112873 0.00102351 0.001034   0.00118681 0.00136587
 0.00152066 0.00157424 0.00152523 0.00150454 0.00140098 0.00128637
 0.00132825 0.00163639 0.00220915 0.00151148 0.00128539 0.00142688
 0.00204855 0.00314955 0.01632199 0.01541887 0.01616968 0.01585866
 0.01575524 0.01605284 0.01621671 0.01657997 0.01703461 0.01747063
 0.01793667 0.01758773 0.01722142 0.01702181 0.01698986 0.0170737
 0.01718345 0.01725874 0.01732229 0.01769302 0.01810002 0.01863268
 0.01917921 0.01988077 0.02070942 0.02173193 0.02109966 0.02068642
 0.02039517 0.02022766 0.02008805 0.01994508 0.01997832 0.02003133
 0.02013551 0.02041695 0.02066432 0.02091157 0.02119757 0.02163387
 0.02206065 0.02266772 0.02209916 0.0217872  0.02154992 0.02138439
 0.02122505 0.0210541  0.02106615 0.02118823 0.02134531 0.02159575
 0.02188782 0.0221658  0.02259024 0.02307405 0.02360914 0.02421483
 0.02377872 0.02347169 0.02321905 0.02308494 0.02301908 0.02292157
 0.02299474 0.02320196 0.02343308 0.02374252 0.02405782 0.02436417
 0.0248375  0.02540032 0.02600023 0.02565342 0.02545253 0.02543541
 0.02544957 0.02554546 0.02570655 0.02586828 0.02612265 0.02638258
 0.02663129 0.0270161  0.02743598 0.02784724 0.02838478 0.02892901
 0.02957354 0.02929981 0.02898903 0.02877443 0.02857688 0.02850376
 0.02852709 0.02844131 0.02845223 0.02854556 0.02866767 0.0289355
 0.02921175 0.02948061 0.02990337 0.0303874  0.03103837 0.03062309
 0.03030108 0.03005728 0.02987904 0.0297905  0.02980088 0.02985016
 0.02994349 0.03003423 0.03018927 0.03036131 0.03066853 0.0310078
 0.0314857  0.03199358 0.03148633 0.03103843 0.03078099 0.03063583
 0.03057085 0.03039216 0.0296349  0.03063581 0.04526851 0.04501864
 0.04570758 0.04557912 0.04547407 0.04574997 0.04595208 0.04630295
 0.04597014 0.04564574 0.04541098 0.04528451 0.04509148 0.04495583
 0.0449736  0.04507713 0.04530298 0.04560313 0.04593361 0.04636964
 0.04683617 0.04737816 0.048015   0.0478916  0.0478423  0.0478969
 0.04799554 0.04814389 0.04838104 0.0486924  0.04908263 0.04945951
 0.04993452 0.05043304 0.05094255 0.05148103 0.05203332 0.05265826
 0.05333849 0.05325928 0.05319022 0.05322482 0.05331371 0.0535294
 0.0537801  0.05409874 0.05449218 0.05490683 0.05541779 0.05602294
 0.05664215 0.0573087  0.05800103 0.05870335 0.05956967 0.05952688
 0.0595136  0.0595657  0.05965723 0.05980146 0.05997356 0.06023068
 0.06056584 0.0609034  0.06137987 0.06200609 0.06263982 0.06330248
 0.06399719 0.06468973 0.06464819 0.06463863 0.06461778 0.06457389
 0.0646141  0.06476181 0.06493683 0.0651301  0.06536133 0.06556968
 0.06592326 0.06640432 0.06691289 0.06746778 0.06802997 0.06859924
 0.06851177 0.06840766 0.06832063 0.06818667 0.06808319 0.06811616
 0.06813523 0.06820522 0.06832399 0.06833943 0.06845168 0.06869165
 0.06893631 0.06925553 0.06959973 0.06991244 0.06963268 0.06940129
 0.06923232 0.06906044 0.06892781 0.06888356 0.06885851 0.06888958
 0.06894191 0.06900696 0.06916826 0.0693948  0.06967725 0.06999539
 0.07042723 0.07017185 0.07000955 0.06983194 0.06969867 0.06961264
 0.06957398 0.06941222 0.06928284 0.06908122 0.06864071 0.06940512
 0.08247767 0.08273745 0.08351085 0.08395952 0.08434649 0.083964
 0.08358988 0.08331769 0.08317657 0.08302664 0.08297603 0.08303296
 0.08307209 0.0831166  0.08328657 0.08353742 0.08388697 0.08428938
 0.08474394 0.0853016  0.08590508 0.08557489 0.08537199 0.08521958
 0.08510752 0.08505358 0.08506265 0.08511098 0.08531427 0.08560619
 0.08600695 0.08641858 0.0869385  0.08751145 0.08814814 0.08880064
 0.08833319 0.08793278 0.08761349 0.08736802 0.08715124 0.08699941
 0.08692164 0.08693478 0.08699035 0.08710179 0.08729731 0.08755545
 0.0878821  0.08831549 0.08882192 0.08938874 0.0891415  0.0889407
 0.08886308 0.08882153 0.08874525 0.08869126 0.08871167 0.08882686
 0.08896744 0.08915859 0.08940637 0.08971249 0.09011259 0.09062589
 0.09117306 0.09176836 0.09156463 0.09138598 0.0912771  0.09122605
 0.09120796 0.09124801 0.09135909 0.09155255 0.09178588 0.09204704
 0.09237866 0.09275522 0.09320691 0.09376066 0.09436179 0.0941226
 0.09391441 0.09377669 0.09372872 0.09369126 0.09364834 0.09358711
 0.09355995 0.09363463 0.09373694 0.09386376 0.09405143 0.09426361
 0.09458522 0.09509271 0.09560123 0.09550465 0.09544862 0.09540702
 0.09545361 0.09553566 0.09563203 0.09574702 0.09588698 0.09609815
 0.09633944 0.09662988 0.09698356 0.09740968 0.09790026 0.09843666
 0.09899771 0.09876354 0.09860374 0.09850215 0.09848133 0.098474
 0.09851876 0.09854815 0.09858629 0.09860002 0.09868733 0.0988069
 0.09907064 0.09981956 0.11698857 0.11753888 0.11751496 0.1175018
 0.11749013 0.11747213 0.11747893 0.11754964 0.11767673 0.11783006
 0.11804247 0.11832152 0.11859834 0.11886624 0.11919404 0.11957007
 0.11998065 0.12042601 0.12021152 0.12009997 0.12004782 0.12001695
 0.12007525 0.12018075 0.12028867 0.12042134 0.1205962  0.12079847
 0.1210786  0.12139426 0.12174773 0.12210763 0.12254081 0.12304753
 0.12286277 0.12270009 0.12258212 0.12252016 0.12252733 0.12256921
 0.12262214 0.1226918  0.12281867 0.12300541 0.12323692 0.12352679
 0.12386207 0.12425132 0.12467286 0.1243684  0.12411625 0.12392234
 0.12376109 0.12363141 0.12353887 0.12347367 0.12337857 0.12329791
 0.12326616 0.12331645 0.123418   0.12358007 0.1237861  0.12404256
 0.12433908 0.12403109 0.12375392 0.12352751 0.12330682 0.12310303
 0.12290478 0.12275441 0.12263049 0.12256028 0.12251305 0.12251202
 0.12256095 0.12266191 0.12282374 0.12304657 0.12330384 0.12302077
 0.12277363 0.12255649 0.12235843 0.12221836 0.12209213 0.12198996
 0.12190539 0.12184983 0.12185591 0.12193346 0.12206498 0.12221773
 0.12243778 0.12272119 0.12254637 0.12244309 0.12235187 0.12230384
 0.122272   0.12227341 0.12230366 0.12237184 0.12248075 0.12264566
 0.12285081 0.12310113 0.12341123 0.1237846  0.1242316  0.12473172
 0.12476599 0.12479584 0.12484278 0.12490438 0.1249897  0.12510231
 0.12527086 0.12549461 0.1257899  0.12607186 0.12640925 0.12681772
 0.12731463 0.12788233 0.12859608 0.12921974]","[0.02989964 0.03007311 0.03034528 0.03038197 0.03043031 0.03050775
 0.0305714  0.03076394 0.03092843 0.03113166 0.0313923  0.03179262
 0.03214322 0.03216138 0.03230185 0.03250325 0.03276009 0.03304397
 0.03338281 0.03382767 0.03431067 0.0347822  0.03532891 0.03589306
 0.0364961  0.03716288 0.03788489 0.0386648  0.03946147 0.03965331
 0.03993043 0.04022922 0.04059972 0.04098727 0.04140328 0.0418585
 0.04232938 0.04286168 0.04343256 0.04405821 0.04466644 0.04530948
 0.04598163 0.04675501 0.0475266  0.04745046 0.04745371 0.04753645
 0.04769554 0.04793701 0.04821674 0.04857999 0.04895742 0.04939515
 0.04989847 0.05046707 0.05103935 0.05167424 0.05235766 0.05315588
 0.05314204 0.05319808 0.05331727 0.05350449 0.05379797 0.05418325
 0.05460079 0.05509018 0.05559084 0.05611581 0.05669706 0.05734813
 0.05801091 0.0586869  0.05941622 0.06025802 0.06043757 0.06067876
 0.06098391 0.0613339  0.06176831 0.06225808 0.06276467 0.06333817
 0.0639488  0.0645987  0.06531377 0.06604982 0.06684848 0.06768371
 0.06854461 0.06946571 0.06959427 0.06975802 0.0699833  0.07020048
 0.07049923 0.07088841 0.07134129 0.07189396 0.07244174 0.07298242
 0.07358326 0.07423993 0.07498028 0.07576993 0.07661213 0.07675873
 0.07695199 0.07719507 0.07744339 0.07770847 0.07800145 0.07832379
 0.0786777  0.07907139 0.0795308  0.08004482 0.08063358 0.08124375
 0.08188513 0.08259059 0.08333894 0.0834028  0.08352455 0.0836614
 0.08364252 0.08437687 0.09922712 0.09940214 0.09993309 0.09991502
 0.09995907 0.10038227 0.10078204 0.10120741 0.10179048 0.10240383
 0.10307637 0.1030171  0.10296964 0.10299904 0.10305558 0.10317324
 0.10344847 0.10386715 0.10430154 0.10479443 0.10532777 0.1059735
 0.10663418 0.10731998 0.10812853 0.10903796 0.1089093  0.10884906
 0.10878999 0.10884324 0.10900407 0.10926083 0.1095681  0.10989403
 0.11024466 0.11076155 0.11132397 0.11195112 0.11263293 0.11338888
 0.11420575 0.11511916 0.11501269 0.1149885  0.11500852 0.11508706
 0.11517623 0.11527686 0.11551464 0.11585386 0.11621774 0.11665211
 0.11712098 0.11761741 0.11821197 0.11890798 0.11972434 0.12061093
 0.12063691 0.120708   0.1208117  0.12092905 0.12104703 0.12114202
 0.12135544 0.12168258 0.12205922 0.12253445 0.12307291 0.12366288
 0.12437635 0.12517644 0.12607538 0.12610748 0.12620632 0.12637076
 0.12659235 0.12684097 0.12703172 0.12714258 0.12736018 0.12765057
 0.12799038 0.12844148 0.12899166 0.12958677 0.13029584 0.13101606
 0.13183811 0.13191094 0.13203913 0.13221036 0.13237945 0.13257069
 0.1327509  0.13282989 0.13294761 0.13310601 0.13337963 0.1337992
 0.13417081 0.13446602 0.13489919 0.13544371 0.13614007 0.13603821
 0.13599012 0.13602116 0.13608329 0.13620896 0.13628592 0.13634115
 0.1364309  0.13654354 0.13666673 0.13681265 0.13702394 0.13730492
 0.13770822 0.13819305 0.13790557 0.13778964 0.1377058  0.13754184
 0.13748804 0.13755454 0.13734039 0.1378396  0.14604609 0.14618565
 0.14654328 0.14644211 0.14643826 0.14676835 0.14709485 0.14742
 0.14717164 0.14699313 0.14688699 0.14679114 0.146723   0.14671167
 0.14668657 0.14669465 0.14683001 0.14711416 0.147406   0.1476601
 0.14794504 0.14837915 0.14885771 0.14861289 0.14852123 0.14847117
 0.14853884 0.14867575 0.1486699  0.14866206 0.14868234 0.14880182
 0.14893439 0.14909119 0.14925726 0.14951485 0.14984102 0.150226
 0.15066519 0.15048162 0.15036334 0.15032841 0.15033737 0.1503724
 0.15040819 0.15043419 0.15040737 0.1503052  0.15030059 0.15033825
 0.15040038 0.15047153 0.15062828 0.15084962 0.15115348 0.15088511
 0.1508435  0.15095225 0.1511398  0.15126119 0.15135411 0.15133714
 0.15128937 0.151133   0.15098221 0.1508692  0.15083997 0.15089676
 0.15109471 0.15144446 0.15132344 0.15124521 0.15129558 0.15134341
 0.15144116 0.15149169 0.15153678 0.15154573 0.15144813 0.15124983
 0.15107382 0.15089217 0.15074945 0.15071271 0.15082082 0.1510437
 0.15081642 0.150649   0.15059907 0.15059436 0.15065775 0.15074705
 0.15081539 0.1508795  0.15092002 0.15089903 0.15080076 0.15059156
 0.15045342 0.15044219 0.15038658 0.15032295 0.14980341 0.14942264
 0.14925665 0.14923127 0.14930747 0.149448   0.14965112 0.14995797
 0.15023615 0.15042019 0.15050011 0.15045113 0.15035125 0.15022219
 0.15006806 0.14933982 0.14870332 0.14822304 0.14789401 0.14779429
 0.14787163 0.1480511  0.14844524 0.14906002 0.14933179 0.14951542
 0.15219152 0.15235789 0.15249542 0.1525475  0.15273765 0.15246028
 0.15222245 0.15199442 0.15184589 0.15176564 0.1517282  0.15169442
 0.15170637 0.15176724 0.15182287 0.15189509 0.15202558 0.15224844
 0.15250854 0.15275616 0.15302115 0.15273739 0.15252287 0.15235962
 0.15228766 0.15222735 0.15229474 0.15243947 0.15249986 0.15256342
 0.15264065 0.15280513 0.15299349 0.15324476 0.1535364  0.15390737
 0.15370275 0.15355767 0.15346111 0.15338912 0.15337211 0.15341264
 0.15350478 0.15361929 0.15375166 0.15390143 0.15402389 0.1541165
 0.15427552 0.15445818 0.15467768 0.15490955 0.15457753 0.15431586
 0.1541075  0.15395751 0.15397593 0.15412622 0.15435887 0.15455809
 0.15474948 0.15486317 0.1549587  0.15500327 0.15504926 0.15511978
 0.15527609 0.15549423 0.15521587 0.15506079 0.1550108  0.15500416
 0.15510919 0.15526727 0.15548501 0.15568394 0.15589454 0.1560946
 0.1562494  0.15637756 0.15650702 0.15662445 0.15678829 0.1563899
 0.15612488 0.15598266 0.15591994 0.15592436 0.15601451 0.15615493
 0.15636089 0.1565846  0.15680781 0.15702848 0.15724683 0.15747795
 0.15764094 0.15770582 0.15783089 0.15745864 0.15710022 0.15679475
 0.15656211 0.15643519 0.15645555 0.15658541 0.15679665 0.15704981
 0.15735979 0.15775658 0.15814914 0.15848021 0.15872268 0.15885606
 0.15895371 0.15844272 0.15791757 0.15741477 0.15700504 0.15674911
 0.15663313 0.15671455 0.15695467 0.15733184 0.15786126 0.15855376
 0.15899456 0.15918973 0.1626217  0.16293407 0.16254474 0.16216924
 0.16196354 0.16189598 0.1618711  0.16183912 0.16189213 0.16203017
 0.16219991 0.16235959 0.16256626 0.16282853 0.16306077 0.16330593
 0.16362917 0.16407038 0.16399041 0.16385723 0.16371812 0.16369045
 0.16371448 0.16376777 0.16391459 0.16404777 0.16430351 0.16462576
 0.16482341 0.16502396 0.1652416  0.16557033 0.16590893 0.16629994
 0.16619047 0.16617478 0.16620925 0.16629285 0.16641975 0.16656319
 0.16677231 0.1670499  0.16738337 0.16773645 0.16810296 0.16847918
 0.16881281 0.16909585 0.16946871 0.16927185 0.16910006 0.16892404
 0.1688003  0.16870952 0.16867015 0.16870163 0.16896979 0.16940823
 0.1699439  0.17042782 0.17088514 0.17122886 0.17151876 0.17168861
 0.17185705 0.17149242 0.17122713 0.17102278 0.17095094 0.17101747
 0.17121808 0.17144712 0.17181635 0.17222001 0.17269928 0.1731366
 0.17356257 0.17394609 0.17421713 0.17437002 0.1745183  0.17401328
 0.17354926 0.17318768 0.17298994 0.17291962 0.17296005 0.17309212
 0.17336774 0.17373891 0.17419538 0.17466146 0.17509746 0.17553684
 0.17594374 0.17631449 0.17590831 0.17530997 0.17481525 0.17445691
 0.17410497 0.17379621 0.17357377 0.17346605 0.17354889 0.17376036
 0.17406453 0.17440774 0.17481271 0.17533366 0.17582068 0.17618872
 0.17581216 0.17526707 0.17466075 0.17403513 0.17337466 0.17272667
 0.17217955 0.17182628 0.17163631 0.17172519 0.17201801 0.17247629
 0.17312958 0.17399256 0.17447412 0.17461758]","(array([[7.30042178e-01, 6.84741763e-01, 6.39441349e-01, ...,
        1.95249458e-06, 1.96612537e-06, 1.97975617e-06],
       [5.64053665e-01, 5.27962143e-01, 4.91870621e-01, ...,
        8.15302906e-06, 7.17702960e-06, 6.20103014e-06],
       [9.23409898e-01, 8.66195762e-01, 8.08981626e-01, ...,
        2.64619657e-06, 2.68996276e-06, 2.73372894e-06],
       ...,
       [8.17485801e-02, 7.70459346e-02, 7.23432890e-02, ...,
        3.20593530e-06, 3.20600709e-06, 3.20607888e-06],
       [7.95382529e-02, 7.44374341e-02, 6.93366152e-02, ...,
        3.24802258e-06, 3.24425044e-06, 3.24047829e-06],
       [6.15882122e-01, 5.76576399e-01, 5.37270676e-01, ...,
        1.35362828e-06, 1.36564155e-06, 1.37765482e-06]]), array([[0.73004218, 0.68474176, 0.63944135, ..., 0.10790988, 0.10847135,
        0.10935008],
       [0.56405366, 0.52796214, 0.49187062, ..., 0.05041553, 0.04689371,
        0.04680456],
       [0.9234099 , 0.86619576, 0.80898163, ..., 0.06499808, 0.06265991,
        0.06345324],
       ...,
       [0.08174858, 0.07704593, 0.07234329, ..., 0.04550483, 0.04390326,
        0.04329956],
       [0.07953825, 0.07443743, 0.06933662, ..., 0.05329688, 0.05351016,
        0.05235694],
       [0.61588212, 0.5765764 , 0.53727068, ..., 0.08353253, 0.084423  ,
        0.08352976]]))","(array([[9.75671041e-02, 9.15647712e-02, 8.55624382e-02, ...,
        3.90208490e-01, 3.90992868e-01, 3.91777247e-01],
       [7.71866610e-01, 7.22466919e-01, 6.73067229e-01, ...,
        6.55819518e-02, 6.49998411e-02, 6.44177305e-02],
       [2.71828658e-01, 2.55207017e-01, 2.38585376e-01, ...,
        2.42682405e-04, 2.49146639e-04, 2.55610873e-04],
       ...,
       [7.35967675e-01, 6.91356929e-01, 6.46746183e-01, ...,
        9.25960422e-06, 9.20685498e-06, 9.15410575e-06],
       [9.72531501e-01, 9.09575813e-01, 8.46620126e-01, ...,
        7.09212494e-01, 7.09386585e-01, 7.09560675e-01],
       [7.63105903e-01, 7.13938553e-01, 6.64771202e-01, ...,
        9.33863875e-03, 9.71032500e-03, 1.00820112e-02]]), array([[0.0975671 , 0.09156477, 0.08556244, ..., 0.29573537, 0.29842741,
        0.29613387],
       [0.77186661, 0.72246692, 0.67306723, ..., 0.30257807, 0.30408893,
        0.29919309],
       [0.27182866, 0.25520702, 0.23858538, ..., 0.11245473, 0.10706073,
        0.10669044],
       ...,
       [0.73596767, 0.69135693, 0.64674618, ..., 0.00514459, 0.00515332,
        0.00524918],
       [0.9725315 , 0.90957581, 0.84662013, ..., 0.4009228 , 0.40411604,
        0.40025317],
       [0.7631059 , 0.71393855, 0.6647712 , ..., 0.07653722, 0.07613012,
        0.07564871]]))"
9,future_outlook,zz294_VAE_saved_sims_dgLV_I5_dgLV_B92_T8_fixed,8,future_outlook_200_raw_latent_2025-02-03T21:54.npz,200,raw,latent,"(200, 8, 768)","(2000, 8, 768)","[0.99748077 0.99888381 0.99908498 0.99936878 0.99951144 0.99958394
 0.9996142  0.99964568 0.99969521 0.99973515 0.99967754 0.99953146
 0.99928643 0.99948919 0.99953397 0.99947945 0.99944602 0.99940268
 0.99939113 0.99942832 0.99947637 0.99957545 0.99966691 0.99970349
 0.99976073 0.99975436 0.99963584 0.99934333 0.99885661 0.99933206
 0.99958584 0.99968599 0.9996953  0.99966028 0.99961165 0.99961121
 0.99962959 0.99970414 0.99977115 0.99980208 0.99983474 0.99982071
 0.99973189 0.99949361 0.9990499  0.99941908 0.99965775 0.99980639
 0.99985974 0.99988376 0.99987821 0.99988561 0.9998834  0.99989782
 0.9999107  0.99990345 0.99987422 0.99979317 0.99965396 0.99938607
 0.99967369 0.99983119 0.99991475 0.99993662 0.9999219  0.99990693
 0.99988264 0.99987419 0.99986424 0.99986459 0.99987347 0.99988111
 0.99989088 0.99988658 0.9998508  0.99973679 0.99984943 0.99990289
 0.99992614 0.99993176 0.99992784 0.9999247  0.99990615 0.99989658
 0.99989494 0.99991149 0.99993011 0.99994325 0.99994671 0.99992653
 0.99986961 0.99974382 0.99984434 0.99990928 0.9999374  0.999953
 0.99995105 0.99995696 0.99995058 0.99995136 0.99995404 0.99996158
 0.9999607  0.99994817 0.9999085  0.99983677 0.99971393 0.99983439
 0.99990902 0.9999465  0.999956   0.99995512 0.99994093 0.99992187
 0.99990334 0.99989666 0.99990327 0.99990619 0.99991897 0.99993198
 0.99992782 0.99989102 0.99980249 0.99990743 0.99993302 0.99991749
 0.99983009 0.99959903 0.99462041 0.99547983 0.99490599 0.99511906
 0.99510527 0.99481439 0.99461739 0.99425389 0.99385382 0.99344646
 0.99300494 0.99343022 0.99382738 0.99405046 0.99412725 0.99410482
 0.99410376 0.99415555 0.99422419 0.99402577 0.99379516 0.99345891
 0.99309654 0.99255026 0.99185925 0.99091072 0.99165698 0.99212609
 0.99246271 0.99267091 0.9928667  0.9930634  0.9931066  0.99313384
 0.99310745 0.99291067 0.99274021 0.99255902 0.99234011 0.99197251
 0.99159686 0.99102179 0.99161199 0.99193091 0.9921737  0.99234237
 0.99249279 0.99264063 0.99262751 0.99253123 0.99240268 0.99218851
 0.99194468 0.99170779 0.99133477 0.99090097 0.99041031 0.98982149
 0.9903205  0.9906444  0.99090807 0.99104963 0.99111942 0.99120604
 0.99114615 0.99097307 0.99078348 0.99050266 0.99022115 0.98993874
 0.98949225 0.9889396  0.98834087 0.98881046 0.98910367 0.98917403
 0.98921472 0.98917978 0.98906233 0.9889203  0.98870326 0.9885077
 0.98834827 0.98802576 0.9876528  0.98725973 0.98671145 0.98613028
 0.98540771 0.98574948 0.98612887 0.98637077 0.98659433 0.98669206
 0.98665808 0.98673539 0.98671702 0.98660214 0.98648926 0.98621399
 0.98591753 0.98560573 0.98509182 0.98448244 0.9836659  0.98419356
 0.98460159 0.98489371 0.98509072 0.98518723 0.98512919 0.98498048
 0.98480039 0.98463403 0.98441098 0.98418517 0.98379876 0.98341885
 0.98283139 0.98217372 0.98292017 0.98355537 0.98389282 0.98396354
 0.98395844 0.98414896 0.98508355 0.9836584  0.93847301 0.93902282
 0.93704962 0.9366349  0.93614051 0.93502326 0.93394476 0.93232215
 0.93229627 0.93237428 0.93224856 0.93182543 0.93148791 0.93102558
 0.93009017 0.9290211  0.92762529 0.92603909 0.92420647 0.92216284
 0.92017209 0.91819891 0.91571962 0.91538337 0.91499326 0.91470465
 0.91398356 0.9131903  0.91194969 0.9105531  0.90888297 0.90727678
 0.90528909 0.90315964 0.90087349 0.89873117 0.89669212 0.89452118
 0.89215758 0.89201265 0.89193578 0.89162986 0.89104466 0.89010409
 0.88908824 0.88792661 0.88648929 0.8849309  0.88306847 0.88083591
 0.87841919 0.87594965 0.87352616 0.87120982 0.86847668 0.86853962
 0.86868831 0.86860074 0.86824126 0.86759291 0.86684938 0.86576518
 0.86435162 0.86284103 0.86089777 0.8584561  0.85588321 0.85328625
 0.85068959 0.8482392  0.84810261 0.84782127 0.84767104 0.8474971
 0.84692389 0.84589213 0.84469205 0.8433929  0.84182645 0.84029117
 0.83842905 0.83627981 0.83400191 0.83160201 0.82922702 0.82693122
 0.82677589 0.82660483 0.82640496 0.8263895  0.82631328 0.82578832
 0.82510533 0.8240873  0.82284807 0.82191919 0.82070431 0.81919859
 0.81765853 0.81601287 0.81398865 0.81172082 0.81164439 0.81171562
 0.81196127 0.81246592 0.81278526 0.81276882 0.81245597 0.81171402
 0.81069486 0.80971764 0.80840748 0.80694066 0.80509334 0.80303896
 0.80045914 0.80004029 0.79926025 0.79863176 0.79829841 0.79857493
 0.79881802 0.7994654  0.80009759 0.80051387 0.8019973  0.79948634
 0.70575689 0.70438138 0.70265754 0.69936609 0.69642093 0.69693901
 0.69664593 0.69513831 0.69355371 0.6920877  0.69024598 0.68798041
 0.68551198 0.68313978 0.68018071 0.67714197 0.67387349 0.67046364
 0.66635485 0.66239132 0.65880287 0.65827006 0.65654482 0.6548053
 0.65344479 0.6530792  0.65080276 0.64806968 0.64476383 0.6419072
 0.63887424 0.63587595 0.63221838 0.62767744 0.62237864 0.61781294
 0.61669301 0.6155383  0.61405447 0.61232956 0.6108477  0.60946125
 0.60731245 0.60493886 0.60248994 0.59978883 0.59665749 0.59320877
 0.58990954 0.58643234 0.58227207 0.5783767  0.57768065 0.57718411
 0.57696609 0.57704663 0.57802967 0.5786825  0.5787087  0.57807534
 0.57709555 0.575181   0.57233041 0.56848337 0.56475721 0.56117505
 0.5573278  0.55404262 0.55411566 0.55470394 0.55597492 0.55739305
 0.5595381  0.56052334 0.56118707 0.56142473 0.56144424 0.56106027
 0.55904048 0.55558444 0.55296255 0.55089007 0.54900744 0.55063674
 0.55230305 0.55358123 0.5552481  0.55661166 0.55836358 0.55952334
 0.56056868 0.56139952 0.56191164 0.56290239 0.56282222 0.5611603
 0.55931335 0.55709064 0.55545089 0.5566951  0.55682184 0.55542814
 0.5549316  0.55484447 0.55587624 0.55708877 0.55833716 0.55928609
 0.55965016 0.56010472 0.55900114 0.55646506 0.55369366 0.55076675
 0.54758071 0.54679812 0.54568164 0.54433105 0.54285269 0.54168326
 0.54110496 0.54307582 0.54543334 0.54658483 0.54794561 0.54952634
 0.54589111 0.54662436 0.41058366 0.40586469 0.41003643 0.40552637
 0.40092874 0.40032239 0.39766183 0.39341109 0.39116987 0.38869912
 0.38664391 0.38481175 0.38225664 0.37925341 0.37544187 0.37149825
 0.36861145 0.36659084 0.36471207 0.36312953 0.36161001 0.36127348
 0.35946606 0.35701336 0.35555121 0.3549954  0.35259719 0.34981957
 0.34634983 0.34348588 0.34104372 0.33855733 0.33629879 0.3332776
 0.33091782 0.32972168 0.32852475 0.32693093 0.32540938 0.32392488
 0.32193906 0.32036923 0.31786532 0.31588122 0.31366737 0.31120146
 0.30803532 0.3043194  0.30223551 0.30241032 0.30176102 0.30108961
 0.30036474 0.29921886 0.2987204  0.29848161 0.29898855 0.29907953
 0.29839888 0.29720881 0.29616176 0.29491462 0.29308154 0.28974314
 0.28739769 0.28681756 0.28582046 0.28548624 0.28516018 0.28460689
 0.2852327  0.28654262 0.28826794 0.28776068 0.28730274 0.28727706
 0.28753013 0.28766569 0.28573027 0.28150543 0.27912394 0.27857867
 0.27818707 0.27868836 0.27923727 0.27883221 0.27937513 0.27929484
 0.28002722 0.27983551 0.27958535 0.27974625 0.27959825 0.28015379
 0.27963396 0.27574991 0.27325159 0.27078909 0.26968537 0.26987431
 0.26819914 0.26372025 0.26127675 0.25944604 0.25945519 0.25939006
 0.25968799 0.2604924  0.26096172 0.2617828  0.26020869 0.25642943
 0.25424204 0.25252191 0.25075475 0.24865203 0.24675496 0.24539045
 0.24410537 0.24288114 0.24224015 0.24537081 0.24907738 0.24932441
 0.25017334 0.25163264 0.24275676 0.25043728]","[ 0.84648963  0.84542824  0.8430746   0.84223363  0.84133728  0.84128299
  0.84113353  0.8393338   0.83841602  0.83697654  0.83528811  0.83243284
  0.83044838  0.83222292  0.83244741  0.83213719  0.8313736   0.83053167
  0.82887379  0.82645834  0.82381943  0.82159057  0.81832468  0.81522848
  0.81222819  0.8090096   0.80531736  0.80134359  0.79733442  0.79928092
  0.80057972  0.80191671  0.80269808  0.80335854  0.80390689  0.80445282
  0.8049855   0.80503914  0.80497271  0.80462351  0.80455728  0.80431781
  0.80393062  0.80272222  0.80162591  0.80585451  0.80937997  0.81233959
  0.81481866  0.81673379  0.81843554  0.81965622  0.82083367  0.82158076
  0.82174381  0.82150701  0.821413    0.82097344  0.82023002  0.81875498
  0.82105154  0.82300229  0.82454948  0.82568556  0.82615732  0.82608457
  0.82593993  0.82545072  0.82492739  0.82427465  0.82329611  0.8219678
  0.82055868  0.81906174  0.81729845  0.81495639  0.81511978  0.81501236
  0.81456235  0.81395688  0.81285972  0.81144536  0.81000509  0.80824187
  0.80625272  0.804048    0.8013387   0.79860591  0.79554264  0.79239342
  0.78913039  0.78550608  0.78471305  0.78378713  0.78259325  0.78172146
  0.78044135  0.77873247  0.77665214  0.77390607  0.77129302  0.76892991
  0.76606247  0.76290104  0.75916789  0.75521062  0.75098188  0.74908257
  0.74699628  0.7445736   0.74227051  0.74014608  0.73788747  0.73557747
  0.73316846  0.73068716  0.7278878   0.72490757  0.72151231  0.71809684
  0.7145132   0.71028705  0.70574663  0.70441251  0.70259355  0.7006027
  0.70068777  0.6945467   0.60677071  0.60695944  0.60350932  0.6026988
  0.60157098  0.59905846  0.59625552  0.59288951  0.58897547  0.5854332
  0.58144329  0.58078311  0.5803168   0.57980565  0.5789178   0.57835985
  0.57680004  0.57430704  0.57140961  0.56859205  0.56611765  0.56348927
  0.55943323  0.55581486  0.55213702  0.54917637  0.54919217  0.54914071
  0.54887847  0.54838269  0.54710013  0.54564268  0.54405353  0.54266214
  0.54113362  0.53969223  0.53832555  0.53653032  0.53444943  0.53200706
  0.52976306  0.52734078  0.52757059  0.52731516  0.52718488  0.52719424
  0.52697421  0.52653024  0.52568537  0.52438496  0.52280161  0.5212741
  0.51985412  0.51837066  0.51684863  0.51524151  0.51372006  0.51173967
  0.51168799  0.51118221  0.51067052  0.51016823  0.50927065  0.50818547
  0.50694942  0.50541306  0.50352554  0.5014885   0.49928993  0.49707653
  0.49493067  0.49267018  0.49062117  0.49087593  0.49076374  0.49026807
  0.48953138  0.4886311   0.48759729  0.48649405  0.48529859  0.484016
  0.48248644  0.48080497  0.4790457   0.47728941  0.47564022  0.47373962
  0.47183164  0.47191241  0.47181321  0.47130378  0.47040547  0.46914299
  0.46763907  0.46615053  0.46449466  0.46292222  0.46109058  0.45932568
  0.45717338  0.45475087  0.4523066   0.44994503  0.44776301  0.44760348
  0.44714352  0.44636459  0.44528317  0.44391028  0.44235668  0.44080559
  0.43898037  0.43700542  0.43456834  0.43176011  0.42828924  0.42401162
  0.41942282  0.41506002  0.41332692  0.41276335  0.41247499  0.41224516
  0.41182697  0.41040425  0.40930189  0.40860499  0.34446203  0.34132682
  0.34091053  0.33613807  0.33123254  0.32827573  0.32400858  0.31872275
  0.31572218  0.31269557  0.30963115  0.30676027  0.30331555  0.2996492
  0.29542369  0.29109421  0.28688901  0.28271589  0.27744812  0.27297641
  0.26872773  0.26516739  0.2604189   0.25712373  0.25440224  0.25262402
  0.24898333  0.24517161  0.24111857  0.23761901  0.23407694  0.23024999
  0.22661161  0.22257696  0.21797531  0.21449215  0.21086986  0.20697773
  0.20318919  0.20056671  0.19772131  0.19519112  0.19184646  0.18895486
  0.18605549  0.18301799  0.17936116  0.17545381  0.17289972  0.17123743
  0.16887792  0.16677726  0.16458011  0.16196869  0.15997158  0.1589651
  0.15821897  0.15703484  0.15514303  0.15317312  0.15141853  0.1497933
  0.14724345  0.14352965  0.1411887   0.14016267  0.13884403  0.13785653
  0.13656965  0.13471718  0.13428588  0.13428572  0.13421852  0.13244126
  0.13072206  0.12976241  0.12919232  0.12877536  0.1271943   0.12430332
  0.122626    0.12169635  0.1205045   0.11985607  0.11907083  0.11793417
  0.11787375  0.11717866  0.11689194  0.11568363  0.11419225  0.11313948
  0.11166466  0.11086006  0.10933087  0.10571485  0.10252347  0.1002888
  0.09850626  0.09797114  0.09599313  0.09206427  0.08983077  0.08796271
  0.08732943  0.08661516  0.08594126  0.08546802  0.08463051  0.0839789
  0.08205899  0.07899614  0.07614613  0.07358219  0.07090119  0.06804389
  0.06542395  0.06326263  0.06102971  0.05838909  0.05649562  0.05715083
  0.05804423  0.05613025  0.05440267  0.05128816  0.04211998  0.05109895
 -0.03600375 -0.04213195 -0.03221278 -0.0381554  -0.04629944 -0.04921314
 -0.0562178  -0.06568252 -0.07193411 -0.07983168 -0.08655154 -0.09147682
 -0.09799685 -0.10523672 -0.11315785 -0.12126727 -0.12736062 -0.13206197
 -0.1390499  -0.14427835 -0.14904469 -0.15358645 -0.15932124 -0.16594472
 -0.17080455 -0.17374678 -0.17925678 -0.18548987 -0.19182435 -0.1966531
 -0.19976737 -0.20358605 -0.2063712  -0.21048901 -0.21533503 -0.2182097
 -0.22321264 -0.22832415 -0.23272102 -0.23670261 -0.24213752 -0.24660857
 -0.25230294 -0.2562344  -0.26070425 -0.26534182 -0.2702818  -0.27542544
 -0.27762109 -0.27741067 -0.27855759 -0.27903194 -0.28209341 -0.28594469
 -0.28838857 -0.29042464 -0.29230513 -0.29479096 -0.29835512 -0.30153175
 -0.30420564 -0.30584561 -0.30734735 -0.31113001 -0.31318421 -0.31355208
 -0.31493259 -0.3146255  -0.31614577 -0.31839441 -0.31895214 -0.31768248
 -0.31653807 -0.31881696 -0.32098359 -0.32118085 -0.32014684 -0.31863531
 -0.31922199 -0.32290742 -0.32346691 -0.32221626 -0.32130901 -0.32045615
 -0.3198428  -0.32034405 -0.31947524 -0.31942676 -0.31802322 -0.31756822
 -0.31735433 -0.31521272 -0.31335876 -0.31033608 -0.3079836  -0.31098263
 -0.31237314 -0.31226675 -0.31030005 -0.30764144 -0.30759453 -0.31159585
 -0.31246693 -0.31205405 -0.30968223 -0.30781581 -0.30570711 -0.30176204
 -0.29776047 -0.29348493 -0.29221458 -0.29345562 -0.2925784  -0.28969153
 -0.28611676 -0.28449542 -0.28165245 -0.27798395 -0.27333409 -0.26945137
 -0.2655333  -0.25768965 -0.24974333 -0.24855098 -0.24672371 -0.24550423
 -0.25815914 -0.23612124 -0.48967049 -0.49825199 -0.47739439 -0.48649886
 -0.49849208 -0.50028484 -0.50719956 -0.51508379 -0.51696819 -0.52206124
 -0.52554652 -0.52760281 -0.53133612 -0.53517617 -0.53769924 -0.54112147
 -0.54315766 -0.54396306 -0.55053698 -0.55468456 -0.55866887 -0.56094602
 -0.56417086 -0.56793518 -0.57020658 -0.57051703 -0.57209053 -0.57345205
 -0.57380085 -0.5740992  -0.57353491 -0.57441305 -0.57251652 -0.57134784
 -0.57396361 -0.57548995 -0.57727401 -0.58003395 -0.58171401 -0.58198784
 -0.58523787 -0.58573431 -0.58718705 -0.58669611 -0.58616946 -0.58615325
 -0.58584625 -0.5858548  -0.58239868 -0.58161912 -0.58187818 -0.58271535
 -0.58335702 -0.58559417 -0.58573348 -0.58552104 -0.58441166 -0.58225947
 -0.58031635 -0.57972901 -0.57859469 -0.57707641 -0.57419334 -0.57337199
 -0.5707503  -0.57073278 -0.57104748 -0.57073783 -0.57039611 -0.57202639
 -0.57184525 -0.56992624 -0.56774138 -0.56789394 -0.56578624 -0.56202517
 -0.55736127 -0.55320433 -0.5498974  -0.54879625 -0.54477654 -0.54367004
 -0.54236282 -0.54014565 -0.53784017 -0.53777264 -0.53659574 -0.53578109
 -0.53299644 -0.53033228 -0.52838758 -0.5252412  -0.52247719 -0.51829678
 -0.51355725 -0.51325619 -0.51526596 -0.51603788 -0.51539866 -0.51395455
 -0.51456494 -0.5172874  -0.51718488 -0.51610899 -0.51322104 -0.51061208
 -0.50736418 -0.50278254 -0.49825463 -0.49302905 -0.4891848  -0.4869193
 -0.48738404 -0.48754472 -0.48719262 -0.48713601 -0.48514236 -0.48250966
 -0.47866199 -0.47580843 -0.47471475 -0.47271822 -0.46947768 -0.46957769
 -0.46727726 -0.46646144 -0.4799989  -0.45223855]","[0.0033051  0.00221213 0.00201489 0.0016843  0.00149198 0.00138689
 0.00134579 0.00130013 0.00121603 0.00114351 0.00127325 0.00154922
 0.00193038 0.00164597 0.00158533 0.00169045 0.00176034 0.00184606
 0.0018832  0.00184452 0.00178511 0.00162599 0.00145739 0.00139184
 0.00126595 0.00129903 0.00160217 0.00217982 0.00291473 0.00224969
 0.00179005 0.00157593 0.00157046 0.00167839 0.00181711 0.00184186
 0.00182193 0.00165072 0.00147224 0.0013888  0.00128761 0.00136099
 0.00168928 0.00235675 0.00327745 0.00258572 0.00200347 0.00152182
 0.00130875 0.00120429 0.00124642 0.0012219  0.00124822 0.00118269
 0.00111936 0.00117859 0.00136252 0.00176999 0.00231968 0.00313106
 0.00229483 0.00165977 0.00118634 0.00102911 0.00114958 0.00126302
 0.00142786 0.00148856 0.00155725 0.00156657 0.00152563 0.00149008
 0.00143862 0.00147831 0.00170912 0.00228862 0.00173554 0.00139772
 0.00122263 0.00117888 0.00121627 0.00124683 0.00139706 0.00147223
 0.00148982 0.00137311 0.0012254  0.00110917 0.00107978 0.00127377
 0.0017052  0.00240215 0.00187355 0.00143139 0.00119024 0.00103253
 0.00105523 0.00099105 0.00106378 0.00105749 0.00103013 0.0009441
 0.00095725 0.00110238 0.00146893 0.00196807 0.00261394 0.00198737
 0.00147225 0.00112873 0.00102351 0.001034   0.00118681 0.00136587
 0.00152066 0.00157424 0.00152523 0.00150454 0.00140098 0.00128637
 0.00132825 0.00163639 0.00220915 0.00151148 0.00128539 0.00142688
 0.00204855 0.00314955 0.01154992 0.01060338 0.01127741 0.0110635
 0.0111074  0.01146567 0.01171895 0.01215097 0.0126152  0.01308066
 0.01357428 0.01316335 0.01277223 0.01255699 0.01249814 0.01254935
 0.01258268 0.01256414 0.01253148 0.0127917  0.01308871 0.01349739
 0.01393147 0.01454499 0.01528591 0.01624322 0.01555962 0.01511806
 0.01479806 0.0146033  0.01442224 0.0142414  0.01422063 0.01422035
 0.01427978 0.01451906 0.01473417 0.01496333 0.01523326 0.01565154
 0.01607635 0.01668677 0.0161194  0.0158049  0.01556454 0.01539933
 0.01525489 0.01511552 0.01514469 0.01526316 0.01541818 0.01566271
 0.01593868 0.01620946 0.01661332 0.01707282 0.0175816  0.01817402
 0.01770256 0.0173881  0.01713001 0.01698912 0.01691995 0.01683861
 0.01690142 0.01707566 0.01726825 0.01754808 0.0178296  0.01811333
 0.01854407 0.01906411 0.01961763 0.01919169 0.01891589 0.01883588
 0.0187854  0.01880453 0.0188988  0.01901738 0.01920286 0.01937239
 0.01951431 0.01979465 0.02011689 0.02045529 0.02091611 0.0213987
 0.02198424 0.02168768 0.02136433 0.02114915 0.02095148 0.02085589
 0.02086775 0.02079685 0.02080524 0.02089338 0.02098396 0.02120387
 0.02144244 0.02169497 0.02210019 0.0225738  0.02319203 0.02275318
 0.02240323 0.02214188 0.02195552 0.021849   0.02186241 0.02194809
 0.02206194 0.02217114 0.02232648 0.02248888 0.02276967 0.02304937
 0.02347523 0.02394881 0.02337822 0.02288174 0.02259367 0.02249701
 0.0224586  0.0222881  0.02159031 0.02257113 0.04375396 0.04352571
 0.04420168 0.04433452 0.04450483 0.04490048 0.04529011 0.0458723
 0.04575871 0.04562117 0.04556351 0.04561654 0.0456515  0.04573871
 0.04599245 0.04629878 0.0467193  0.04720771 0.04778022 0.04842362
 0.0490551  0.04968674 0.05047649 0.05049453 0.0505398  0.05056622
 0.05073187 0.0509294  0.05126802 0.05166103 0.05214135 0.05261161
 0.05319794 0.05383106 0.05451442 0.05516549 0.05579689 0.0564728
 0.05720892 0.05718542 0.05715699 0.0572022  0.05733399 0.05757172
 0.05784137 0.05816117 0.05856428 0.05901012 0.05954502 0.06018441
 0.06087989 0.06159819 0.06231513 0.06301648 0.06383047 0.06373094
 0.06362508 0.0635909  0.06363688 0.06376677 0.06393364 0.06419613
 0.06455076 0.06494164 0.06544767 0.06608262 0.06675925 0.06745269
 0.06815772 0.06884168 0.06878842 0.06877884 0.0687506  0.06873877
 0.06882786 0.06903056 0.06928115 0.06956393 0.06991597 0.07027096
 0.07070757 0.0712162  0.07176176 0.07234257 0.07292706 0.07350409
 0.07338582 0.0732818  0.07319482 0.07308008 0.07298934 0.07300394
 0.07306248 0.07320161 0.07339706 0.07353873 0.07375013 0.07403171
 0.07433055 0.07466121 0.07507868 0.07555489 0.07537288 0.07517726
 0.074963   0.07471348 0.07451732 0.07440436 0.07436655 0.07442985
 0.07456372 0.07470513 0.07492767 0.07519646 0.07555474 0.07596829
 0.07649783 0.07642232 0.07643221 0.07642967 0.07638795 0.07624799
 0.07613179 0.07595651 0.07580146 0.0757047  0.07542229 0.07591606
 0.09200512 0.09228292 0.09263594 0.09325327 0.09383672 0.09355982
 0.09343125 0.09351218 0.09362701 0.09374611 0.09394492 0.09423033
 0.09456862 0.09491494 0.09537166 0.09586268 0.09641039 0.09700167
 0.09771829 0.09843614 0.0991225  0.09898401 0.09904615 0.099138
 0.09920363 0.0991559  0.09941005 0.09975734 0.1002137  0.10063494
 0.10110976 0.1016088  0.10222892 0.10300043 0.10390482 0.10473688
 0.10463683 0.10456482 0.10456093 0.10461306 0.10465604 0.10471026
 0.10489069 0.10512497 0.10539325 0.10571907 0.10612578 0.10659824
 0.10707537 0.10760026 0.10823843 0.10886683 0.10874499 0.10862286
 0.10849067 0.10834617 0.10811225 0.10794687 0.10788799 0.10793975
 0.10806196 0.10832961 0.10874228 0.10930685 0.10988125 0.11046302
 0.11110391 0.11170034 0.11153313 0.11132796 0.11106405 0.11080827
 0.11048781 0.11033909 0.11025716 0.11025518 0.11030707 0.11043613
 0.11079732 0.11136492 0.11185404 0.11230086 0.11275053 0.11239717
 0.11206304 0.11180135 0.11151478 0.11128995 0.11103998 0.11088801
 0.110774   0.11071056 0.11071088 0.1106741  0.11079628 0.11114242
 0.11153556 0.11199982 0.11241398 0.1121817  0.11211244 0.11225697
 0.11230974 0.11233255 0.11223579 0.11213758 0.11205604 0.11203364
 0.11210682 0.11218971 0.11249261 0.11299963 0.11355796 0.11415743
 0.11481121 0.11478866 0.11483307 0.11493175 0.11507128 0.11519685
 0.11527332 0.1150546  0.1148116  0.11474536 0.11467722 0.11460548
 0.11522136 0.11530738 0.13170613 0.13249374 0.13190879 0.13231734
 0.13275786 0.13277978 0.13305367 0.13352705 0.13380339 0.13412978
 0.13443553 0.13474195 0.13515269 0.13563753 0.13623568 0.13687321
 0.13742086 0.13789962 0.13794561 0.13798602 0.13804647 0.13800621
 0.13815213 0.1383947  0.13855793 0.13865131 0.13897024 0.13935731
 0.13984592 0.14029721 0.14073114 0.14119761 0.14166761 0.14224686
 0.14228042 0.14221792 0.14218369 0.14221978 0.14227663 0.14235815
 0.1425211  0.1426691  0.14294397 0.14319325 0.14349563 0.14385346
 0.14431348 0.14485986 0.14526553 0.14498267 0.14480985 0.1446637
 0.14454759 0.14449952 0.14440942 0.14431755 0.14417408 0.14409856
 0.14412752 0.1442339  0.14435076 0.14451334 0.14476116 0.14518812
 0.14553866 0.14530835 0.14514454 0.14493762 0.14475441 0.14461885
 0.14438897 0.14411507 0.14382434 0.14378421 0.14376413 0.14372556
 0.14368404 0.14367954 0.14390897 0.14439367 0.14471785 0.1444692
 0.14423345 0.14393713 0.14366499 0.14351685 0.1433034  0.14318107
 0.14300724 0.14295445 0.14293673 0.14290754 0.14293833 0.14292861
 0.14305493 0.14354431 0.14355447 0.14358858 0.14351699 0.14334719
 0.14338922 0.14373389 0.14390793 0.14405122 0.14404486 0.14407516
 0.14409958 0.14410402 0.14417034 0.14423145 0.14455569 0.14512459
 0.14524115 0.14534313 0.14548084 0.14568236 0.1458953  0.14608817
 0.14630496 0.14654749 0.14676517 0.14664836 0.14650514 0.14672938
 0.14692542 0.14709176 0.1483033  0.14791961]","[0.02612266 0.02632897 0.02665866 0.02687314 0.02710555 0.0272788
 0.02747253 0.02782163 0.02810726 0.02845098 0.02882926 0.02932259
 0.02975268 0.02978879 0.02998186 0.03024332 0.03056635 0.03091714
 0.03136313 0.03189971 0.03247812 0.03303975 0.03371839 0.03440239
 0.0350983  0.0358353  0.03663745 0.03748685 0.03836029 0.03853114
 0.03878689 0.03906141 0.03941283 0.03979838 0.04021672 0.04065599
 0.04111646 0.04164708 0.04221023 0.04282351 0.04342456 0.04406277
 0.04473534 0.04552002 0.04631065 0.04617044 0.04612283 0.04615405
 0.04625572 0.04644017 0.04666458 0.04696416 0.04728291 0.04767211
 0.04815404 0.04870563 0.04925327 0.04986393 0.05053274 0.05132107
 0.05124274 0.05122414 0.05127478 0.05139703 0.05162971 0.05195675
 0.05230837 0.05272572 0.05316228 0.05363248 0.05416652 0.05476857
 0.05539755 0.05605457 0.05676735 0.0575848  0.05773942 0.05794932
 0.05822606 0.05854047 0.05894561 0.05941419 0.05990035 0.06045092
 0.0610506  0.06169773 0.06243771 0.06319474 0.06401696 0.06486594
 0.06574604 0.06669573 0.06687414 0.0670883  0.06735913 0.06759521
 0.0679097  0.06830558 0.06877374 0.06935901 0.06993844 0.07049453
 0.07114247 0.07184983 0.07265823 0.0735146  0.07442583 0.07463273
 0.07488284 0.07519801 0.07551099 0.07581369 0.07615214 0.07651434
 0.07690731 0.07732727 0.07780946 0.07833403 0.07893412 0.07955349
 0.08021317 0.08097944 0.08180565 0.08188458 0.08205362 0.08226926
 0.08222336 0.08305261 0.09424977 0.09427163 0.09475714 0.09495461
 0.09521799 0.09567471 0.09619389 0.09680792 0.09751481 0.09820543
 0.09897703 0.09898536 0.0990119  0.09908498 0.09924375 0.09940496
 0.09972557 0.10019739 0.10075805 0.10135066 0.1019444  0.10259768
 0.10346013 0.10431263 0.10521359 0.10607164 0.10605735 0.10609022
 0.10618711 0.10635071 0.10664614 0.10700137 0.1074113  0.10783709
 0.10831808 0.10882771 0.10936722 0.10999605 0.11069731 0.11148
 0.11227733 0.11313396 0.1130758  0.11310958 0.11316225 0.11323206
 0.11336314 0.11355482 0.11382832 0.11419023 0.11461985 0.11507647
 0.11555377 0.1160722  0.11662865 0.11722861 0.11785126 0.11856248
 0.11850836 0.11854301 0.11861209 0.11871377 0.11889712 0.11913697
 0.11942888 0.11979094 0.12022932 0.12071961 0.12126324 0.12184246
 0.12244724 0.1230996  0.12375989 0.12365749 0.12362957 0.12367811
 0.1237858  0.12394326 0.12414688 0.12438889 0.12467208 0.12499583
 0.1253795  0.12581157 0.12628305 0.12678413 0.12730211 0.12788044
 0.12848944 0.12838374 0.12832952 0.12835474 0.12845677 0.12863258
 0.12886725 0.12912974 0.12944221 0.12977438 0.13016768 0.13058276
 0.13107446 0.13162864 0.13221531 0.13282185 0.13343653 0.13323573
 0.13310292 0.13304029 0.13304584 0.13311822 0.1332442  0.13340197
 0.13362465 0.13389745 0.13425752 0.13469398 0.13524125 0.13591607
 0.13665968 0.13740897 0.13732257 0.13712703 0.13692778 0.13675039
 0.13662371 0.13664239 0.13665267 0.13664508 0.1438027  0.14411507
 0.14416054 0.14471262 0.14530874 0.14572347 0.14631105 0.14703927
 0.14704109 0.14707912 0.14715505 0.14724469 0.14742987 0.14767318
 0.14801026 0.14839323 0.14879857 0.14923636 0.14982383 0.15036483
 0.15091944 0.15144011 0.15212041 0.15217848 0.15220658 0.15216802
 0.15234867 0.15257593 0.15285704 0.1531123  0.15340217 0.1537511
 0.15411196 0.15454325 0.15506185 0.15550085 0.15598528 0.15652813
 0.15709262 0.15709124 0.15713993 0.1571862  0.15734061 0.15747967
 0.15764861 0.15786027 0.15816113 0.15851554 0.15876969 0.15896856
 0.15926475 0.15956662 0.15990829 0.1603202  0.16070397 0.16050942
 0.1603216  0.16020723 0.16019183 0.16021559 0.16025099 0.16030642
 0.16048131 0.1607978  0.16101773 0.16114719 0.16133701 0.16152879
 0.16178158 0.16212034 0.16184425 0.16155641 0.16130362 0.16123874
 0.16119696 0.1611136  0.16102333 0.16094826 0.16101003 0.16122175
 0.16135099 0.16144105 0.16158489 0.16170852 0.16187444 0.16210236
 0.16177653 0.16153913 0.16129474 0.16116496 0.16109142 0.16100863
 0.16099498 0.16095159 0.16100492 0.16127769 0.16154293 0.16175324
 0.16195435 0.16207499 0.16235688 0.16284542 0.16269672 0.16255043
 0.16232985 0.16215273 0.16200848 0.1618831  0.16182676 0.16179089
 0.16190394 0.16215456 0.16242328 0.16270391 0.16303201 0.16341286
 0.16381025 0.16367758 0.16358312 0.1635563  0.16349707 0.16325024
 0.1630165  0.16305919 0.16311921 0.16333225 0.16409804 0.16333967
 0.17072045 0.17130895 0.17061098 0.17125635 0.17211775 0.17200296
 0.17225813 0.17274658 0.1730082  0.17343753 0.17380756 0.17407075
 0.17449828 0.17501999 0.17563266 0.17629741 0.17684171 0.17731584
 0.17800815 0.17860221 0.1791999  0.17914994 0.17923698 0.17943703
 0.17954654 0.17955572 0.17980827 0.18016265 0.18057171 0.1809144
 0.18117601 0.18153968 0.18187444 0.18235877 0.18294709 0.18343625
 0.18344579 0.18350176 0.18354326 0.18359348 0.18379134 0.18395794
 0.18425517 0.18446349 0.18475264 0.18509552 0.18550215 0.18596542
 0.18625589 0.18641321 0.18671172 0.18700322 0.18682529 0.18674339
 0.18659829 0.18646337 0.18635731 0.18633518 0.18643092 0.18653927
 0.18665239 0.18673263 0.18684429 0.1871602  0.18739408 0.18754908
 0.1878178  0.18800728 0.18773609 0.18756555 0.18732393 0.1870024
 0.18673992 0.18677023 0.18684255 0.18682585 0.18677248 0.18673561
 0.18689755 0.18732928 0.18758993 0.18777215 0.18802821 0.18769662
 0.18742488 0.18727513 0.18707121 0.18696855 0.18681302 0.18676788
 0.18678297 0.18670441 0.18668905 0.18663314 0.18666716 0.18712555
 0.18751191 0.18783375 0.18806418 0.18767679 0.1875201  0.18769658
 0.18769208 0.18763923 0.1874897  0.18741959 0.18737525 0.1872418
 0.18714642 0.18707301 0.18725877 0.18766891 0.18796763 0.18816151
 0.18834551 0.18805059 0.18771014 0.18735303 0.18696751 0.18668165
 0.18643639 0.18594414 0.1854852  0.18556921 0.18564878 0.18581611
 0.18706006 0.18575654 0.20434107 0.20539765 0.20375467 0.20421464
 0.20491152 0.20495111 0.20538227 0.20592073 0.20609343 0.20652661
 0.20689328 0.20720579 0.2076748  0.20819383 0.20866629 0.20924243
 0.20976704 0.21025019 0.21048413 0.21059514 0.21073761 0.21080761
 0.21098481 0.21124163 0.21144132 0.21155256 0.21179247 0.21206168
 0.21230613 0.21259049 0.21285967 0.21326936 0.21353365 0.21388936
 0.21386078 0.21380767 0.21382181 0.21395194 0.21405894 0.21412094
 0.21443448 0.21461194 0.21490424 0.21511491 0.21537283 0.2157149
 0.21608646 0.21652852 0.21678213 0.21649883 0.21632907 0.21624133
 0.21618281 0.21627581 0.21626841 0.21627981 0.21627277 0.21623712
 0.21625811 0.2164142  0.21657507 0.21675156 0.21687577 0.21718332
 0.2174077  0.21714153 0.21694312 0.21674656 0.21659288 0.21662028
 0.21656802 0.21644124 0.21634122 0.21644754 0.2164428  0.21636823
 0.21627497 0.21626036 0.21634826 0.21663364 0.21675794 0.2163649
 0.2160083  0.21563866 0.21531358 0.21519591 0.21505137 0.21498296
 0.21482731 0.2147305  0.21473447 0.21470404 0.21475016 0.21474554
 0.21474977 0.21511751 0.21488541 0.21460751 0.21427229 0.21392305
 0.21376188 0.21379248 0.21366697 0.21351615 0.21328091 0.21310839
 0.21293371 0.21270734 0.2125269  0.21233869 0.21229024 0.21239602
 0.21198855 0.21160341 0.21122616 0.2109145  0.21051038 0.2101061
 0.20966087 0.20933124 0.20917154 0.20899294 0.20877101 0.20883132
 0.20876595 0.20885094 0.21000145 0.20825406]","(array([[7.30042178e-01, 6.84741763e-01, 6.39441349e-01, ...,
        1.95249458e-06, 1.96612537e-06, 1.97975617e-06],
       [5.64053665e-01, 5.27962143e-01, 4.91870621e-01, ...,
        8.15302906e-06, 7.17702960e-06, 6.20103014e-06],
       [9.23409898e-01, 8.66195762e-01, 8.08981626e-01, ...,
        2.64619657e-06, 2.68996276e-06, 2.73372894e-06],
       ...,
       [8.17485801e-02, 7.70459346e-02, 7.23432890e-02, ...,
        3.20593530e-06, 3.20600709e-06, 3.20607888e-06],
       [7.95382529e-02, 7.44374341e-02, 6.93366152e-02, ...,
        3.24802258e-06, 3.24425044e-06, 3.24047829e-06],
       [6.15882122e-01, 5.76576399e-01, 5.37270676e-01, ...,
        1.35362828e-06, 1.36564155e-06, 1.37765482e-06]]), array([[0.73004218, 0.68474176, 0.63944135, ..., 0.33958632, 0.34159093,
        0.33653435],
       [0.56405366, 0.52796214, 0.49187062, ..., 0.20025287, 0.20362649,
        0.20530493],
       [0.9234099 , 0.86619576, 0.80898163, ..., 0.22548367, 0.22715054,
        0.22434105],
       ...,
       [0.08174858, 0.07704593, 0.07234329, ..., 0.23707454, 0.24058498,
        0.23727339],
       [0.07953825, 0.07443743, 0.06933662, ..., 0.03554609, 0.03556421,
        0.0349569 ],
       [0.61588212, 0.5765764 , 0.53727068, ..., 0.07936595, 0.08026239,
        0.0794818 ]]))","(array([[9.75671041e-02, 9.15647712e-02, 8.55624382e-02, ...,
        3.90208490e-01, 3.90992868e-01, 3.91777247e-01],
       [7.71866610e-01, 7.22466919e-01, 6.73067229e-01, ...,
        6.55819518e-02, 6.49998411e-02, 6.44177305e-02],
       [2.71828658e-01, 2.55207017e-01, 2.38585376e-01, ...,
        2.42682405e-04, 2.49146639e-04, 2.55610873e-04],
       ...,
       [7.35967675e-01, 6.91356929e-01, 6.46746183e-01, ...,
        9.25960422e-06, 9.20685498e-06, 9.15410575e-06],
       [9.72531501e-01, 9.09575813e-01, 8.46620126e-01, ...,
        7.09212494e-01, 7.09386585e-01, 7.09560675e-01],
       [7.63105903e-01, 7.13938553e-01, 6.64771202e-01, ...,
        9.33863875e-03, 9.71032500e-03, 1.00820112e-02]]), array([[0.0975671 , 0.09156477, 0.08556244, ..., 0.34167278, 0.3434631 ,
        0.3426986 ],
       [0.77186661, 0.72246692, 0.67306723, ..., 0.29516889, 0.29729046,
        0.29280532],
       [0.27182866, 0.25520702, 0.23858538, ..., 0.21078575, 0.2136983 ,
        0.21078318],
       ...,
       [0.73596767, 0.69135693, 0.64674618, ..., 0.01278391, 0.01211617,
        0.01244715],
       [0.9725315 , 0.90957581, 0.84662013, ..., 0.40047338, 0.40433868,
        0.3993997 ],
       [0.7631059 , 0.71393855, 0.6647712 , ..., 0.05932843, 0.06037987,
        0.0607991 ]]))"
10,future_outlook,zz294_VAE_saved_sims_dgLV_I5_dgLV_B92_T8_fixed,8,future_outlook_1000_latent_latent_2025-02-03T21:54.npz,1000,latent,latent,"(1000, 8, 768)","(2000, 8, 768)","[0.99746824 0.99880852 0.99909168 0.99932612 0.99948318 0.99954909
 0.99960026 0.99965436 0.9997147  0.99974987 0.99967411 0.99948473
 0.99916719 0.99944991 0.99953158 0.9994942  0.99946554 0.99943926
 0.9994357  0.99946233 0.99949691 0.99958288 0.99966408 0.99969789
 0.99975665 0.99975949 0.99965867 0.99940127 0.99896966 0.99939095
 0.99961746 0.99971134 0.99972522 0.99969814 0.99965282 0.99965458
 0.99966847 0.99973453 0.99979664 0.99982669 0.99985472 0.9998354
 0.99974946 0.99952104 0.99911505 0.9994658  0.99968979 0.99982315
 0.99986861 0.99988682 0.99987862 0.99988498 0.9998829  0.99989494
 0.99990635 0.99990201 0.99988058 0.999814   0.99969162 0.99945036
 0.99970137 0.99984004 0.99991474 0.9999335  0.99992125 0.99990877
 0.99988721 0.99987678 0.99986673 0.9998652  0.99986998 0.99987201
 0.99987697 0.99986992 0.99983014 0.99971581 0.99983518 0.9998938
 0.99991734 0.99992104 0.99991502 0.9999142  0.99990005 0.9998916
 0.99988967 0.99990517 0.99992423 0.9999371  0.99993751 0.99990865
 0.9998423  0.99970136 0.99981913 0.9998921  0.99992433 0.99993986
 0.99993481 0.99994564 0.99993941 0.99993922 0.99994259 0.99995231
 0.9999519  0.99993449 0.99988767 0.9998029  0.99966354 0.99980824
 0.99989607 0.99994033 0.9999524  0.99995109 0.9999343  0.9999129
 0.99989192 0.999884   0.9998901  0.99989442 0.99990891 0.99992373
 0.99992397 0.99989128 0.99980614 0.99990222 0.99991871 0.99989374
 0.99979789 0.99953737 0.98869251 0.9898686  0.98913271 0.98958212
 0.98971811 0.98943872 0.9892897  0.98888796 0.98838547 0.98787644
 0.9873131  0.9879004  0.98847855 0.98882131 0.98893331 0.98889809
 0.98879793 0.98873451 0.98864066 0.98820134 0.98771336 0.98708186
 0.98641176 0.98555931 0.98452456 0.98320472 0.9840631  0.98459135
 0.98495207 0.98512503 0.98524768 0.98536602 0.98526593 0.98512641
 0.9849386  0.98451393 0.98413273 0.9836959  0.98318467 0.98245456
 0.9816954  0.98066435 0.98163026 0.98217919 0.98261804 0.9829144
 0.98317643 0.9834188  0.98340809 0.98325065 0.98304761 0.98267437
 0.98226229 0.98182122 0.98117238 0.98039754 0.97954197 0.97855091
 0.97937239 0.97993755 0.98040283 0.98069612 0.9809019  0.98111349
 0.98104051 0.98075662 0.98043205 0.97997475 0.97949753 0.97900677
 0.97827803 0.97739075 0.97644783 0.97714121 0.9776001  0.97776308
 0.97786682 0.97787396 0.97777245 0.97764417 0.97735878 0.9770709
 0.97681228 0.97633949 0.97578299 0.97520142 0.97441107 0.97359525
 0.97258479 0.97299709 0.97346793 0.97378335 0.97409431 0.9742244
 0.97416882 0.97428949 0.97426884 0.97409045 0.97390694 0.97350659
 0.97309026 0.97268401 0.97201801 0.97126467 0.97024132 0.97072284
 0.97107699 0.97129742 0.97144706 0.97148446 0.97133781 0.97106749
 0.97077084 0.97050411 0.97018899 0.96985855 0.96929833 0.96871901
 0.96787521 0.96696387 0.96765321 0.96820706 0.96844778 0.96849172
 0.96848636 0.9688462  0.97009511 0.96785293 0.94014002 0.94065308
 0.93833212 0.93826403 0.93815436 0.93707221 0.93622464 0.93503402
 0.93512304 0.93527989 0.93522484 0.93489452 0.93470283 0.93436251
 0.93365362 0.9327804  0.93162579 0.93029861 0.92892144 0.92721297
 0.92545375 0.92349003 0.92122968 0.92106329 0.92070689 0.92011675
 0.9194401  0.91864794 0.9176088  0.91637412 0.91493433 0.91353332
 0.91183679 0.91005755 0.90823932 0.90631852 0.90437984 0.9022426
 0.89991684 0.89994242 0.90001125 0.89982586 0.89951972 0.89885709
 0.89807526 0.89714293 0.89600768 0.89480833 0.89323481 0.89132688
 0.88937304 0.88734358 0.88527153 0.8832788  0.88076613 0.88088739
 0.88094091 0.88079674 0.88049722 0.88003688 0.87951269 0.87877474
 0.87783788 0.87691109 0.87550704 0.87357127 0.87157855 0.86951323
 0.86731902 0.86517579 0.86530434 0.86530648 0.86534195 0.86542779
 0.86517558 0.86453156 0.86373931 0.86283841 0.86173272 0.86067514
 0.8591743  0.85728468 0.85531904 0.85320871 0.85103375 0.84883131
 0.84855288 0.84837441 0.8481415  0.84808644 0.84798272 0.84748234
 0.84698123 0.84620729 0.84519173 0.84450156 0.8434127  0.84173971
 0.83997618 0.83792916 0.8357996  0.8338122  0.83387173 0.83386778
 0.83374139 0.83370784 0.83356589 0.83315107 0.83270509 0.83207063
 0.83124079 0.830231   0.82884853 0.82724624 0.82548528 0.82363044
 0.82130874 0.82162677 0.82158166 0.82169762 0.82179422 0.82198981
 0.82217285 0.8228941  0.82354876 0.82453202 0.82621145 0.82273706
 0.7653877  0.76439798 0.761354   0.75987182 0.75871875 0.75994528
 0.76118682 0.76183126 0.7619961  0.76222302 0.76208327 0.76146216
 0.76094239 0.76034913 0.75915336 0.75765172 0.75579493 0.75380942
 0.75159839 0.74905626 0.74639587 0.74674402 0.74640798 0.74593375
 0.74541555 0.74482301 0.74378404 0.74256159 0.74065066 0.73845019
 0.73585182 0.73332519 0.73033669 0.72714103 0.72369311 0.7204305
 0.7211503  0.72167038 0.72192291 0.72196973 0.72197107 0.72174198
 0.72112584 0.72005199 0.71876737 0.71719484 0.71525947 0.71313942
 0.71076001 0.7079801  0.70488802 0.7016608  0.7020216  0.70232206
 0.70211601 0.70188389 0.70196038 0.70195378 0.70155643 0.70068729
 0.69969823 0.69835914 0.69677909 0.69501193 0.69273114 0.68983961
 0.68675277 0.68364641 0.68425093 0.68491057 0.68528955 0.68550848
 0.68586197 0.68596907 0.68566805 0.68485073 0.68378018 0.68247552
 0.6807279  0.67864923 0.67620429 0.67328198 0.6701926  0.6708241
 0.67156291 0.67214787 0.67247887 0.67274338 0.67306238 0.67340194
 0.67350077 0.6729605  0.67223425 0.67137269 0.67010722 0.66867893
 0.66685324 0.66428067 0.6618533  0.66233333 0.6626562  0.66286415
 0.66277362 0.66257148 0.6624668  0.66230575 0.66197599 0.66121917
 0.66015005 0.65884132 0.65699359 0.65478638 0.65241684 0.64997714
 0.64737491 0.64791036 0.64808236 0.64798708 0.64749079 0.64704852
 0.64650534 0.64664583 0.64675608 0.646868   0.64659695 0.64623568
 0.64479655 0.64187645 0.5526514  0.55049664 0.55075696 0.55017113
 0.54976221 0.55006663 0.55020147 0.5498649  0.54960812 0.54929479
 0.54884988 0.54811918 0.54733786 0.54643117 0.54489966 0.54311214
 0.54154619 0.54032491 0.54138951 0.54179023 0.54183554 0.54205278
 0.5417873  0.54122342 0.54115935 0.54121831 0.54132047 0.54129494
 0.54038788 0.53908996 0.53772712 0.53655411 0.53500503 0.53321544
 0.53383257 0.53454633 0.53511961 0.53552751 0.53573764 0.53578477
 0.53576733 0.53564552 0.53528047 0.53454216 0.53354914 0.53221129
 0.53055254 0.52859611 0.52656415 0.52726027 0.52765157 0.52773563
 0.52770459 0.52759193 0.52727039 0.52697955 0.52730515 0.52782496
 0.5281096  0.5278302  0.5272107  0.52612913 0.52469028 0.5229557
 0.52095198 0.52124099 0.52154638 0.52172748 0.52204305 0.52252296
 0.52299246 0.52318188 0.5233324  0.52335587 0.52321941 0.52274398
 0.52197363 0.52090844 0.51950575 0.51785411 0.51572556 0.51538907
 0.51482969 0.51423093 0.5139418  0.51376724 0.51358289 0.51343706
 0.51331039 0.51324637 0.51295157 0.51215395 0.5111368  0.50990422
 0.50836133 0.50684472 0.50720548 0.50695607 0.50656791 0.50601077
 0.50557368 0.50529026 0.50478651 0.50428617 0.50371    0.5030449
 0.50224548 0.50114308 0.49986214 0.49825827 0.49640959 0.4943925
 0.49435321 0.49414833 0.49372363 0.49321334 0.49238013 0.49121839
 0.48968237 0.48820176 0.48677348 0.4860546  0.48534625 0.48489393
 0.48390999 0.48238213 0.4808021  0.47712285]","[0.90121344 0.90082628 0.89920503 0.89937669 0.89960548 0.89970822
 0.90033248 0.90000083 0.90010583 0.89990716 0.899573   0.89828881
 0.89750552 0.89895054 0.89952468 0.8996089  0.89935262 0.89902073
 0.89832165 0.89686371 0.89522884 0.89376905 0.89185565 0.88986308
 0.88796934 0.88586953 0.8836608  0.88104702 0.87848039 0.88058848
 0.88222301 0.88369136 0.88473015 0.88566018 0.88649959 0.88698474
 0.88738257 0.88735141 0.88716827 0.88672292 0.88639244 0.88590573
 0.88528797 0.88404063 0.882769   0.88525534 0.88734456 0.88901627
 0.89017525 0.89094968 0.89154634 0.89182689 0.89193904 0.8918284
 0.89142663 0.890797   0.89015765 0.88931119 0.88826558 0.88673559
 0.88778143 0.88850135 0.88895518 0.88916356 0.88892879 0.88837891
 0.88774176 0.88688338 0.88595232 0.88493831 0.88364771 0.88213351
 0.88055495 0.87890979 0.87706797 0.87480536 0.87480777 0.87458843
 0.87408278 0.87336189 0.87231917 0.87108751 0.86982688 0.86823248
 0.86649407 0.86463414 0.86243303 0.86017541 0.85766394 0.85499594
 0.85234058 0.84946112 0.8492733  0.84889279 0.84825017 0.84765456
 0.84676208 0.84543098 0.84391922 0.8418707  0.83983387 0.83781538
 0.83546115 0.83288477 0.82985633 0.82660471 0.82316619 0.82209757
 0.82084604 0.81936842 0.81777284 0.81610643 0.81444675 0.8128196
 0.81116276 0.80945334 0.80746166 0.80534605 0.80285598 0.80028244
 0.7975487  0.79447581 0.79116159 0.79026646 0.78915496 0.78823912
 0.78826393 0.78333678 0.72340523 0.72265287 0.71893496 0.71931476
 0.71961939 0.71778858 0.71627351 0.71442515 0.71177151 0.70909026
 0.70609229 0.70600355 0.70604842 0.70578964 0.70538604 0.70484928
 0.70358823 0.70175225 0.69999486 0.69787872 0.69582459 0.69339388
 0.69078655 0.68810146 0.68492732 0.68162205 0.68225779 0.6825507
 0.68283432 0.68274009 0.68213624 0.6812394  0.68008169 0.67898526
 0.6778158  0.67592266 0.67406603 0.6720125  0.66967832 0.66687303
 0.66416903 0.6611282  0.66152011 0.66143777 0.66131978 0.66103073
 0.66075512 0.6603859  0.65929661 0.65767609 0.6560364  0.65408704
 0.6522098  0.65036372 0.64826003 0.64570598 0.64280192 0.63961476
 0.63940629 0.63891626 0.63824332 0.63734473 0.63642886 0.63567709
 0.63440579 0.63266327 0.63080025 0.62845537 0.62607708 0.6236733
 0.62086546 0.61761414 0.6140232  0.61368886 0.61303309 0.61195663
 0.61068648 0.60934755 0.60831495 0.60774572 0.6067938  0.60572769
 0.60455986 0.60274792 0.60051818 0.59821773 0.59546424 0.59265181
 0.58930661 0.58829056 0.58715529 0.58585483 0.58460449 0.58330162
 0.58205624 0.58151213 0.58097233 0.58054051 0.57952903 0.57763067
 0.5760023  0.57470488 0.57283532 0.57041693 0.5672614  0.56622507
 0.56499742 0.56343543 0.56165431 0.55954653 0.55780394 0.55640091
 0.55505746 0.55392238 0.5529156  0.55196858 0.55078859 0.54938752
 0.54734887 0.54482191 0.5446799  0.54347876 0.54191701 0.54056723
 0.53868716 0.5362539  0.536274   0.53225279 0.49074547 0.48937327
 0.48625227 0.48621625 0.48592279 0.48396696 0.48224526 0.48056732
 0.48045291 0.48011741 0.47948242 0.47881521 0.47819803 0.47740268
 0.4765836  0.47553239 0.47393491 0.47184831 0.46984544 0.46790439
 0.46570469 0.46287101 0.46004001 0.4598596  0.45901812 0.45771957
 0.45635156 0.45485028 0.45390256 0.45286531 0.4516469  0.45004003
 0.44842551 0.44691867 0.44549789 0.44370154 0.44156927 0.43921535
 0.43665549 0.436124   0.43531623 0.4341694  0.43290688 0.43144848
 0.42999114 0.42860487 0.42756841 0.42703273 0.42614196 0.42511646
 0.42404627 0.42284731 0.42114793 0.41906169 0.41646856 0.41570177
 0.41397152 0.41177912 0.4093052  0.40722787 0.40538332 0.40426745
 0.40338836 0.40311362 0.40288197 0.4025123  0.40189815 0.40077941
 0.39893149 0.39633384 0.39501439 0.39346391 0.39119588 0.38920272
 0.38706807 0.38530636 0.3836694  0.38229036 0.38169747 0.38181841
 0.38157806 0.38110517 0.38031548 0.37900328 0.37720308 0.37512968
 0.3743766  0.37345648 0.37206468 0.37075514 0.36919729 0.36755056
 0.36614063 0.36470797 0.36356141 0.36298438 0.36259384 0.36260406
 0.36209011 0.36103946 0.36029695 0.35984148 0.36049732 0.3607408
 0.36008655 0.3589797  0.35747056 0.35578714 0.3540222  0.35167738
 0.34979684 0.34866537 0.34791028 0.347709   0.34770478 0.34790155
 0.34803056 0.34961332 0.35074526 0.35128472 0.35132853 0.35048878
 0.34896194 0.34741487 0.34494286 0.34114537 0.34009701 0.33946578
 0.29938142 0.2981791  0.29771186 0.29699174 0.29551839 0.29551871
 0.29529901 0.29506219 0.29497584 0.29466213 0.29434009 0.29411327
 0.29347995 0.29253419 0.29153613 0.29055927 0.28982287 0.28915435
 0.28826321 0.2873081  0.28619603 0.28613665 0.28562611 0.28463599
 0.28374115 0.28324162 0.2824042  0.2812868  0.28024477 0.27917837
 0.27837272 0.27733978 0.27642738 0.27536987 0.27413171 0.27276948
 0.27233157 0.27168841 0.27088319 0.27008021 0.26917053 0.26818126
 0.26709188 0.26605597 0.26478764 0.26331985 0.26209799 0.26115361
 0.26024211 0.25962881 0.25889327 0.25816475 0.25835609 0.25804797
 0.25745888 0.25667336 0.25532096 0.25345394 0.25118421 0.2492388
 0.24739489 0.24615082 0.24522325 0.24462102 0.24400778 0.24329153
 0.24229361 0.24127438 0.24161535 0.24171137 0.24148124 0.24116581
 0.24043003 0.23935021 0.23794142 0.23670163 0.23538333 0.23417234
 0.23322232 0.23236604 0.23169236 0.23117623 0.23047854 0.23147763
 0.23203249 0.23207466 0.23194767 0.23169816 0.23131853 0.23110028
 0.23061774 0.23000069 0.22952591 0.229283   0.22914452 0.22885399
 0.22893623 0.22924463 0.22941276 0.23073725 0.23215254 0.23336066
 0.23431952 0.23493802 0.23500629 0.23465088 0.233912   0.23308327
 0.2319545  0.23037693 0.22879415 0.22774026 0.22756775 0.22832558
 0.22942224 0.23207211 0.23480989 0.23734686 0.23932485 0.24061388
 0.24134876 0.24187987 0.24178124 0.24098389 0.23920995 0.23634732
 0.23451344 0.23446192 0.19635403 0.19577822 0.19702239 0.19765094
 0.19764217 0.19764999 0.19747238 0.19730822 0.19734841 0.19703055
 0.19684459 0.1970074  0.19697786 0.19655336 0.19603329 0.19544974
 0.19511617 0.19479315 0.19522886 0.19577675 0.19612746 0.19607713
 0.19583644 0.1952817  0.19460571 0.19413124 0.19329792 0.19207268
 0.19161558 0.19119927 0.19131788 0.19122394 0.19114477 0.19072864
 0.19106266 0.19109227 0.19083516 0.19034635 0.18966527 0.18896732
 0.18794698 0.18662802 0.18520257 0.18386389 0.18264973 0.18154823
 0.18101312 0.18113813 0.1809226  0.18171331 0.1824059  0.18328074
 0.18370437 0.18384096 0.18349976 0.18296297 0.1813935  0.17906777
 0.17624768 0.17394898 0.17202441 0.17104127 0.1705486  0.17094698
 0.17147787 0.17264993 0.17339623 0.17391739 0.17383663 0.17315879
 0.17171277 0.17016775 0.16794359 0.16569108 0.16307071 0.16084299
 0.15881216 0.15717429 0.15644187 0.15657574 0.15685294 0.15821328
 0.15945595 0.16008216 0.15991375 0.15907491 0.1578284  0.15633421
 0.15426271 0.15210251 0.14964624 0.14718423 0.14507186 0.1431135
 0.14152747 0.14051899 0.14116684 0.14288475 0.14407699 0.14446337
 0.14538086 0.14650683 0.14720842 0.14724182 0.14604201 0.14408924
 0.14168348 0.13912682 0.13630679 0.13280845 0.12979704 0.12793292
 0.12788674 0.12915387 0.13103074 0.13342253 0.13625954 0.13922777
 0.14166326 0.14307207 0.14352528 0.14253866 0.14028479 0.13736176
 0.13283808 0.12676249 0.12423064 0.12269669]","[0.00333997 0.00230226 0.0020207  0.0017504  0.00154227 0.00144997
 0.00137464 0.00128754 0.00117869 0.00111245 0.00128032 0.00162376
 0.00208265 0.00170397 0.00158397 0.00165912 0.00172015 0.00177809
 0.00180103 0.00177597 0.00173626 0.00159854 0.00145105 0.00139245
 0.00126501 0.00127338 0.00153641 0.00206144 0.00274017 0.00212706
 0.00170309 0.00149553 0.00147581 0.00156533 0.00169958 0.00171709
 0.00170453 0.00154604 0.00137201 0.00128458 0.00119314 0.00128865
 0.00161348 0.00226438 0.00312458 0.00244721 0.00188071 0.00143262
 0.00124631 0.00116782 0.00122145 0.00120122 0.00122483 0.00117269
 0.00111939 0.00115795 0.00129302 0.00163253 0.00212692 0.00287354
 0.00212826 0.00156553 0.00114905 0.00102046 0.00111689 0.00120942
 0.00135311 0.00142347 0.00149023 0.00150908 0.00149249 0.00149149
 0.0014731  0.00152618 0.00175739 0.00229096 0.00174972 0.00140884
 0.00124705 0.00122307 0.00127357 0.00128474 0.00139231 0.00145624
 0.00147574 0.00137452 0.00123462 0.00113052 0.00113263 0.00137678
 0.00181885 0.00251707 0.0019606  0.00151594 0.00127119 0.00113503
 0.00118377 0.00108319 0.00114603 0.00115056 0.0011212  0.00102477
 0.00103229 0.0012086  0.00158802 0.00211108 0.00276872 0.00208821
 0.00153619 0.00116346 0.00103883 0.00105304 0.00122081 0.00140629
 0.00156769 0.00162568 0.00158426 0.001555   0.00144683 0.00132641
 0.00132717 0.00159079 0.00212975 0.00151082 0.00137641 0.0015729
 0.00216884 0.00328193 0.01623337 0.01537865 0.01594574 0.01563563
 0.01556124 0.01580471 0.01595462 0.01629577 0.01671105 0.01713062
 0.01758808 0.01717305 0.01676192 0.01652193 0.01645718 0.01650865
 0.01661541 0.01670195 0.01681812 0.01719496 0.01760992 0.01812864
 0.01867392 0.01934177 0.0201246  0.02107916 0.02053678 0.0202047
 0.01998558 0.01989675 0.01984844 0.01980998 0.01992661 0.02007747
 0.02026844 0.02062524 0.02095905 0.02133575 0.02176683 0.02234327
 0.02294047 0.02370774 0.02310165 0.02275432 0.02247946 0.02230056
 0.02214884 0.02201495 0.0220547  0.0221983  0.0223783  0.02267612
 0.02300411 0.02335551 0.02384356 0.0244123  0.02503093 0.02573059
 0.02520407 0.02483473 0.02453051 0.02433862 0.02420774 0.02407921
 0.0241384  0.02433804 0.02456903 0.02488827 0.02522422 0.02557296
 0.02606958 0.02666154 0.02728528 0.02685163 0.02655842 0.0264458
 0.02637465 0.02636743 0.02643128 0.02651733 0.02670248 0.02689475
 0.02707568 0.02738688 0.02775069 0.02813272 0.02863584 0.02915478
 0.02978158 0.02952681 0.02924491 0.02905371 0.02887048 0.02879383
 0.02882711 0.02876826 0.02879469 0.02891559 0.02904546 0.02930167
 0.02957189 0.02984187 0.03025811 0.03072459 0.03133644 0.03102812
 0.03079377 0.03063761 0.0305265  0.03048274 0.0305446  0.03067925
 0.03083452 0.0309808  0.03115937 0.03135276 0.03167181 0.03200622
 0.0324803  0.03299155 0.03257198 0.03222572 0.03204428 0.03196954
 0.03192664 0.03170528 0.03103216 0.03214918 0.04384495 0.04364119
 0.04448028 0.04450841 0.04456119 0.0449725  0.04530745 0.04577171
 0.0456164  0.04544842 0.04536596 0.04539062 0.04537765 0.04542714
 0.04561427 0.04586715 0.0462244  0.04664738 0.04709423 0.04765713
 0.04824218 0.04889861 0.04965379 0.04960685 0.04963021 0.0497369
 0.0498804  0.05006939 0.05034363 0.0506862  0.05109887 0.0515078
 0.05201237 0.0525484  0.05310304 0.05369467 0.05429894 0.05496701
 0.055695   0.05561034 0.05552512 0.05552188 0.05556339 0.05571447
 0.05590909 0.05615553 0.05646762 0.05680722 0.05725747 0.057806
 0.05837498 0.05897228 0.05958927 0.06019464 0.06094254 0.06080983
 0.06070763 0.06066899 0.06068297 0.06075077 0.06084768 0.06101142
 0.06123786 0.06147442 0.06184243 0.06235369 0.06288957 0.06345397
 0.06406047 0.06466568 0.06452065 0.0644178  0.0643189  0.06421999
 0.06421367 0.06431231 0.06445754 0.0646398  0.0648815  0.06512312
 0.06547927 0.06593598 0.06642006 0.06694713 0.06749873 0.06806653
 0.06799327 0.06790936 0.06784954 0.06776204 0.06769755 0.06773341
 0.06778136 0.06790158 0.06808676 0.06821217 0.06843688 0.06880041
 0.06919433 0.06966003 0.07015378 0.07062781 0.07045147 0.070303
 0.07019485 0.07008159 0.07000575 0.07000178 0.07001881 0.07008973
 0.07021577 0.0703935  0.07066249 0.07099056 0.07136481 0.07177182
 0.07228704 0.07205575 0.07191203 0.0717501  0.07160642 0.0714573
 0.07132522 0.07109973 0.07090213 0.07065288 0.0702772  0.0709537
 0.08161934 0.08179905 0.08235051 0.08264765 0.08290476 0.08251001
 0.08213228 0.08187682 0.08172337 0.08157881 0.08151672 0.08155653
 0.08159844 0.08167245 0.08186855 0.08213585 0.0824824  0.0828697
 0.08331398 0.08383269 0.08439005 0.08416903 0.0840852  0.08404768
 0.08404092 0.08407003 0.08419624 0.0843761  0.08469205 0.08507828
 0.08555209 0.08603725 0.08661996 0.08725886 0.08796107 0.08865707
 0.08836382 0.08812356 0.08794698 0.08782425 0.08773006 0.08769359
 0.08773943 0.08787847 0.08807173 0.08833116 0.08866825 0.08905506
 0.08950308 0.09003391 0.09063357 0.0912747  0.09102894 0.09081415
 0.09069835 0.09060822 0.09049307 0.09041253 0.09041325 0.09050733
 0.09064141 0.09085017 0.09111703 0.09143383 0.09184935 0.09237759
 0.09295619 0.09355913 0.09326452 0.09298561 0.09277199 0.09260586
 0.09244387 0.09234214 0.09232438 0.09240635 0.09254927 0.0927503
 0.09303982 0.09340127 0.09383958 0.09437056 0.09494912 0.09467957
 0.09441606 0.09419618 0.09403429 0.09390348 0.09378642 0.09368799
 0.09364567 0.09371656 0.09383563 0.09399562 0.0942349  0.09451895
 0.09488119 0.09537108 0.09586164 0.09568402 0.09555047 0.095455
 0.09542359 0.09542979 0.09544405 0.09548813 0.09557793 0.09574996
 0.09598796 0.09628164 0.09667315 0.09713705 0.09764549 0.09818556
 0.09877024 0.09859687 0.09849669 0.09845618 0.09849402 0.0985466
 0.09863558 0.09865154 0.09869406 0.09875862 0.09889901 0.0990743
 0.09942277 0.10000053 0.11198035 0.11248934 0.11235359 0.11234557
 0.11233738 0.11226225 0.11223038 0.11227942 0.11234061 0.11243096
 0.11255983 0.11274646 0.1129615  0.11321428 0.11356713 0.11397401
 0.11437535 0.11475578 0.11452485 0.11439984 0.11434224 0.11428622
 0.11431349 0.11440103 0.1144493  0.11450527 0.11457884 0.1146913
 0.11493693 0.11525443 0.11560306 0.11595095 0.11636887 0.11683986
 0.11664403 0.11646269 0.11632551 0.11623561 0.11619704 0.11620545
 0.1162485  0.11633118 0.11647086 0.11668384 0.11695529 0.1172965
 0.11770447 0.11817629 0.11868412 0.11846509 0.11830745 0.11821148
 0.11815312 0.11812818 0.11815261 0.11819646 0.11818655 0.11817555
 0.11821711 0.11835248 0.11855365 0.11883594 0.11918624 0.11959681
 0.12006431 0.11988691 0.11973079 0.11961358 0.11950296 0.11939523
 0.11931222 0.11928767 0.11929139 0.1193344  0.11942082 0.11957307
 0.11978565 0.12005854 0.12039711 0.12079025 0.1212665  0.12113205
 0.1210499  0.12099719 0.12093061 0.12087463 0.12084479 0.12083514
 0.12084811 0.12087832 0.1209622  0.12113353 0.12135712 0.12163247
 0.12197135 0.122332   0.1220772  0.12192097 0.12180487 0.12173264
 0.12166873 0.12160919 0.12160008 0.12161393 0.12166052 0.1217415
 0.12186244 0.122044   0.12227093 0.12256087 0.12290425 0.12329175
 0.12310264 0.12295928 0.12286829 0.12281338 0.12282335 0.12289881
 0.12304521 0.12321074 0.12339591 0.12352193 0.12367291 0.12381937
 0.12405596 0.12438415 0.12474485 0.12538374]","[0.02095547 0.02108954 0.02136541 0.02146152 0.02156134 0.02168434
 0.02176002 0.02194919 0.02209986 0.02229327 0.02251107 0.02284505
 0.02313265 0.02311817 0.02321735 0.02338836 0.02361468 0.02386554
 0.0241755  0.02459182 0.02504567 0.0254949  0.02601482 0.02656058
 0.02711062 0.02770168 0.02832205 0.02900784 0.02970401 0.02971944
 0.02980784 0.0299316  0.03012519 0.03034776 0.03059667 0.03090774
 0.03124532 0.03165729 0.03210596 0.03260747 0.03310772 0.03364559
 0.03421766 0.03489927 0.03560079 0.03549495 0.03545747 0.03549386
 0.03562189 0.03582334 0.03606567 0.0363727  0.03672065 0.03711934
 0.03758133 0.03809657 0.03862736 0.03920845 0.03983894 0.04057041
 0.04057894 0.0406561  0.04079206 0.04098384 0.04126883 0.04162421
 0.04200787 0.04244501 0.04290795 0.04339863 0.04395369 0.04456329
 0.0451974  0.04585644 0.04656505 0.04736567 0.04751337 0.047714
 0.04798008 0.04829827 0.04868898 0.04912686 0.04958143 0.05011067
 0.05067834 0.05128011 0.0519574  0.05265618 0.05341351 0.05421085
 0.05501653 0.05587466 0.05595571 0.05608524 0.05627611 0.05647096
 0.05673351 0.05708981 0.05749187 0.05800489 0.05852771 0.05905931
 0.05966412 0.06032106 0.06107107 0.06187226 0.06271781 0.0628427
 0.06301328 0.06323686 0.06349429 0.06377733 0.06407262 0.06437597
 0.0646983  0.06504363 0.06545111 0.06589353 0.06641307 0.0669603
 0.06754807 0.06820596 0.06891722 0.06897521 0.06908826 0.06918892
 0.06915609 0.0699477  0.0790459  0.0791907  0.07978089 0.07981158
 0.07987622 0.08026827 0.08063881 0.08108019 0.08165921 0.08226543
 0.08293976 0.08289391 0.08286374 0.08291091 0.08301306 0.08316853
 0.08346059 0.08386809 0.08429909 0.0848151  0.08535706 0.08598654
 0.08667549 0.08741009 0.08824795 0.08913893 0.08903946 0.08902091
 0.08903651 0.08913796 0.08934382 0.0896237  0.08997308 0.09034665
 0.09076323 0.09131449 0.09189334 0.09253267 0.09324427 0.09405507
 0.09488424 0.09579363 0.09571228 0.09572664 0.09577471 0.09587563
 0.09600329 0.09617281 0.09647289 0.0968768  0.09731204 0.09781973
 0.09834588 0.09889629 0.09951178 0.10021963 0.10100564 0.10186032
 0.10183788 0.1018841  0.10198506 0.10214677 0.10233991 0.10253901
 0.10284028 0.10323687 0.10367944 0.10421871 0.10479174 0.10539748
 0.10608896 0.10687161 0.10773084 0.10771526 0.10777043 0.10791009
 0.10810257 0.10833058 0.10854219 0.10871581 0.10896869 0.10926361
 0.10959886 0.11004959 0.11058437 0.11115516 0.11181482 0.11250884
 0.11330266 0.11335807 0.11345566 0.11360177 0.11376696 0.11396542
 0.1141822  0.1143295  0.1145026  0.11468731 0.11497761 0.1154155
 0.11584286 0.11625138 0.11676445 0.1173789  0.11812038 0.11806671
 0.11806666 0.1181396  0.11826984 0.11847183 0.11865266 0.11881634
 0.1190007  0.11918605 0.11938323 0.11960148 0.11987991 0.12021691
 0.12066803 0.12121325 0.12097685 0.12090576 0.12090673 0.12090422
 0.12099608 0.12118488 0.12107823 0.12152364 0.12674638 0.12688965
 0.12727678 0.12730859 0.12739969 0.12772407 0.12804676 0.12839143
 0.12812531 0.12791725 0.12777688 0.12767145 0.12759107 0.12756379
 0.12757086 0.12763776 0.12780267 0.12805849 0.12833574 0.12863728
 0.12900196 0.12947502 0.12997966 0.12976224 0.12964999 0.12961814
 0.12962028 0.12966412 0.12966822 0.12970932 0.12979833 0.12995977
 0.13014863 0.13035144 0.13057088 0.13086136 0.13121816 0.13162784
 0.13208856 0.13193277 0.13183374 0.13179874 0.13180172 0.13185205
 0.13192696 0.13201852 0.13209474 0.13213846 0.13224849 0.13239943
 0.13258092 0.13280268 0.13310745 0.13348213 0.13394045 0.13378604
 0.13376788 0.13382817 0.13394618 0.13404523 0.13414438 0.1341882
 0.13423253 0.13423624 0.13426256 0.13433187 0.13445615 0.13466462
 0.13498248 0.13541192 0.13529525 0.13522757 0.13526292 0.13529088
 0.13535791 0.13540747 0.13546732 0.13552312 0.13551727 0.13545805
 0.13546331 0.13551896 0.13563422 0.13583156 0.13610717 0.13643751
 0.13624063 0.1360871  0.13600996 0.13594919 0.13594068 0.13596728
 0.13599418 0.13604949 0.13610033 0.13611667 0.13613962 0.13614637
 0.1362357  0.13640894 0.13657589 0.1367388  0.1363763  0.13608815
 0.13592583 0.13584175 0.13583047 0.13586787 0.13594428 0.13611216
 0.13626194 0.13636425 0.13645841 0.13652596 0.13660419 0.13669262
 0.1368193  0.13638484 0.13602543 0.13575586 0.13556588 0.13549587
 0.13552502 0.13558381 0.13576617 0.13611299 0.13620338 0.13627898
 0.14039308 0.14058269 0.14072784 0.14092749 0.1412318  0.14094147
 0.14070367 0.14049826 0.14030871 0.14017277 0.14006874 0.13998647
 0.13997577 0.14002731 0.14011536 0.14023274 0.14035782 0.14050769
 0.14071105 0.14095221 0.14124035 0.1409286  0.14069819 0.14055187
 0.14043322 0.14031316 0.14026374 0.14027932 0.14032531 0.14041157
 0.14051046 0.14066954 0.14085499 0.14109266 0.141386   0.14172947
 0.14148928 0.14130006 0.14115771 0.14104645 0.14097699 0.14094681
 0.14095801 0.14099592 0.14108812 0.14123147 0.14138335 0.14154083
 0.14172738 0.14191757 0.14215162 0.14241709 0.14209328 0.1418476
 0.1416591  0.14151975 0.14146482 0.14148921 0.14158221 0.14167519
 0.14178951 0.14187848 0.14196902 0.14206041 0.14218432 0.14234938
 0.1425724  0.14282887 0.14250842 0.14224849 0.14205676 0.14191073
 0.14184184 0.14184295 0.1419127  0.14200479 0.1421424  0.14230833
 0.14248837 0.14269805 0.14292906 0.14318362 0.14349316 0.1431933
 0.14296758 0.14282231 0.14272556 0.14267302 0.14266545 0.14267585
 0.14274373 0.14285707 0.14299017 0.14313468 0.14330233 0.14351686
 0.14372931 0.14395304 0.14422204 0.14394732 0.14369735 0.1435
 0.1433592  0.14328347 0.14329247 0.14337436 0.14352537 0.14371799
 0.1439719  0.14430105 0.14466385 0.1450101  0.14530642 0.14554755
 0.14578851 0.14540142 0.14503983 0.14473099 0.14450889 0.14438595
 0.1443494  0.14436595 0.14447613 0.14468659 0.14502384 0.14549856
 0.145909   0.14618303 0.15008696 0.15048422 0.15021423 0.15003281
 0.14994197 0.14988057 0.14986754 0.1498843  0.14991305 0.15000629
 0.15011823 0.15022853 0.1503877  0.15061466 0.15088137 0.15118473
 0.15149514 0.15183492 0.15164025 0.15146613 0.15134174 0.15128627
 0.15127992 0.15133431 0.15143133 0.15154064 0.15171493 0.15195731
 0.15215864 0.15238722 0.15259634 0.15285627 0.15314546 0.15349708
 0.15331733 0.15320218 0.15314998 0.15315552 0.15321512 0.15331221
 0.15347569 0.15370333 0.15397696 0.15427833 0.15460383 0.15495447
 0.15528714 0.15559253 0.15596531 0.15572464 0.15552394 0.15533657
 0.15522279 0.15516698 0.15518729 0.15525688 0.15545526 0.15575609
 0.15613444 0.15649407 0.15684906 0.15714564 0.15742636 0.15765288
 0.15789683 0.15759281 0.15736202 0.15718536 0.15709868 0.15710147
 0.15720991 0.15736044 0.15760807 0.15789114 0.15824182 0.15858828
 0.1589491  0.15930577 0.15960976 0.15986441 0.1601378  0.15977566
 0.15946208 0.15924438 0.15913942 0.15913533 0.1592072  0.15933992
 0.15956464 0.15983524 0.16017135 0.16054565 0.16092478 0.16132716
 0.1617322  0.1621204  0.16177704 0.16136506 0.16103486 0.16081274
 0.16057303 0.16034615 0.16019155 0.16013212 0.16022086 0.16041254
 0.16067898 0.16099189 0.16136184 0.16182757 0.16228037 0.16265882
 0.1623257  0.16190429 0.1614605  0.16100331 0.1605392  0.1600973
 0.1597393  0.1595112  0.15940644 0.15947002 0.15968569 0.15999769
 0.16049211 0.16116373 0.16154237 0.16186367]","(array([[7.30042178e-01, 6.84741763e-01, 6.39441349e-01, ...,
        1.95249458e-06, 1.96612537e-06, 1.97975617e-06],
       [5.64053665e-01, 5.27962143e-01, 4.91870621e-01, ...,
        8.15302906e-06, 7.17702960e-06, 6.20103014e-06],
       [9.23409898e-01, 8.66195762e-01, 8.08981626e-01, ...,
        2.64619657e-06, 2.68996276e-06, 2.73372894e-06],
       ...,
       [8.17485801e-02, 7.70459346e-02, 7.23432890e-02, ...,
        3.20593530e-06, 3.20600709e-06, 3.20607888e-06],
       [7.95382529e-02, 7.44374341e-02, 6.93366152e-02, ...,
        3.24802258e-06, 3.24425044e-06, 3.24047829e-06],
       [6.15882122e-01, 5.76576399e-01, 5.37270676e-01, ...,
        1.35362828e-06, 1.36564155e-06, 1.37765482e-06]]), array([[0.73004218, 0.68474176, 0.63944135, ..., 0.13823867, 0.13440234,
        0.13383257],
       [0.56405366, 0.52796214, 0.49187062, ..., 0.05999104, 0.05745082,
        0.05665482],
       [0.9234099 , 0.86619576, 0.80898163, ..., 0.09972938, 0.09685275,
        0.0965897 ],
       ...,
       [0.08174858, 0.07704593, 0.07234329, ..., 0.05062755, 0.04738161,
        0.04625231],
       [0.07953825, 0.07443743, 0.06933662, ..., 0.06679879, 0.06730626,
        0.06615328],
       [0.61588212, 0.5765764 , 0.53727068, ..., 0.08792322, 0.0872632 ,
        0.08585539]]))","(array([[9.75671041e-02, 9.15647712e-02, 8.55624382e-02, ...,
        3.90208490e-01, 3.90992868e-01, 3.91777247e-01],
       [7.71866610e-01, 7.22466919e-01, 6.73067229e-01, ...,
        6.55819518e-02, 6.49998411e-02, 6.44177305e-02],
       [2.71828658e-01, 2.55207017e-01, 2.38585376e-01, ...,
        2.42682405e-04, 2.49146639e-04, 2.55610873e-04],
       ...,
       [7.35967675e-01, 6.91356929e-01, 6.46746183e-01, ...,
        9.25960422e-06, 9.20685498e-06, 9.15410575e-06],
       [9.72531501e-01, 9.09575813e-01, 8.46620126e-01, ...,
        7.09212494e-01, 7.09386585e-01, 7.09560675e-01],
       [7.63105903e-01, 7.13938553e-01, 6.64771202e-01, ...,
        9.33863875e-03, 9.71032500e-03, 1.00820112e-02]]), array([[0.0975671 , 0.09156477, 0.08556244, ..., 0.32550288, 0.32883395,
        0.3247352 ],
       [0.77186661, 0.72246692, 0.67306723, ..., 0.1934561 , 0.19477522,
        0.19237971],
       [0.27182866, 0.25520702, 0.23858538, ..., 0.1118127 , 0.11293202,
        0.11113965],
       ...,
       [0.73596767, 0.69135693, 0.64674618, ..., 0.01213496, 0.01244799,
        0.0126844 ],
       [0.9725315 , 0.90957581, 0.84662013, ..., 0.44099711, 0.44492141,
        0.43875952],
       [0.7631059 , 0.71393855, 0.6647712 , ..., 0.06974124, 0.06975356,
        0.0689779 ]]))"
11,future_outlook,zz294_VAE_saved_sims_dgLV_I5_dgLV_B92_T8_fixed,8,future_outlook_1000_raw_latent_2025-02-03T21:54.npz,1000,raw,latent,"(1000, 8, 768)","(2000, 8, 768)","[0.99746824 0.99880852 0.99909168 0.99932612 0.99948318 0.99954909
 0.99960026 0.99965436 0.9997147  0.99974987 0.99967411 0.99948473
 0.99916719 0.99944991 0.99953158 0.9994942  0.99946554 0.99943926
 0.9994357  0.99946233 0.99949691 0.99958288 0.99966408 0.99969789
 0.99975665 0.99975949 0.99965867 0.99940127 0.99896966 0.99939095
 0.99961746 0.99971134 0.99972522 0.99969814 0.99965282 0.99965458
 0.99966847 0.99973453 0.99979664 0.99982669 0.99985472 0.9998354
 0.99974946 0.99952104 0.99911505 0.9994658  0.99968979 0.99982315
 0.99986861 0.99988682 0.99987862 0.99988498 0.9998829  0.99989494
 0.99990635 0.99990201 0.99988058 0.999814   0.99969162 0.99945036
 0.99970137 0.99984004 0.99991474 0.9999335  0.99992125 0.99990877
 0.99988721 0.99987678 0.99986673 0.9998652  0.99986998 0.99987201
 0.99987697 0.99986992 0.99983014 0.99971581 0.99983518 0.9998938
 0.99991734 0.99992104 0.99991502 0.9999142  0.99990005 0.9998916
 0.99988967 0.99990517 0.99992423 0.9999371  0.99993751 0.99990865
 0.9998423  0.99970136 0.99981913 0.9998921  0.99992433 0.99993986
 0.99993481 0.99994564 0.99993941 0.99993922 0.99994259 0.99995231
 0.9999519  0.99993449 0.99988767 0.9998029  0.99966354 0.99980824
 0.99989607 0.99994033 0.9999524  0.99995109 0.9999343  0.9999129
 0.99989192 0.999884   0.9998901  0.99989442 0.99990891 0.99992373
 0.99992397 0.99989128 0.99980614 0.99990222 0.99991871 0.99989374
 0.99979789 0.99953737 0.99482645 0.99555437 0.99517707 0.99541759
 0.99547194 0.99529969 0.99520787 0.9949494  0.9946567  0.99432184
 0.99393236 0.9943492  0.99470809 0.99488252 0.99492252 0.99485023
 0.99480301 0.99480865 0.99481995 0.99459675 0.99433017 0.9939695
 0.99359095 0.99304711 0.99239041 0.99148551 0.99215257 0.99253328
 0.99278668 0.99289783 0.99297751 0.99304041 0.99297578 0.99288535
 0.99276309 0.99247035 0.99220462 0.99189679 0.99153095 0.99100343
 0.9904504  0.98969116 0.99040402 0.99079106 0.9910877  0.99127388
 0.99142921 0.99155494 0.99152872 0.9914236  0.99129402 0.99103968
 0.99076701 0.99046074 0.99001782 0.98948762 0.98889546 0.98818147
 0.98885557 0.98930554 0.98967129 0.98990282 0.99006926 0.99021765
 0.99018097 0.99001172 0.98982079 0.98954053 0.98925032 0.98893783
 0.98846186 0.98787133 0.98722862 0.98782146 0.98822927 0.98841369
 0.98855226 0.98862341 0.98860407 0.98854417 0.98839574 0.98827028
 0.9881711  0.9879227  0.98760796 0.9872671  0.98677681 0.98625689
 0.9855917  0.98595831 0.98634819 0.98661178 0.98685929 0.98698129
 0.98696916 0.98706495 0.9870753  0.98695756 0.98686183 0.98662679
 0.98637158 0.98612278 0.98567306 0.98515005 0.98443481 0.98482622
 0.98512467 0.98532244 0.98546871 0.98554695 0.98546027 0.98524228
 0.98501393 0.98480399 0.98456976 0.98432817 0.98394749 0.9835881
 0.98303517 0.98240562 0.98302932 0.98353509 0.98378573 0.9838086
 0.98383018 0.98409774 0.98486277 0.98339795 0.95172724 0.95231565
 0.95077585 0.95018736 0.94937231 0.94825228 0.94703631 0.94533578
 0.94494499 0.94462914 0.9441536  0.94345774 0.94281281 0.94205431
 0.94087611 0.93959368 0.93811185 0.93652653 0.93467747 0.93263792
 0.93055468 0.92839695 0.92575312 0.92504416 0.92431676 0.92367771
 0.92263047 0.92147594 0.91999244 0.91840959 0.91666695 0.91494841
 0.91294154 0.91076317 0.90846005 0.90633284 0.90419191 0.90184994
 0.89935824 0.89900099 0.89868558 0.89821764 0.89749705 0.89652367
 0.8954575  0.89431179 0.89293464 0.89144891 0.88980771 0.88799075
 0.88599472 0.88403051 0.88195694 0.87986657 0.87746528 0.87753519
 0.87766444 0.87759337 0.87724607 0.87670423 0.87605095 0.87520904
 0.87405583 0.87271075 0.8710869  0.86914373 0.86703699 0.86499712
 0.86279045 0.86059141 0.86064997 0.86064295 0.86074976 0.86070824
 0.86033386 0.85966144 0.85887853 0.85801229 0.85673838 0.8552437
 0.85351306 0.85155511 0.84945147 0.8473688  0.84534152 0.84340643
 0.84349684 0.84348889 0.84348031 0.84347289 0.84334494 0.842813
 0.84208895 0.84115003 0.83980962 0.83842811 0.83671664 0.83472512
 0.83267206 0.8306272  0.82813588 0.82539784 0.82484356 0.82442032
 0.8241756  0.82408332 0.82381775 0.82327846 0.8225693  0.82162626
 0.82026205 0.81866031 0.81666326 0.81448343 0.81197102 0.8092256
 0.80593452 0.80498178 0.80372273 0.80265947 0.80183483 0.80174596
 0.80162376 0.80163826 0.80163229 0.80161343 0.8016123  0.79952551
 0.69218216 0.68985571 0.6890602  0.68493744 0.68053076 0.67991472
 0.67804646 0.67489864 0.67227101 0.66958366 0.66674821 0.6637871
 0.66040639 0.65701747 0.65320982 0.64934673 0.64537818 0.64136198
 0.6365206  0.6321928  0.62800778 0.62637556 0.62342447 0.62046602
 0.61805627 0.6167034  0.61377929 0.61063611 0.60691999 0.60353762
 0.60006196 0.59628367 0.59219215 0.58741223 0.58207975 0.57778831
 0.57620546 0.57436395 0.5723783  0.57046302 0.56842062 0.56662792
 0.56412407 0.56184846 0.55937395 0.55660585 0.55327847 0.549629
 0.54667008 0.54406919 0.54070961 0.53753921 0.53664182 0.53546345
 0.5344095  0.53356589 0.53323045 0.53276297 0.53168748 0.53034387
 0.52887031 0.52721992 0.52496958 0.52179395 0.51901581 0.51658436
 0.5137512  0.51142205 0.51134247 0.51113508 0.51136406 0.51192446
 0.51260145 0.51198389 0.5110757  0.51037781 0.50971839 0.50888799
 0.50683826 0.50363915 0.50128457 0.49927593 0.49697663 0.49765525
 0.49833585 0.49864714 0.49921346 0.49941522 0.50011959 0.50054686
 0.50062604 0.50068472 0.50035853 0.50026134 0.49953302 0.49717845
 0.49477168 0.49228604 0.49029081 0.49126492 0.49095829 0.48908742
 0.48793804 0.4873212  0.48785391 0.48861866 0.4894261  0.49035394
 0.49097953 0.49139822 0.4906364  0.48882198 0.48693178 0.48513315
 0.48319341 0.48322904 0.4831647  0.48275473 0.4823286  0.48173909
 0.48150498 0.4833192  0.48519545 0.48530893 0.48560484 0.48551517
 0.48108151 0.48577775 0.33091368 0.32682734 0.33463558 0.33130178
 0.3265443  0.32605309 0.32279748 0.31807322 0.31585907 0.31309823
 0.3110179  0.3095315  0.30682818 0.30333459 0.29937338 0.2954948
 0.29289041 0.29129733 0.28934079 0.28803218 0.28684628 0.28673826
 0.2855081  0.28370388 0.28317672 0.28380422 0.28296313 0.2817899
 0.28014733 0.27895555 0.27856658 0.27804774 0.27791124 0.27692465
 0.27628992 0.27656108 0.27673113 0.27651679 0.2764868  0.27642301
 0.27570348 0.27540605 0.27450789 0.27437305 0.27416797 0.27379081
 0.2728659  0.27129049 0.27103212 0.27254282 0.27330099 0.27417415
 0.27491158 0.2750479  0.27575083 0.27660954 0.27824306 0.27962105
 0.28054225 0.28112318 0.28190026 0.28258103 0.28267864 0.28104793
 0.28004132 0.28068372 0.28095827 0.28185793 0.28287196 0.28375189
 0.28559542 0.28800559 0.29068884 0.29144663 0.29218016 0.29326605
 0.29468061 0.29613648 0.29602726 0.29408077 0.2934507  0.2944112
 0.29522465 0.29652365 0.29766097 0.2981537  0.29912066 0.29963005
 0.30090052 0.3016901  0.30221624 0.30273872 0.30287926 0.3037842
 0.30381718 0.301496   0.30040426 0.2992381  0.29910084 0.29995352
 0.29926508 0.29660778 0.29503693 0.2938308  0.29403843 0.29435494
 0.29467267 0.29500139 0.29508012 0.29552226 0.29419527 0.29128272
 0.28951524 0.28786275 0.28599675 0.28380629 0.28167947 0.27960956
 0.27760697 0.2755895  0.2739063  0.27512118 0.27644579 0.27509088
 0.27409748 0.27296954 0.26478279 0.27086579]","[ 0.92028286  0.91958082  0.91773624  0.91722496  0.91666442  0.91656003
  0.91655223  0.91544027  0.9149765   0.91414567  0.91322505  0.91148828
  0.91038311  0.91203014  0.91256591  0.91258026  0.9122712   0.91191719
  0.91114871  0.90982889  0.90827763  0.90672581  0.90460241  0.90249711
  0.90051662  0.89826683  0.8958686   0.89309325  0.89039198  0.8922243
  0.89358942  0.89482456  0.89559493  0.89619045  0.89668279  0.89688094
  0.8969894   0.89661108  0.89614412  0.8954646   0.89490948  0.89412899
  0.89323641  0.89165179  0.8900685   0.89247837  0.89435063  0.89577662
  0.89669311  0.89715406  0.89741768  0.89733757  0.89715908  0.89670282
  0.8957983   0.89465217  0.89353979  0.89218458  0.89065889  0.88866446
  0.89001589  0.89102957  0.89172244  0.89215038  0.89204317  0.89153257
  0.89096285  0.89020157  0.88942618  0.88858697  0.88742774  0.88604363
  0.88460047  0.88307819  0.88135502  0.87920225  0.87947584  0.87950876
  0.87922249  0.87874056  0.87791122  0.87689137  0.8759034   0.87461892
  0.8731767   0.871578    0.86955585  0.86750508  0.8651361   0.862597
  0.8600782   0.85734816  0.85719054  0.85680037  0.8561028   0.85554013
  0.85468064  0.85341022  0.851902    0.84979606  0.84775182  0.84582547
  0.84345986  0.84087012  0.83779115  0.83449253  0.83101613  0.82994369
  0.8287159   0.82725048  0.82564155  0.82396188  0.82224031  0.820504
  0.81872735  0.81688809  0.81470538  0.81240863  0.80968377  0.80694748
  0.804068    0.80079673  0.79733436  0.79680937  0.79599473  0.79545108
  0.79618507  0.79017772  0.73050064  0.73138621  0.72792925  0.72688718
  0.72553591  0.72337571  0.72081418  0.71749276  0.71388776  0.71047745
  0.7066843   0.70584579  0.70512085  0.70408708  0.7024858   0.70107869
  0.69876444  0.69563532  0.6918731   0.68818613  0.68459141  0.68083597
  0.67559524  0.67094694  0.66635427  0.66222661  0.66090277  0.65958138
  0.65809058  0.65631767  0.65388419  0.65115684  0.64840051  0.64588345
  0.64337351  0.64124775  0.63880112  0.63561541  0.63234409  0.62905841
  0.62588581  0.62266026  0.62176615  0.62055996  0.61933965  0.61818835
  0.61662199  0.61473563  0.61279007  0.61083621  0.60862747  0.60673617
  0.60456583  0.60201086  0.59936424  0.59665334  0.59410726  0.59119136
  0.59006778  0.58871318  0.58736572  0.58626349  0.58451142  0.58221537
  0.58011567  0.57814041  0.5758639   0.57376674  0.57120264  0.56843143
  0.56594216  0.56352222  0.56132963  0.56081873  0.55993391  0.558959
  0.55779563  0.55666642  0.55500127  0.55285108  0.55091922  0.54904719
  0.5468138   0.54482491  0.54282142  0.54083435  0.5391751   0.53707764
  0.53525914  0.53534841  0.53513113  0.53449857  0.53322577  0.53178529
  0.5299255   0.52739384  0.5247392   0.52233926  0.52011643  0.51858904
  0.51597075  0.51231034  0.50895095  0.50597919  0.50369233  0.50335758
  0.50270347  0.50192968  0.50075333  0.49921771  0.49711767  0.49486767
  0.49226797  0.489555    0.48632891  0.48292823  0.47924663  0.47496373
  0.47073739  0.46666267  0.46483185  0.4645662   0.46407996  0.46261988
  0.46076588  0.45751114  0.45333898  0.45597502  0.30996749  0.30460435
  0.30819805  0.30248224  0.29502528  0.29139398  0.28547936  0.27870565
  0.27452749  0.26969265  0.26498368  0.26074058  0.25552848  0.25028244
  0.24487056  0.23946906  0.23438173  0.22949575  0.22322967  0.21843635
  0.21397661  0.21065641  0.20642575  0.20286786  0.19998108  0.19800363
  0.1944027   0.19082452  0.18733612  0.18425216  0.18124784  0.17762149
  0.17494907  0.17216792  0.1690767   0.16701201  0.16438334  0.16117523
  0.15835631  0.15615839  0.15316415  0.15065663  0.14746041  0.14525906
  0.14315527  0.14113672  0.13877255  0.13602733  0.13507099  0.13541661
  0.13510826  0.13485923  0.13428755  0.13284473  0.13247925  0.13228421
  0.1323194   0.13206427  0.13123933  0.1301695   0.12933975  0.12889794
  0.12796317  0.1256607   0.12477341  0.12543443  0.12575481  0.12635566
  0.12670163  0.12638098  0.12717364  0.12834815  0.12927569  0.1281606
  0.12739586  0.12753211  0.12815872  0.1290734   0.12899307  0.12724082
  0.12665792  0.12672015  0.12649694  0.12675883  0.12681619  0.12637524
  0.12686498  0.12669523  0.12708033  0.12655114  0.12565439  0.12521839
  0.12442803  0.12455886  0.12424472  0.1213714   0.11911003  0.11765461
  0.11683223  0.11695444  0.11576607  0.11253039  0.11107744  0.10977935
  0.10961278  0.10923291  0.10894859  0.10912215  0.10903599  0.10925526
  0.10815845  0.10565539  0.10388214  0.10263215  0.10150348  0.10010182
  0.09911135  0.09874233  0.09834946  0.09733541  0.09658088  0.09812533
  0.09965314  0.09758782  0.09609572  0.09422421  0.08564247  0.09541615
  0.01326688  0.01074738  0.02138794  0.01519162  0.00637365  0.00359388
 -0.00321184 -0.01207518 -0.01727104 -0.02344578 -0.02823285 -0.03142064
 -0.03624993 -0.04189911 -0.0480483  -0.05383302 -0.05735356 -0.05932772
 -0.06347663 -0.0665891  -0.06960903 -0.07232565 -0.07670506 -0.08227593
 -0.08567653 -0.08682268 -0.09011126 -0.09395251 -0.09780901 -0.10009038
 -0.10041203 -0.101257   -0.10174504 -0.10401111 -0.10716881 -0.10861915
 -0.11143879 -0.11433218 -0.11708305 -0.12014611 -0.12382333 -0.12660281
 -0.13028336 -0.13248721 -0.13503065 -0.13766923 -0.14042453 -0.14371974
 -0.14493101 -0.14439705 -0.14508397 -0.14513322 -0.14690693 -0.1493077
 -0.15050004 -0.15157209 -0.15211441 -0.15342173 -0.15574193 -0.15796599
 -0.15999632 -0.16135191 -0.16254632 -0.16591398 -0.16811846 -0.16927312
 -0.171483   -0.17223084 -0.1738154  -0.17544924 -0.17547075 -0.17415992
 -0.17252374 -0.17370965 -0.17532523 -0.17586162 -0.17588077 -0.17584277
 -0.17774482 -0.18245921 -0.18457734 -0.18506813 -0.18620081 -0.18704465
 -0.187817   -0.18881348 -0.1883452  -0.18881483 -0.1879721  -0.18772501
 -0.18770235 -0.18646618 -0.18621746 -0.18567152 -0.1859105  -0.19059081
 -0.19396861 -0.19576552 -0.19630966 -0.1956573  -0.19778141 -0.20368614
 -0.20703578 -0.20884016 -0.20833715 -0.20758569 -0.20706796 -0.20517953
 -0.2034391  -0.20137119 -0.20197046 -0.20445135 -0.20556782 -0.20531045
 -0.20480742 -0.20574134 -0.20575224 -0.20553201 -0.20396699 -0.20251318
 -0.20045112 -0.19415759 -0.18796791 -0.18773745 -0.18707946 -0.18737682
 -0.19893149 -0.17984504 -0.36511433 -0.37015249 -0.34894324 -0.35298611
 -0.36218863 -0.36255631 -0.36697902 -0.37196711 -0.37148899 -0.37413435
 -0.37517723 -0.37472123 -0.3760024  -0.37808493 -0.37976495 -0.38153326
 -0.38086601 -0.37867444 -0.38144715 -0.38257356 -0.38398196 -0.38395607
 -0.38431934 -0.38499908 -0.38357352 -0.38098744 -0.37919491 -0.37753053
 -0.37517832 -0.37257084 -0.36866029 -0.36556094 -0.360439   -0.3561711
 -0.3546219  -0.35264211 -0.35141756 -0.35127691 -0.3502847  -0.34849491
 -0.34890494 -0.34794575 -0.34754516 -0.34520084 -0.3425968  -0.33967127
 -0.33693787 -0.33513413 -0.33043434 -0.32614694 -0.32274042 -0.31996341
 -0.31762833 -0.31647245 -0.31353763 -0.3105395  -0.30735167 -0.30435101
 -0.30164997 -0.29939336 -0.29660888 -0.29272984 -0.28850164 -0.28656336
 -0.28329594 -0.2806856  -0.27868685 -0.27613716 -0.2736966  -0.27199534
 -0.26846663 -0.26377535 -0.25962958 -0.25850387 -0.25647396 -0.2529573
 -0.24832    -0.24310746 -0.23924696 -0.23797442 -0.23485429 -0.23269771
 -0.23066088 -0.22770659 -0.22510019 -0.22369938 -0.22123702 -0.21918949
 -0.21602688 -0.2139223  -0.2122585  -0.20944104 -0.2065913  -0.20179036
 -0.19756176 -0.19737032 -0.19814811 -0.19799477 -0.19672227 -0.19418568
 -0.19342709 -0.1950643  -0.19454315 -0.19357644 -0.19112991 -0.18902547
 -0.18649117 -0.18306343 -0.17953581 -0.17516295 -0.17289063 -0.17305284
 -0.17371335 -0.17334247 -0.17221534 -0.17119459 -0.16898808 -0.16545536
 -0.16185835 -0.15931708 -0.15748489 -0.15313525 -0.14872282 -0.149027
 -0.14812504 -0.14628757 -0.15586847 -0.14020266]","[0.00333997 0.00230226 0.0020207  0.0017504  0.00154227 0.00144997
 0.00137464 0.00128754 0.00117869 0.00111245 0.00128032 0.00162376
 0.00208265 0.00170397 0.00158397 0.00165912 0.00172015 0.00177809
 0.00180103 0.00177597 0.00173626 0.00159854 0.00145105 0.00139245
 0.00126501 0.00127338 0.00153641 0.00206144 0.00274017 0.00212706
 0.00170309 0.00149553 0.00147581 0.00156533 0.00169958 0.00171709
 0.00170453 0.00154604 0.00137201 0.00128458 0.00119314 0.00128865
 0.00161348 0.00226438 0.00312458 0.00244721 0.00188071 0.00143262
 0.00124631 0.00116782 0.00122145 0.00120122 0.00122483 0.00117269
 0.00111939 0.00115795 0.00129302 0.00163253 0.00212692 0.00287354
 0.00212826 0.00156553 0.00114905 0.00102046 0.00111689 0.00120942
 0.00135311 0.00142347 0.00149023 0.00150908 0.00149249 0.00149149
 0.0014731  0.00152618 0.00175739 0.00229096 0.00174972 0.00140884
 0.00124705 0.00122307 0.00127357 0.00128474 0.00139231 0.00145624
 0.00147574 0.00137452 0.00123462 0.00113052 0.00113263 0.00137678
 0.00181885 0.00251707 0.0019606  0.00151594 0.00127119 0.00113503
 0.00118377 0.00108319 0.00114603 0.00115056 0.0011212  0.00102477
 0.00103229 0.0012086  0.00158802 0.00211108 0.00276872 0.00208821
 0.00153619 0.00116346 0.00103883 0.00105304 0.00122081 0.00140629
 0.00156769 0.00162568 0.00158426 0.001555   0.00144683 0.00132641
 0.00132717 0.00159079 0.00212975 0.00151082 0.00137641 0.0015729
 0.00216884 0.00328193 0.01098044 0.01018709 0.01062281 0.01036986
 0.01032675 0.01054366 0.01067211 0.01098625 0.01133464 0.01172362
 0.01216328 0.01173592 0.01135995 0.01117876 0.01114733 0.01124364
 0.01131717 0.01133789 0.01135711 0.01163623 0.01196261 0.0123863
 0.0128248  0.013421   0.01411193 0.01500857 0.014411   0.01406485
 0.01383713 0.01374832 0.01369436 0.01366139 0.01375849 0.01388602
 0.01404961 0.01438189 0.01469059 0.01504139 0.01544756 0.01599938
 0.01656971 0.01731074 0.01669691 0.01635704 0.0160965  0.01593717
 0.01580893 0.01571126 0.01575896 0.01588449 0.0160369  0.01630745
 0.01659694 0.01691859 0.01736145 0.01787739 0.01844146 0.01909972
 0.01852572 0.01813205 0.01780872 0.01760247 0.01745621 0.01732958
 0.01737118 0.01753437 0.01772035 0.01798707 0.0182647  0.01856357
 0.01899995 0.01952759 0.02009241 0.01959934 0.01925222 0.01908939
 0.01896815 0.01890697 0.0189255  0.01898225 0.01911659 0.01923614
 0.01933849 0.0195666  0.01985111 0.02015868 0.02058505 0.02103348
 0.02159028 0.02129222 0.02097779 0.02076225 0.02056202 0.02046345
 0.02047459 0.02040527 0.02040765 0.02051547 0.02061025 0.0208181
 0.02104491 0.02127006 0.02165106 0.02208719 0.02266314 0.02233767
 0.02208384 0.02190894 0.02177728 0.02170166 0.02175494 0.02191095
 0.02207867 0.02223702 0.02241747 0.02260755 0.02290147 0.02318321
 0.02360341 0.0240766  0.02359273 0.02319087 0.02297123 0.02291745
 0.0228695  0.02265195 0.02207823 0.02310363 0.03937335 0.03911879
 0.03973993 0.03997999 0.04031775 0.04078227 0.0412888  0.04198611
 0.04202175 0.04203778 0.0421234  0.04230035 0.04246628 0.04268251
 0.04305996 0.04348055 0.04397733 0.04451462 0.0451471  0.04584676
 0.04656241 0.04730459 0.04820701 0.04833981 0.04848733 0.0486157
 0.04888273 0.04919142 0.04961005 0.05006554 0.0505758  0.05108458
 0.05168547 0.05234187 0.05303913 0.05369057 0.05435227 0.05507729
 0.05585021 0.05587135 0.05589199 0.05596578 0.05611985 0.05635349
 0.0566225  0.05692312 0.05729588 0.05770719 0.05816917 0.05868658
 0.0592596  0.05983315 0.06044393 0.06106817 0.06178034 0.06165959
 0.06153729 0.06147877 0.06150289 0.06158883 0.0617156  0.06190221
 0.06217858 0.06251451 0.06293072 0.0634361  0.06399194 0.06454269
 0.06514453 0.0657559  0.06562593 0.06552348 0.06540643 0.0653364
 0.0653565  0.06545812 0.06559715 0.06576717 0.0660429  0.06638036
 0.06678245 0.06724652 0.06775351 0.06826585 0.06877626 0.06927709
 0.06911893 0.06899474 0.06888297 0.06878329 0.06872246 0.06876243
 0.06885638 0.06900898 0.06926021 0.06953152 0.06988483 0.07030861
 0.07075586 0.07121197 0.07177225 0.07239374 0.07234047 0.07227432
 0.07218596 0.07208113 0.07202671 0.07204306 0.07210871 0.07223647
 0.07246375 0.07275282 0.07313469 0.07356618 0.0740765  0.07464525
 0.0753326  0.07534274 0.07542526 0.07548351 0.07551005 0.07541109
 0.07533363 0.07524548 0.07517655 0.07512544 0.07508639 0.07545632
 0.09348987 0.09385137 0.0939999  0.09466891 0.09539645 0.09527618
 0.09536331 0.09565948 0.09589846 0.09616637 0.09647626 0.09682495
 0.09725464 0.09770619 0.09823816 0.09879882 0.09939549 0.10002031
 0.10078144 0.10149283 0.10220686 0.10223276 0.10246554 0.10272534
 0.10293772 0.10303575 0.10337307 0.10376732 0.10426548 0.10474721
 0.10526964 0.10586044 0.1065209  0.10729972 0.1081786  0.1089516
 0.10893491 0.10897616 0.10906068 0.1091613  0.10930342 0.10943959
 0.10969128 0.10994006 0.11023988 0.11060257 0.11106109 0.11158566
 0.11205107 0.11249917 0.1130679  0.11364039 0.11351297 0.11344625
 0.11339081 0.11333656 0.11324775 0.11320235 0.11325799 0.1133734
 0.1135319  0.11373921 0.11404616 0.11449144 0.11491645 0.11532774
 0.11581478 0.11626975 0.11602397 0.11582259 0.11559898 0.11536592
 0.11514895 0.1151147  0.11514444 0.11517924 0.11523948 0.11534985
 0.11563333 0.11608119 0.11646003 0.11682861 0.11726134 0.11696157
 0.11668803 0.11648393 0.11627676 0.11613852 0.11596864 0.11585759
 0.11581361 0.1157987  0.11585512 0.11591169 0.11606816 0.11643977
 0.11684393 0.11728382 0.11769378 0.1174468  0.11737434 0.11750856
 0.11758617 0.11762937 0.11756757 0.11750599 0.11746627 0.11743932
 0.11747374 0.11755854 0.11780636 0.1182026  0.11863433 0.11908221
 0.11957311 0.11944984 0.11936505 0.11934712 0.11935805 0.11941485
 0.11945779 0.11929162 0.11914473 0.11922842 0.1193178  0.11947864
 0.12017022 0.11982883 0.13694931 0.13766011 0.13673385 0.13697691
 0.13739086 0.1373955  0.13770849 0.13819668 0.1384568  0.1387992
 0.13909992 0.13936794 0.13978604 0.140311   0.14091018 0.14152824
 0.14204567 0.14248893 0.14256353 0.14260128 0.14265518 0.14262992
 0.14274555 0.14294718 0.14305013 0.14306662 0.14325853 0.14351241
 0.14384198 0.14415529 0.14441698 0.14472016 0.14501334 0.14542014
 0.14533622 0.14519428 0.1450956  0.1450686  0.14505629 0.14508054
 0.14520371 0.14531775 0.14552519 0.14568917 0.14589318 0.14614738
 0.14648957 0.14693017 0.14727066 0.14695456 0.14674326 0.14654914
 0.14639755 0.14633544 0.14624496 0.14616753 0.14604043 0.14596766
 0.1459696  0.14603451 0.14610783 0.14621915 0.14641806 0.14682168
 0.14718997 0.14695123 0.14677867 0.14657097 0.1463803  0.14623202
 0.14601398 0.14576641 0.14551899 0.14549727 0.14550642 0.14550759
 0.14550294 0.14552179 0.14573031 0.14615718 0.14647595 0.14616328
 0.14589576 0.14560795 0.14536689 0.14522255 0.14505915 0.14497311
 0.14483826 0.14478311 0.14478515 0.1448174  0.14491909 0.14497095
 0.14514313 0.14559038 0.14545385 0.14535195 0.14517061 0.14491446
 0.14484552 0.14500733 0.14508443 0.14515172 0.14510168 0.14506853
 0.14506333 0.14508502 0.14516042 0.14522633 0.1455025  0.14597005
 0.14592211 0.14589203 0.1459137  0.14599849 0.14610692 0.14623992
 0.14639667 0.14658567 0.14677178 0.146696   0.14664003 0.14688655
 0.14712757 0.14741332 0.14844446 0.14806252]","[0.01882454 0.01899104 0.01930172 0.01946529 0.01964427 0.01977883
 0.01991085 0.02018376 0.02038867 0.02064683 0.02092513 0.02131122
 0.02163067 0.02157016 0.02165825 0.02182513 0.02204712 0.02228952
 0.0225992  0.02299421 0.02343416 0.02388958 0.02443361 0.02499078
 0.02554737 0.02615391 0.02679492 0.02749985 0.02821064 0.02823436
 0.02833301 0.02846303 0.02867034 0.02891655 0.02919186 0.02952353
 0.02988293 0.03032828 0.03080248 0.03132404 0.03184252 0.03241042
 0.0330109  0.0337345  0.03447462 0.03435961 0.03433722 0.03439585
 0.03454868 0.03478934 0.03507585 0.03543412 0.03582275 0.03627336
 0.03681695 0.03741807 0.03802803 0.03869619 0.03940996 0.04022347
 0.04017291 0.04019252 0.04028058 0.04042785 0.04068614 0.04103199
 0.04140081 0.04181784 0.04224941 0.04270499 0.04323381 0.04381788
 0.0444254  0.04506025 0.04574591 0.04652648 0.04661914 0.04676864
 0.04699065 0.04726146 0.04761082 0.04800824 0.04841036 0.04888122
 0.04939371 0.04994754 0.05059442 0.05125747 0.0519926  0.05277087
 0.05355565 0.05439128 0.05446629 0.05459803 0.0548007  0.05499004
 0.05524822 0.05559672 0.05600236 0.05653262 0.05706269 0.05758241
 0.05819583 0.05886224 0.05963001 0.06044858 0.06130994 0.06144129
 0.06161371 0.06184177 0.0621083  0.06240026 0.06271261 0.0630407
 0.06338919 0.06376207 0.06420809 0.06468709 0.06525288 0.06583351
 0.06645158 0.06714892 0.06789106 0.0678908  0.06795841 0.06800052
 0.06785018 0.06883458 0.07802544 0.07793392 0.07849399 0.07872763
 0.07902897 0.07946974 0.07999095 0.08064353 0.08135888 0.08206905
 0.08285619 0.08291615 0.08299437 0.08315047 0.08342065 0.08369809
 0.08413697 0.08472378 0.08543255 0.08616487 0.08691888 0.08772978
 0.0887791  0.08978171 0.09081175 0.09181394 0.09198291 0.09218526
 0.09244439 0.09277558 0.0932298  0.09375742 0.09432291 0.09489049
 0.09549149 0.0960755  0.09673696 0.09753185 0.09837266 0.0992499
 0.1001465  0.10108465 0.10117691 0.10134098 0.10153709 0.10175427
 0.10205706 0.10243276 0.10284669 0.10329217 0.10380195 0.10430018
 0.10486598 0.10551334 0.10620342 0.1069326  0.10767049 0.10848797
 0.10858162 0.10873638 0.10892082 0.10910372 0.10940316 0.109805
 0.11021189 0.11063349 0.11112572 0.11162562 0.11221788 0.11286846
 0.11351344 0.11418065 0.11484937 0.11484988 0.11492689 0.11504332
 0.11521203 0.11540406 0.11569364 0.116074   0.11645383 0.11685383
 0.11732863 0.1177998  0.11830094 0.11882804 0.11934078 0.11993829
 0.12052765 0.12042614 0.12039211 0.1204396  0.12059761 0.12080495
 0.12109405 0.12149728 0.12194388 0.12238555 0.12283248 0.12321851
 0.12377226 0.1244872  0.12519167 0.12587489 0.12649912 0.1263331
 0.1262377  0.12618757 0.12621856 0.12632507 0.12653284 0.12678954
 0.12712028 0.12749545 0.12796498 0.12848657 0.12907349 0.12976531
 0.13048062 0.13120803 0.13115625 0.13093911 0.13077611 0.1307589
 0.13081641 0.13107012 0.13146023 0.13105831 0.14753766 0.14807795
 0.14769477 0.14833552 0.14919043 0.14967057 0.15042289 0.15129608
 0.15140247 0.15161051 0.15183891 0.15205348 0.15240228 0.1527892
 0.15322813 0.15370156 0.15417939 0.15467373 0.15534336 0.1559029
 0.15646722 0.15695666 0.15757538 0.15763773 0.15766354 0.15763042
 0.1577876  0.15797314 0.15818087 0.15838061 0.15860438 0.15892026
 0.15917612 0.15947495 0.15983622 0.16013153 0.16051397 0.16098497
 0.16145159 0.16139547 0.1614446  0.16147664 0.16160365 0.1616662
 0.16174982 0.16185592 0.16202523 0.16226107 0.16235988 0.16236769
 0.16246811 0.16259413 0.16278164 0.1630822  0.16331255 0.16303553
 0.16276927 0.16256277 0.16244219 0.1623771  0.16232235 0.16226438
 0.16228536 0.16246654 0.16254929 0.16252148 0.16255852 0.1626026
 0.16270345 0.16289941 0.1625077  0.16210949 0.16176342 0.16163604
 0.16150507 0.16131992 0.16111887 0.16092072 0.16084403 0.16095111
 0.16097982 0.16097868 0.16103347 0.16107315 0.16116124 0.16132486
 0.16094995 0.1606661  0.16036161 0.16017161 0.16004578 0.15990841
 0.15983423 0.15970691 0.15965125 0.15985968 0.16004321 0.16018459
 0.16029976 0.16036048 0.16057148 0.16099958 0.16078654 0.16059449
 0.16033592 0.16013249 0.15995657 0.15977586 0.15965488 0.15954308
 0.15958567 0.15979048 0.15996656 0.16013261 0.16032459 0.16057768
 0.16083083 0.16054795 0.16029932 0.16013812 0.15998625 0.15966357
 0.15937538 0.15943796 0.15948256 0.15959348 0.1603267  0.15947978
 0.16661141 0.16690613 0.16612219 0.16679821 0.16772941 0.16761861
 0.16788014 0.16834566 0.16853922 0.1688486  0.16907883 0.16921406
 0.16952075 0.16993109 0.17041882 0.17091385 0.17126294 0.17152507
 0.1720016  0.17243267 0.17289476 0.17272489 0.17273252 0.17287894
 0.17289605 0.17277917 0.17287846 0.17306732 0.17330336 0.17346153
 0.17351213 0.17365102 0.17380879 0.1741538  0.17461616 0.17499084
 0.17486365 0.17477973 0.17472247 0.17472777 0.17481924 0.1748795
 0.1750486  0.17514258 0.17530239 0.17550924 0.17576491 0.17610208
 0.1763188  0.17644111 0.17669738 0.17694422 0.17670137 0.17654371
 0.17633055 0.176146   0.17595909 0.17586891 0.17589424 0.17595062
 0.17603086 0.17609872 0.17619333 0.17649154 0.17674066 0.17694947
 0.17727724 0.17753345 0.17729467 0.17710562 0.17684169 0.17652468
 0.17623059 0.17619587 0.17624066 0.17625195 0.17627203 0.17633537
 0.1765917  0.17710631 0.17747398 0.17776718 0.17815578 0.17796229
 0.17780374 0.17770245 0.17753241 0.1774733  0.17735717 0.17732647
 0.17735351 0.17733083 0.17742276 0.17753321 0.17774309 0.1783265
 0.17885317 0.17930218 0.1796977  0.1794608  0.17947339 0.17980964
 0.17999558 0.18010767 0.18008955 0.18009459 0.18015868 0.18016187
 0.18021723 0.18028893 0.18060166 0.18109698 0.18153085 0.18190194
 0.18229464 0.1821946  0.18206717 0.1819648  0.18180351 0.18169313
 0.18157922 0.18118681 0.18084279 0.18099351 0.18115356 0.18142831
 0.18260407 0.18147887 0.19561181 0.19642081 0.19469562 0.19482795
 0.19536996 0.19531727 0.19559534 0.19595376 0.19596209 0.19623413
 0.19643234 0.196564   0.1968603  0.19725441 0.19766016 0.19811255
 0.19843024 0.19867755 0.19867601 0.19859638 0.19857763 0.19849679
 0.19848479 0.19853643 0.19847809 0.19837723 0.19837391 0.19842028
 0.19845733 0.19851584 0.19851943 0.19862077 0.19861327 0.19870567
 0.19840054 0.19811024 0.19792161 0.19785872 0.19777986 0.19768887
 0.19780537 0.19786769 0.19801705 0.19806932 0.19814765 0.19824703
 0.19840501 0.1986762  0.19877522 0.19824417 0.19781794 0.19747779
 0.19720967 0.19706877 0.1968336  0.19663238 0.19645544 0.19633089
 0.1962671  0.19627491 0.19628072 0.196241   0.19621151 0.19639316
 0.19651005 0.19607084 0.19571915 0.19536602 0.19506195 0.19485518
 0.19454898 0.19419379 0.1939204  0.19391955 0.19388921 0.19378386
 0.19363084 0.19347148 0.19345541 0.19367992 0.19379833 0.19334719
 0.19295071 0.19252761 0.1921771  0.19196644 0.19171778 0.19154684
 0.19133327 0.19124774 0.19124172 0.19118917 0.19117813 0.19105578
 0.1910215  0.19135234 0.1910811  0.1907732  0.19041416 0.18999278
 0.18975108 0.18973792 0.18959159 0.18944826 0.1892258  0.18906871
 0.1889155  0.18872891 0.18857176 0.18838402 0.18840155 0.18865202
 0.18831368 0.1879317  0.18752872 0.18717405 0.18676458 0.18628921
 0.1858487  0.18553257 0.18531316 0.18493193 0.18458497 0.18465645
 0.18467078 0.1846494  0.18558625 0.18452938]","(array([[7.30042178e-01, 6.84741763e-01, 6.39441349e-01, ...,
        1.95249458e-06, 1.96612537e-06, 1.97975617e-06],
       [5.64053665e-01, 5.27962143e-01, 4.91870621e-01, ...,
        8.15302906e-06, 7.17702960e-06, 6.20103014e-06],
       [9.23409898e-01, 8.66195762e-01, 8.08981626e-01, ...,
        2.64619657e-06, 2.68996276e-06, 2.73372894e-06],
       ...,
       [8.17485801e-02, 7.70459346e-02, 7.23432890e-02, ...,
        3.20593530e-06, 3.20600709e-06, 3.20607888e-06],
       [7.95382529e-02, 7.44374341e-02, 6.93366152e-02, ...,
        3.24802258e-06, 3.24425044e-06, 3.24047829e-06],
       [6.15882122e-01, 5.76576399e-01, 5.37270676e-01, ...,
        1.35362828e-06, 1.36564155e-06, 1.37765482e-06]]), array([[0.73004218, 0.68474176, 0.63944135, ..., 0.26082114, 0.26327875,
        0.26026015],
       [0.56405366, 0.52796214, 0.49187062, ..., 0.10930396, 0.11125843,
        0.11254568],
       [0.9234099 , 0.86619576, 0.80898163, ..., 0.21956589, 0.22112607,
        0.21856474],
       ...,
       [0.08174858, 0.07704593, 0.07234329, ..., 0.16424419, 0.16589398,
        0.16430597],
       [0.07953825, 0.07443743, 0.06933662, ..., 0.01376877, 0.01365023,
        0.01334246],
       [0.61588212, 0.5765764 , 0.53727068, ..., 0.04852141, 0.0452934 ,
        0.04426804]]))","(array([[9.75671041e-02, 9.15647712e-02, 8.55624382e-02, ...,
        3.90208490e-01, 3.90992868e-01, 3.91777247e-01],
       [7.71866610e-01, 7.22466919e-01, 6.73067229e-01, ...,
        6.55819518e-02, 6.49998411e-02, 6.44177305e-02],
       [2.71828658e-01, 2.55207017e-01, 2.38585376e-01, ...,
        2.42682405e-04, 2.49146639e-04, 2.55610873e-04],
       ...,
       [7.35967675e-01, 6.91356929e-01, 6.46746183e-01, ...,
        9.25960422e-06, 9.20685498e-06, 9.15410575e-06],
       [9.72531501e-01, 9.09575813e-01, 8.46620126e-01, ...,
        7.09212494e-01, 7.09386585e-01, 7.09560675e-01],
       [7.63105903e-01, 7.13938553e-01, 6.64771202e-01, ...,
        9.33863875e-03, 9.71032500e-03, 1.00820112e-02]]), array([[0.0975671 , 0.09156477, 0.08556244, ..., 0.2764817 , 0.27874833,
        0.27588135],
       [0.77186661, 0.72246692, 0.67306723, ..., 0.20798949, 0.21050944,
        0.20842411],
       [0.27182866, 0.25520702, 0.23858538, ..., 0.13432031, 0.13809748,
        0.13600027],
       ...,
       [0.73596767, 0.69135693, 0.64674618, ..., 0.01917659, 0.01954368,
        0.02025204],
       [0.9725315 , 0.90957581, 0.84662013, ..., 0.38406501, 0.3867905 ,
        0.3811925 ],
       [0.7631059 , 0.71393855, 0.6647712 , ..., 0.10338267, 0.10411977,
        0.1024452 ]]))"
12,future_outlook,zz294_VAE_saved_sims_dgLV_I5_dgLV_B92_T8_fixed,8,future_outlook_4000_latent_latent_2025-02-03T21:54.npz,4000,latent,latent,"(4000, 8, 768)","(2000, 8, 768)","[0.99770648 0.99890705 0.99918327 0.99937334 0.99951112 0.99956953
 0.99962127 0.99967453 0.99972618 0.99974635 0.99966323 0.99946899
 0.99915088 0.99945756 0.99956565 0.99956201 0.99954963 0.99952602
 0.9995077  0.99952201 0.99954654 0.99962346 0.99969151 0.99972226
 0.99977289 0.99977043 0.99967913 0.99944174 0.99904405 0.99943834
 0.99965063 0.99973371 0.9997425  0.9997129  0.9996665  0.99966582
 0.99967726 0.9997384  0.99979576 0.99982278 0.99984882 0.99983106
 0.99974855 0.99952967 0.99914098 0.99947433 0.99969085 0.99982246
 0.99986919 0.99988793 0.99988024 0.99988602 0.9998838  0.99989582
 0.99990681 0.99990249 0.99988185 0.99981941 0.99970402 0.99947664
 0.99971312 0.99984358 0.9999124  0.99992752 0.99991451 0.99990323
 0.99988481 0.99987765 0.99987045 0.99987    0.99987473 0.99987552
 0.99987815 0.99986908 0.99982858 0.99971695 0.99983369 0.9998923
 0.99991603 0.99991979 0.9999142  0.99991368 0.9999     0.99989243
 0.99989091 0.99990618 0.99992466 0.99993678 0.9999361  0.99990668
 0.99983965 0.99969919 0.99981729 0.99989197 0.99992561 0.99994148
 0.99993634 0.99994547 0.99993717 0.99993412 0.99993562 0.99994441
 0.99994433 0.99992862 0.99988397 0.99980131 0.99966531 0.99980695
 0.99989314 0.99993601 0.99994646 0.99994441 0.99992708 0.99990582
 0.99988542 0.99987852 0.99988638 0.99989168 0.99990604 0.99991861
 0.99991718 0.99988258 0.99979482 0.99988922 0.99990376 0.99987221
 0.99977051 0.99950289 0.99036237 0.99136354 0.99079648 0.99114521
 0.99122565 0.99099337 0.99085445 0.99047586 0.99003252 0.98957332
 0.989067   0.98955615 0.99003038 0.99027665 0.99032517 0.99023568
 0.99010798 0.99002483 0.98991714 0.98951528 0.98904785 0.98843543
 0.98777073 0.98693169 0.98596074 0.98473588 0.98552883 0.9860063
 0.98632753 0.98645682 0.98654324 0.98661384 0.98649965 0.9863376
 0.9861357  0.98572161 0.98533563 0.98486723 0.98433181 0.98360077
 0.98282552 0.98180213 0.98274105 0.98328778 0.98371837 0.98399133
 0.98420469 0.98438313 0.98433585 0.98415387 0.98391839 0.98352816
 0.98310699 0.98265494 0.98200074 0.98124075 0.98041764 0.97945724
 0.98021442 0.98072778 0.98115298 0.98139908 0.98155863 0.98170869
 0.98160089 0.98128745 0.9809372  0.98045636 0.97995385 0.97941793
 0.97865396 0.97775179 0.97680192 0.97751052 0.97799979 0.97819978
 0.9783365  0.97837111 0.97829139 0.9781716  0.9778873  0.97757675
 0.97727891 0.97679293 0.97622518 0.97562433 0.97480786 0.97397537
 0.97297213 0.97333573 0.97372895 0.9739729  0.97421004 0.97427809
 0.97416138 0.97418234 0.97408008 0.97381892 0.97354184 0.97305223
 0.9725415  0.97205218 0.9712996  0.97046072 0.9693848  0.96975784
 0.97001604 0.97014667 0.97022476 0.97021045 0.97001586 0.96966521
 0.96928962 0.96891831 0.96851525 0.96807833 0.96743028 0.96675671
 0.9658142  0.96479059 0.96538397 0.96579725 0.96594728 0.96591588
 0.96588308 0.96622524 0.96723006 0.964988   0.94365097 0.94371696
 0.9415032  0.94109035 0.94063056 0.93942199 0.9384246  0.93714033
 0.93729942 0.93747097 0.93745842 0.93715902 0.93696895 0.93661423
 0.93591655 0.93505291 0.93396289 0.93271224 0.93140768 0.92977972
 0.92807027 0.92618083 0.92402075 0.92410625 0.92402889 0.92373057
 0.92334912 0.92283013 0.922108   0.92121811 0.92013791 0.91907153
 0.91772491 0.91627209 0.91477688 0.91317782 0.91156725 0.90977357
 0.90779396 0.90812163 0.90847951 0.90860869 0.90861696 0.90828326
 0.9078389  0.90725541 0.90650357 0.90567062 0.9044834  0.90299205
 0.90142983 0.89979894 0.89811231 0.89644844 0.89437534 0.89465204
 0.89487967 0.89492461 0.89480236 0.89448297 0.89405995 0.89342192
 0.89259985 0.89173897 0.89046792 0.88875141 0.88695542 0.8850766
 0.88308129 0.88108911 0.88122697 0.88124496 0.88125686 0.8812606
 0.88096203 0.88031587 0.87953697 0.87866034 0.87760391 0.87655717
 0.87513496 0.87338038 0.87151658 0.86949341 0.86741649 0.86535145
 0.86524707 0.86517563 0.86502502 0.86492002 0.86473838 0.86420434
 0.86361476 0.86274616 0.86164426 0.86077594 0.85960489 0.8580207
 0.85631705 0.85435686 0.85222496 0.8501431  0.85012301 0.85003278
 0.84982993 0.84966408 0.84934975 0.84874375 0.84805805 0.84720357
 0.84609724 0.84477848 0.84313565 0.84130362 0.83930584 0.83717815
 0.83461131 0.83469781 0.83442854 0.83429508 0.83415183 0.83410399
 0.83402852 0.8342731  0.83440565 0.8347177  0.83535495 0.83201238
 0.78526032 0.7835956  0.78078842 0.77865141 0.77667934 0.77751667
 0.7782102  0.77828138 0.77803117 0.77773454 0.77718832 0.77628975
 0.77540894 0.77441489 0.77291065 0.77114229 0.76914474 0.7670561
 0.76466409 0.76201217 0.75925719 0.75957819 0.75927297 0.75880526
 0.75837598 0.75794081 0.75705866 0.75599564 0.75430755 0.75236271
 0.75012133 0.74786384 0.74522351 0.74230741 0.73912531 0.73610407
 0.73665813 0.73697259 0.7370797  0.73700468 0.73681916 0.73648182
 0.73580467 0.73480515 0.73357655 0.73205238 0.73015921 0.7280018
 0.72568097 0.72308327 0.72016698 0.71714427 0.71748273 0.71771478
 0.71755022 0.71735391 0.71741327 0.71740057 0.71702635 0.71623369
 0.71527569 0.71403351 0.71253329 0.71073024 0.70854019 0.70591343
 0.70309603 0.70030187 0.70085735 0.70139418 0.70170692 0.70192004
 0.70208129 0.70183488 0.70120351 0.70022804 0.69904101 0.69765519
 0.69581482 0.69367782 0.69127487 0.68849671 0.68551246 0.68617932
 0.68686565 0.68741875 0.68765614 0.68778717 0.68790831 0.68797031
 0.68775126 0.68709833 0.6863198  0.68549332 0.68431481 0.68290371
 0.68109333 0.67865699 0.67626639 0.67686256 0.67719242 0.6774001
 0.67733808 0.67719196 0.67717805 0.67714053 0.67698952 0.67648494
 0.67580202 0.67486999 0.67349906 0.67174427 0.66971134 0.66752462
 0.66512957 0.66557037 0.66563379 0.66536949 0.66474629 0.66409463
 0.66336729 0.66317172 0.66295029 0.66266465 0.66215001 0.66149534
 0.65995209 0.65822401 0.58745528 0.58543936 0.58692172 0.58684805
 0.58658252 0.58717679 0.58734609 0.58699843 0.58693719 0.58676336
 0.58648581 0.58593201 0.58516768 0.58412745 0.5824999  0.58065422
 0.57906505 0.57779939 0.5788235  0.57941094 0.57967621 0.58011712
 0.58008675 0.57976529 0.57984495 0.57997548 0.57996867 0.57978777
 0.57887861 0.57768117 0.57648594 0.57534088 0.57384827 0.57198514
 0.57262356 0.57342664 0.57408322 0.57457351 0.5748915  0.57504427
 0.57501441 0.57487222 0.57446627 0.57382119 0.57289018 0.57161744
 0.56999216 0.5680692  0.5661178  0.56684403 0.56727146 0.56751572
 0.56757585 0.56748358 0.56713998 0.56677036 0.56680106 0.56686764
 0.56662904 0.5659564  0.56502551 0.56375926 0.56222682 0.56041481
 0.55840222 0.55868725 0.55889499 0.55901928 0.55917908 0.55940621
 0.55960275 0.55957023 0.5595191  0.55923411 0.55875428 0.55796073
 0.55688859 0.55552862 0.55381949 0.55183578 0.54963834 0.54957579
 0.54935347 0.54905635 0.54885035 0.54849849 0.54818171 0.54789102
 0.54762682 0.54737678 0.5469032  0.5459705  0.54475005 0.54332752
 0.54157018 0.53968604 0.54002399 0.5396883  0.53935766 0.53889837
 0.53858823 0.53836604 0.53798065 0.53750322 0.53700518 0.53637878
 0.53562442 0.53457443 0.53325503 0.53164436 0.52970009 0.52750911
 0.52770204 0.52777414 0.52767789 0.52746163 0.52690309 0.52598342
 0.52471417 0.52349234 0.52226064 0.5217233  0.52133205 0.52110293
 0.52064202 0.51995576 0.51870538 0.5154662 ]","[0.93687585 0.93676517 0.93615068 0.93638678 0.93661813 0.93716356
 0.93803833 0.93807575 0.93845574 0.93843911 0.93829777 0.93741077
 0.93684883 0.93813958 0.93861354 0.93864102 0.93841236 0.93813101
 0.93753537 0.93648374 0.93531875 0.93422449 0.93275065 0.93122384
 0.92978135 0.92815496 0.92634256 0.92413387 0.92188252 0.92355624
 0.92483395 0.92596259 0.92671235 0.92732254 0.92785432 0.92819462
 0.92844277 0.928352   0.9281487  0.9277703  0.92746335 0.927073
 0.92655457 0.92550353 0.92437148 0.92630713 0.92791139 0.92919873
 0.93005206 0.93062204 0.93102515 0.93122849 0.93130126 0.93123141
 0.93093446 0.93046817 0.92997578 0.92927792 0.92842976 0.9272016
 0.92811207 0.92872518 0.92910817 0.9293033  0.9291728  0.92881275
 0.92837209 0.92774272 0.92704426 0.9262519  0.92524583 0.92404944
 0.92280029 0.92144611 0.91992965 0.91805052 0.91811424 0.91798357
 0.91763499 0.91707588 0.9162568  0.91528306 0.91428998 0.91302536
 0.91163123 0.91010044 0.90828197 0.90637422 0.90425819 0.90199657
 0.89972909 0.89725429 0.89715827 0.89685994 0.89631511 0.89576741
 0.89497966 0.89385252 0.89260213 0.89092603 0.88919168 0.88742566
 0.88539263 0.88317294 0.8805689  0.87776631 0.87479448 0.8740104
 0.87306581 0.87192418 0.87062449 0.86923772 0.8678309  0.86642127
 0.86493593 0.86335683 0.86150559 0.85951157 0.85719887 0.85481664
 0.85235054 0.84966741 0.84676814 0.8459678  0.84493312 0.84396053
 0.84372846 0.83970754 0.80226145 0.80144321 0.79822058 0.79793087
 0.79754154 0.79584857 0.79432195 0.79241463 0.78998578 0.7874913
 0.7847265  0.78465978 0.78470547 0.78446661 0.78399867 0.78333971
 0.7820934  0.78038786 0.77861944 0.77653616 0.77433987 0.77177429
 0.76900889 0.76623633 0.76304166 0.75967995 0.75991126 0.75984714
 0.75974288 0.75935321 0.75852246 0.75746502 0.75616374 0.75490288
 0.7535762  0.75180552 0.75001391 0.74805078 0.74586083 0.7432818
 0.74071327 0.73782461 0.73808407 0.73791767 0.73766787 0.73724704
 0.73680791 0.73633564 0.7353178  0.73387851 0.73235535 0.73057365
 0.72876892 0.72687718 0.72468444 0.72212281 0.71918542 0.71593575
 0.71556701 0.71501673 0.71435146 0.71354105 0.71267969 0.71194699
 0.71079259 0.70924177 0.7075099  0.70537749 0.70310934 0.70067506
 0.69778795 0.69452462 0.69095042 0.69057659 0.68991169 0.68893258
 0.68778422 0.6865048  0.68543759 0.68470737 0.68364296 0.68248249
 0.68118708 0.67937272 0.67714949 0.67479583 0.67202553 0.66916931
 0.66587629 0.66491989 0.66380259 0.66254176 0.66126568 0.65982652
 0.65840345 0.65750105 0.65658749 0.65584079 0.65447358 0.65239479
 0.6505338  0.64896788 0.6469094  0.64441579 0.64129893 0.64033853
 0.63914501 0.6376393  0.63595237 0.63395373 0.63224645 0.6307941
 0.62939256 0.62815018 0.62699784 0.6258241  0.62445927 0.62288187
 0.62074822 0.61812934 0.61788828 0.61673412 0.61514559 0.61368621
 0.61178346 0.60931564 0.60897851 0.60588443 0.57906791 0.5777359
 0.57568367 0.57515336 0.57404764 0.57194287 0.5698282  0.56778672
 0.56763369 0.56730442 0.56668888 0.56589371 0.56503815 0.56401946
 0.56291535 0.56165516 0.55996355 0.55784256 0.55564368 0.55346201
 0.55113633 0.54844025 0.54558522 0.54543687 0.54483263 0.54396184
 0.54289654 0.54173183 0.54090063 0.53994018 0.53876594 0.53726892
 0.53581198 0.53443271 0.53307421 0.53135593 0.52934205 0.52704208
 0.52458404 0.52426124 0.52367287 0.52286255 0.52192914 0.52085908
 0.51975386 0.51866663 0.51766859 0.51673451 0.51552636 0.51422218
 0.51285152 0.5113092  0.50942686 0.50726476 0.50485807 0.50438679
 0.50329145 0.50183606 0.50012878 0.49852881 0.49694498 0.49575386
 0.49464001 0.4937405  0.49281382 0.49178325 0.49049445 0.48881008
 0.48662957 0.48397595 0.48312157 0.48207512 0.48057507 0.47914069
 0.47756871 0.47612061 0.47464591 0.47324823 0.47224213 0.4715002
 0.4704576  0.46920942 0.4676814  0.4658524  0.46370819 0.46141622
 0.46093709 0.46031278 0.45940346 0.45847747 0.45732574 0.45607323
 0.45483673 0.45353267 0.45230703 0.45120882 0.45008962 0.44905382
 0.44763588 0.44596317 0.44439859 0.44294017 0.44311695 0.44305062
 0.44254709 0.44175225 0.44068087 0.43949422 0.43816163 0.43641316
 0.43478221 0.43339578 0.43210237 0.43097909 0.42988408 0.42880323
 0.42751887 0.4279586  0.4280603  0.42790824 0.42763039 0.42720035
 0.42656788 0.42589802 0.42467668 0.42246892 0.42111483 0.42025098
 0.37502086 0.3728937  0.37325642 0.37213149 0.37001633 0.369966
 0.36935736 0.36850372 0.36796503 0.36705896 0.36611515 0.36521918
 0.36391106 0.36233814 0.360759   0.35912422 0.3575942  0.35597925
 0.35394975 0.35213369 0.35028066 0.35000609 0.34931806 0.34834703
 0.34738293 0.34669776 0.34526078 0.34344051 0.3418689  0.34048513
 0.33939175 0.33797996 0.33663925 0.33492062 0.33299471 0.33108698
 0.33054384 0.32975513 0.32881832 0.32779935 0.32656212 0.32533198
 0.32386929 0.32255245 0.32109443 0.31951715 0.31805898 0.31669322
 0.31550963 0.31463404 0.31353522 0.31245357 0.31272831 0.31252973
 0.31221751 0.31172057 0.31063323 0.30893302 0.3067171  0.30474456
 0.30293281 0.30177284 0.30088405 0.30012054 0.29961904 0.29919209
 0.29828842 0.29721706 0.29763966 0.29746097 0.29701829 0.29655521
 0.29565823 0.2942705  0.29267843 0.29142579 0.29031854 0.28937516
 0.2885607  0.28759272 0.28688924 0.28632534 0.28554668 0.28683646
 0.2876371  0.28773426 0.28772205 0.28752468 0.28727432 0.28702572
 0.28645831 0.28588835 0.2852925  0.28490992 0.28443424 0.28341377
 0.2827184  0.2822196  0.28177154 0.28302029 0.2842338  0.28514737
 0.28598975 0.28661285 0.28705371 0.28713988 0.28693058 0.28664531
 0.28603286 0.28486615 0.28328239 0.2818169  0.28095852 0.28083927
 0.28096144 0.28283878 0.28479198 0.28648054 0.2878124  0.28863958
 0.28918948 0.29021282 0.29080746 0.29042279 0.28902974 0.28625083
 0.28292288 0.28448601 0.25009773 0.24877002 0.25219135 0.25280086
 0.25234904 0.25276052 0.25248641 0.25199154 0.25218246 0.25187269
 0.25174275 0.25188186 0.25158109 0.25076165 0.24976971 0.24872374
 0.248089   0.24758034 0.24777007 0.24821505 0.2485952  0.24892553
 0.24900439 0.2487672  0.24862674 0.24875355 0.24825868 0.24735383
 0.24687691 0.24645395 0.24645823 0.24622949 0.24610681 0.24559113
 0.24588831 0.24610487 0.24612477 0.24593354 0.24570691 0.2454981
 0.2448243  0.24396107 0.24290699 0.24203595 0.2412073  0.24037038
 0.23981134 0.23952393 0.23916591 0.24006096 0.24085366 0.24178606
 0.24245722 0.24280122 0.24296294 0.24289488 0.24201741 0.2403197
 0.23807331 0.23612735 0.23449066 0.23364265 0.23320496 0.23332895
 0.23373235 0.23507633 0.23595669 0.23656802 0.23672546 0.23629639
 0.23538557 0.23435172 0.23276693 0.23084796 0.22873641 0.22701858
 0.22553189 0.22437852 0.22389012 0.22385107 0.22409204 0.22560509
 0.22703338 0.22798521 0.22812502 0.22736192 0.22640351 0.22530442
 0.22386168 0.22222949 0.2201901  0.21801349 0.21595409 0.21422431
 0.21250898 0.21088873 0.21128752 0.21257335 0.21368453 0.21422063
 0.2152629  0.21639887 0.21719951 0.21734284 0.21655506 0.21504473
 0.21306083 0.21082288 0.20817419 0.20483045 0.20149824 0.19892033
 0.19862456 0.19972387 0.20148358 0.20376188 0.20631431 0.20885494
 0.21078759 0.21192596 0.21231885 0.21228596 0.21126711 0.20928653
 0.20560267 0.20023901 0.19631081 0.19532053]","[0.00330464 0.00229295 0.00199317 0.00175639 0.00156131 0.00147507
 0.00139355 0.00130163 0.00120336 0.00116774 0.00135706 0.00171915
 0.0021938  0.00176479 0.00159049 0.00160954 0.00164579 0.00170345
 0.0017525  0.00174406 0.00171644 0.00158111 0.00144727 0.00138922
 0.00127132 0.00129389 0.00154897 0.00206935 0.0027433  0.00212119
 0.00168857 0.00148877 0.00147925 0.00157899 0.00172111 0.0017431
 0.00173382 0.00158045 0.00141434 0.0013347  0.00124919 0.0013384
 0.00165533 0.00229544 0.00314586 0.00247929 0.00191629 0.00146423
 0.00126774 0.001184   0.00123536 0.00121685 0.00124084 0.00118693
 0.00113432 0.00117276 0.00130498 0.0016313  0.00211198 0.00284054
 0.00211298 0.00156796 0.00117955 0.00107875 0.00117826 0.001261
 0.00138425 0.00143566 0.00148701 0.00149961 0.00148224 0.00148803
 0.00148294 0.0015485  0.00178529 0.00231174 0.00177713 0.00143453
 0.00127085 0.00124647 0.00129394 0.0013029  0.00140808 0.0014667
 0.00148359 0.00138223 0.00124458 0.00114575 0.00115784 0.00140662
 0.00185387 0.00255334 0.00199154 0.0015329  0.00127361 0.00113131
 0.0011819  0.00109593 0.00117886 0.00120997 0.0011991  0.0011173
 0.00112139 0.00127377 0.00162944 0.00213975 0.00278746 0.00211455
 0.00157181 0.00121548 0.00111135 0.00113212 0.00129667 0.00147398
 0.00162664 0.00167611 0.00162249 0.00158605 0.00147929 0.00137905
 0.00139373 0.00166299 0.00220341 0.00161659 0.00150495 0.00173266
 0.00232065 0.0034147  0.01503663 0.01424002 0.01471081 0.01444455
 0.01439843 0.0146123  0.01475392 0.01509084 0.01547831 0.01587683
 0.01630976 0.01593019 0.01556073 0.01537044 0.01534176 0.01542894
 0.01555267 0.01564782 0.0157688  0.01612416 0.01653168 0.017048
 0.01760027 0.01827278 0.01902844 0.01994158 0.01941433 0.01909626
 0.01888783 0.01881739 0.01878334 0.01876705 0.01888712 0.01904759
 0.01924263 0.01959057 0.0199242  0.02031874 0.02076246 0.02133793
 0.02194265 0.02270367 0.02210373 0.02175091 0.02147536 0.02130734
 0.02118384 0.02108891 0.02115214 0.02131238 0.02151439 0.0218249
 0.02216017 0.02251982 0.02301331 0.02357486 0.02417554 0.02485909
 0.02437925 0.02405053 0.02378022 0.02362766 0.02353597 0.02345648
 0.02354863 0.02377838 0.02403688 0.02438238 0.02474546 0.02513321
 0.02566259 0.02627489 0.02691424 0.02647839 0.02617356 0.02604531
 0.02596063 0.02594313 0.02600026 0.02608743 0.02627855 0.02649057
 0.02670044 0.02702563 0.02740217 0.02780116 0.02832515 0.02885907
 0.02948766 0.02926029 0.02902212 0.02887203 0.02873171 0.02869178
 0.02876128 0.02876058 0.02883495 0.02900393 0.02918773 0.02949412
 0.02981684 0.03013289 0.03059484 0.03110529 0.03174125 0.03149405
 0.03131401 0.03120825 0.03113771 0.03112326 0.03121055 0.03138609
 0.03158125 0.03178101 0.0320039  0.03225086 0.03261061 0.03298864
 0.03350441 0.03406281 0.03370307 0.0334373  0.03330715 0.0332729
 0.03324647 0.03304428 0.03252159 0.03359471 0.04260192 0.042569
 0.04339953 0.04356339 0.0437537  0.04422731 0.04463041 0.04514417
 0.04497597 0.04481443 0.04472993 0.04475872 0.04475925 0.04482896
 0.04502996 0.04529848 0.04565442 0.04607358 0.04651865 0.04707998
 0.04767438 0.0483338  0.04908612 0.04895945 0.04889557 0.04891282
 0.04896655 0.04907389 0.04925512 0.04949826 0.04980953 0.05012476
 0.05053468 0.05098454 0.05145461 0.05196335 0.05248297 0.05306425
 0.053707   0.05351712 0.05332895 0.0532179  0.05315253 0.05319689
 0.05328342 0.05342011 0.05361501 0.05384275 0.05418069 0.05461307
 0.05507316 0.05556021 0.05607056 0.05658277 0.0572144  0.05703256
 0.05687617 0.05678132 0.05674371 0.05677121 0.05683843 0.05697502
 0.05717225 0.05739119 0.05772982 0.05819575 0.05869178 0.05921867
 0.05978492 0.0603599  0.0602139  0.06010924 0.06001707 0.05993796
 0.05994604 0.06005222 0.06020201 0.06038643 0.06062567 0.06087257
 0.06122182 0.06166156 0.06213652 0.06265848 0.06320178 0.06375094
 0.06365198 0.06355657 0.06349118 0.06342648 0.06339126 0.06344993
 0.06353273 0.06369155 0.06391522 0.0640958  0.06435701 0.06472329
 0.0651268  0.06559819 0.06611767 0.0666355  0.06649027 0.06637466
 0.06629805 0.06622739 0.06620361 0.06625793 0.06634364 0.06648008
 0.06668503 0.0669495  0.06729703 0.06769801 0.06814707 0.06863636
 0.06923045 0.06905804 0.06897413 0.06887613 0.06879454 0.06870763
 0.06864104 0.06852294 0.06844275 0.06834022 0.06818513 0.06886521
 0.07786766 0.07819295 0.07873966 0.07918095 0.07960866 0.07929006
 0.07901527 0.07886944 0.07879873 0.07875422 0.07877188 0.07886966
 0.07898214 0.07913247 0.07939004 0.07971132 0.08008995 0.08050183
 0.08098356 0.08152728 0.08210595 0.08188368 0.08178994 0.08174557
 0.08171656 0.08171058 0.08180205 0.08194588 0.08221638 0.08255131
 0.08295705 0.08338694 0.08390163 0.08448309 0.08512946 0.08577116
 0.0855114  0.0853105  0.08516315 0.08506522 0.08500512 0.0849895
 0.08504861 0.08517946 0.0853669  0.08562143 0.08595453 0.08634923
 0.08678936 0.08729278 0.0878658  0.08847493 0.08825148 0.08806525
 0.08796146 0.08788319 0.08778587 0.08772055 0.08773214 0.08782931
 0.08797276 0.08818079 0.08844924 0.08878487 0.08920037 0.08970302
 0.09025497 0.09082376 0.09058318 0.0903687  0.09021141 0.0900925
 0.09000475 0.09000191 0.09008045 0.0902341  0.09044281 0.09070463
 0.09105782 0.09147851 0.09196199 0.09252439 0.09314038 0.09290474
 0.09268659 0.09250855 0.09239761 0.0923228  0.09226984 0.09224605
 0.09228421 0.09240688 0.09256849 0.09275758 0.09301899 0.09333506
 0.09373025 0.09423763 0.09475849 0.09456546 0.09443143 0.09433532
 0.09429868 0.09429438 0.09429084 0.09431083 0.09436749 0.09449587
 0.09467038 0.09490133 0.0952164  0.09560744 0.09605896 0.0965528
 0.09709687 0.09693793 0.09685579 0.09684321 0.09690461 0.09699221
 0.09711286 0.09717901 0.09727112 0.09739472 0.09757359 0.09779489
 0.09816672 0.09858739 0.10852694 0.10902883 0.10874521 0.1086885
 0.10867914 0.10857892 0.10855675 0.10862475 0.10867726 0.10876674
 0.10889202 0.10907581 0.10930946 0.10960159 0.10999325 0.11043577
 0.11086666 0.11127707 0.11105286 0.11090898 0.11083035 0.11075133
 0.11075723 0.11082429 0.11086121 0.11091413 0.11100786 0.11114724
 0.11140559 0.11172478 0.11206638 0.11242402 0.11285033 0.11334837
 0.11315461 0.112965   0.11282073 0.1127244  0.11267683 0.11267706
 0.1127274  0.11281851 0.1129705  0.11318009 0.11345351 0.11379819
 0.11421555 0.1146983  0.11521071 0.11499041 0.11483264 0.11472205
 0.11465875 0.11463853 0.11467452 0.11473686 0.1147691  0.11481949
 0.1149332  0.11512736 0.11537866 0.11569733 0.11607419 0.11651101
 0.1169973  0.11681673 0.11666891 0.11655469 0.11645838 0.11637581
 0.11631993 0.11631696 0.11633911 0.1164148  0.11653888 0.11672704
 0.11697464 0.11728289 0.11765985 0.11809565 0.11858225 0.1184006
 0.11826533 0.11816535 0.11807901 0.11803743 0.11801699 0.11801897
 0.11804335 0.11809178 0.11819527 0.11838455 0.11863724 0.11894217
 0.1193166  0.11973346 0.1194821  0.11934153 0.11922361 0.11914572
 0.11907206 0.11901068 0.11899404 0.11901299 0.11905838 0.11914409
 0.11927009 0.11945792 0.11970418 0.12001165 0.1203857  0.12081519
 0.12058326 0.12039161 0.12024633 0.12014129 0.12010475 0.12013901
 0.12024251 0.12036502 0.12051391 0.12060053 0.12069414 0.12079275
 0.120946   0.12115308 0.12145676 0.12203656]","[0.01675121 0.01684019 0.01700474 0.01706416 0.01713181 0.01716403
 0.01715711 0.01727232 0.01734655 0.01748335 0.01764499 0.01792081
 0.01815791 0.0180881  0.01814761 0.01828484 0.01847258 0.01868063
 0.01894865 0.01929867 0.01967891 0.02006134 0.02051459 0.02098892
 0.02146333 0.02197879 0.02253564 0.02316603 0.02381584 0.02377872
 0.02381284 0.02388084 0.0240208  0.02419512 0.02439386 0.0246364
 0.02490629 0.02524718 0.02562049 0.02603778 0.02645479 0.02689926
 0.02737967 0.0279725  0.02859442 0.02844547 0.02836384 0.02834941
 0.02842852 0.0285735  0.02876188 0.02900148 0.0292786  0.02959638
 0.02997375 0.03039908 0.03084142 0.03134045 0.03188456 0.03252547
 0.03247853 0.03250566 0.03259302 0.03273188 0.03295501 0.03324099
 0.03355542 0.03392378 0.03431818 0.0347445  0.03523105 0.03577236
 0.03633601 0.03693428 0.03758058 0.03832162 0.03842655 0.03858579
 0.03880519 0.03908317 0.03943144 0.03982508 0.04023224 0.04071199
 0.04123078 0.04179007 0.04242459 0.0430879  0.0438071  0.04456735
 0.04533672 0.0461607  0.04622043 0.04633612 0.04651764 0.04671025
 0.04696705 0.04730992 0.04769025 0.0481747  0.04868133 0.04920432
 0.04979495 0.05043507 0.05116657 0.05194847 0.052774   0.05288485
 0.05304057 0.05324846 0.05350005 0.05378043 0.05407583 0.05438289
 0.05471658 0.05508053 0.05551042 0.05597981 0.05652331 0.057091
 0.05768575 0.05833341 0.0590333  0.05911053 0.05924914 0.0593924
 0.05941183 0.0601641  0.06683486 0.06700462 0.06759801 0.06771831
 0.06787526 0.06827046 0.06865753 0.06912786 0.06970454 0.07031154
 0.07098271 0.07094375 0.07091582 0.07096431 0.07108009 0.07125687
 0.07155977 0.07196749 0.07241496 0.07294342 0.07351988 0.07418607
 0.07491431 0.07567343 0.07653062 0.07744456 0.07739821 0.07742812
 0.07749312 0.07763278 0.07787219 0.07817677 0.07854928 0.07894392
 0.07937782 0.07991189 0.080478   0.08110039 0.08178797 0.08256683
 0.08337269 0.08425872 0.0841942  0.08422333 0.08429109 0.08441155
 0.08456018 0.08473936 0.08503142 0.08541638 0.08583999 0.08633027
 0.08684948 0.08740791 0.0880398  0.08875592 0.08955728 0.0904336
 0.09044619 0.09051325 0.09062422 0.0907839  0.09097739 0.09117633
 0.09146782 0.09184778 0.09228211 0.09280539 0.09337579 0.09399812
 0.09471732 0.09552115 0.09639922 0.09640182 0.09647292 0.09661603
 0.09680855 0.09704457 0.09727103 0.09746883 0.09774179 0.09805308
 0.09840873 0.09886796 0.09941364 0.10000283 0.10067947 0.1013927
 0.10219623 0.10226602 0.1023835  0.10254602 0.10273416 0.1029704
 0.10322769 0.10342999 0.10365782 0.10388433 0.10422836 0.10470348
 0.10516957 0.10561518 0.10615882 0.10679175 0.10754206 0.10750835
 0.10753448 0.10763209 0.10778162 0.10800232 0.10820529 0.10839648
 0.1086062  0.10881881 0.10904462 0.10930002 0.10960984 0.1099772
 0.11045216 0.11102418 0.11082533 0.11078133 0.11082217 0.11086656
 0.11099682 0.11122984 0.1111823  0.11154933 0.11523227 0.11538956
 0.11566956 0.11576669 0.11596707 0.11632816 0.11671522 0.11711714
 0.11688221 0.11669915 0.11658281 0.11651879 0.11649117 0.1165138
 0.11657639 0.11668842 0.11688654 0.11717029 0.11749302 0.1178423
 0.11823957 0.11871465 0.11923968 0.11903978 0.11892323 0.11886512
 0.118856   0.11888355 0.11889178 0.11894089 0.11904184 0.11920864
 0.11939455 0.11959487 0.11981706 0.12010997 0.12046531 0.12088181
 0.12134309 0.12118396 0.12108116 0.1210291  0.12101523 0.12104131
 0.12109458 0.12116845 0.12125412 0.12135488 0.12151323 0.12170685
 0.12193206 0.12220207 0.12253791 0.122932   0.12337991 0.12321539
 0.12315252 0.12315823 0.12321904 0.12329074 0.12338481 0.12345536
 0.12354135 0.1236262  0.12373955 0.12389081 0.12409879 0.12438021
 0.12474721 0.12519686 0.12505591 0.12495979 0.12493996 0.12493387
 0.12496607 0.12500544 0.12507017 0.12514808 0.12520207 0.12524754
 0.12535152 0.12550275 0.12570998 0.12597567 0.12630146 0.12666758
 0.12646486 0.12630263 0.12619725 0.12611742 0.12608757 0.12609321
 0.12612093 0.12618052 0.12625527 0.1263397  0.12645103 0.12657735
 0.12677219 0.12702088 0.12728185 0.12755542 0.12726229 0.12702514
 0.12686606 0.12676836 0.12673032 0.1267337  0.12678207 0.12690588
 0.12704511 0.12718572 0.12734493 0.12751423 0.12770959 0.12793264
 0.12820777 0.12790691 0.12766965 0.12748655 0.12734336 0.12724306
 0.12719127 0.12716974 0.1272354  0.1274361  0.12756868 0.12767364
 0.13259821 0.13288907 0.13294356 0.13318333 0.13355567 0.13328646
 0.13310509 0.13297835 0.13284744 0.13278429 0.13275433 0.13274875
 0.13281574 0.13293986 0.13309423 0.13328408 0.13349285 0.13374032
 0.13406075 0.13438899 0.13475106 0.13447645 0.13427962 0.1341471
 0.13404915 0.13395814 0.1339799  0.13407657 0.13418371 0.13430782
 0.13443866 0.13463828 0.13486711 0.13517083 0.13553209 0.13592801
 0.13571187 0.1355503  0.1354335  0.13535493 0.13532841 0.13533139
 0.13538804 0.13546058 0.13557784 0.13573773 0.13591654 0.13611705
 0.13633038 0.13654402 0.13681086 0.13710693 0.1367855  0.13654036
 0.13633576 0.13617883 0.1361097  0.13613039 0.13623115 0.13633743
 0.13645763 0.13654401 0.13663405 0.1367421  0.13685485 0.13699061
 0.13720322 0.1374625  0.13714367 0.1369196  0.13675737 0.13663338
 0.13658789 0.13662637 0.1367211  0.13681966 0.136941   0.13708344
 0.1372504  0.13746911 0.13769921 0.13795265 0.13826356 0.13793962
 0.13769456 0.13754905 0.13744568 0.13739181 0.13737472 0.13738919
 0.13746611 0.13757503 0.1377182  0.13787254 0.13806753 0.13834672
 0.13862611 0.13891795 0.13923615 0.13896956 0.13873846 0.13856853
 0.13843758 0.13835996 0.13833206 0.13837061 0.13846985 0.13860847
 0.13881084 0.13909904 0.13945975 0.13984088 0.1401947  0.14050793
 0.1408287  0.1405131  0.14022285 0.13999126 0.13982736 0.1397457
 0.13972394 0.13968823 0.13972719 0.13989514 0.14019506 0.1406642
 0.14122    0.14132619 0.1449816  0.14544188 0.14496214 0.14478473
 0.14474001 0.14464164 0.14463957 0.14468883 0.14470173 0.14479305
 0.14489691 0.14500459 0.14518472 0.14544498 0.14575179 0.14609359
 0.14642503 0.14677362 0.14660663 0.14644482 0.14631946 0.14622911
 0.14619341 0.14621864 0.14626463 0.14631477 0.14645559 0.14666648
 0.14686578 0.14708984 0.14730207 0.14756681 0.14785078 0.1482028
 0.14803065 0.14790094 0.1478251  0.14780456 0.14782213 0.14787261
 0.1480033  0.14818722 0.14842448 0.14867842 0.14896276 0.14928237
 0.149609   0.149943   0.15031783 0.15007003 0.14986186 0.14966946
 0.1495324  0.14945721 0.14942957 0.14945418 0.14958824 0.14983278
 0.15016094 0.15048906 0.15081634 0.1510955  0.15136367 0.15160562
 0.15184888 0.15153075 0.15129    0.15110733 0.15100105 0.15098424
 0.1510465  0.1511524  0.15134418 0.15160042 0.15190718 0.15220678
 0.15251527 0.15282258 0.15309589 0.15335618 0.15361983 0.15324659
 0.15291762 0.1526717  0.15254195 0.15253728 0.15258774 0.152688
 0.1528581  0.15308287 0.15338376 0.15373423 0.1541093  0.15448813
 0.15490167 0.15534191 0.15503218 0.15466603 0.15434798 0.15411733
 0.15386803 0.15364061 0.15347713 0.15340916 0.15346348 0.15361957
 0.15385298 0.15414224 0.15450264 0.15496188 0.15545105 0.155898
 0.15560332 0.15520567 0.15477686 0.15433079 0.15389119 0.15348571
 0.15317217 0.15296869 0.15287055 0.1528467  0.15295148 0.15318242
 0.15361105 0.15423439 0.15475178 0.15501936]","(array([[7.30042178e-01, 6.84741763e-01, 6.39441349e-01, ...,
        1.95249458e-06, 1.96612537e-06, 1.97975617e-06],
       [5.64053665e-01, 5.27962143e-01, 4.91870621e-01, ...,
        8.15302906e-06, 7.17702960e-06, 6.20103014e-06],
       [9.23409898e-01, 8.66195762e-01, 8.08981626e-01, ...,
        2.64619657e-06, 2.68996276e-06, 2.73372894e-06],
       ...,
       [8.17485801e-02, 7.70459346e-02, 7.23432890e-02, ...,
        3.20593530e-06, 3.20600709e-06, 3.20607888e-06],
       [7.95382529e-02, 7.44374341e-02, 6.93366152e-02, ...,
        3.24802258e-06, 3.24425044e-06, 3.24047829e-06],
       [6.15882122e-01, 5.76576399e-01, 5.37270676e-01, ...,
        1.35362828e-06, 1.36564155e-06, 1.37765482e-06]]), array([[0.73004218, 0.68474176, 0.63944135, ..., 0.10881328, 0.10698373,
        0.10655675],
       [0.56405366, 0.52796214, 0.49187062, ..., 0.05831376, 0.05562842,
        0.05634106],
       [0.9234099 , 0.86619576, 0.80898163, ..., 0.10274909, 0.10224221,
        0.10164184],
       ...,
       [0.08174858, 0.07704593, 0.07234329, ..., 0.07167805, 0.07112611,
        0.07101212],
       [0.07953825, 0.07443743, 0.06933662, ..., 0.06783054, 0.06327789,
        0.06172638],
       [0.61588212, 0.5765764 , 0.53727068, ..., 0.08006601, 0.07949939,
        0.08072174]]))","(array([[9.75671041e-02, 9.15647712e-02, 8.55624382e-02, ...,
        3.90208490e-01, 3.90992868e-01, 3.91777247e-01],
       [7.71866610e-01, 7.22466919e-01, 6.73067229e-01, ...,
        6.55819518e-02, 6.49998411e-02, 6.44177305e-02],
       [2.71828658e-01, 2.55207017e-01, 2.38585376e-01, ...,
        2.42682405e-04, 2.49146639e-04, 2.55610873e-04],
       ...,
       [7.35967675e-01, 6.91356929e-01, 6.46746183e-01, ...,
        9.25960422e-06, 9.20685498e-06, 9.15410575e-06],
       [9.72531501e-01, 9.09575813e-01, 8.46620126e-01, ...,
        7.09212494e-01, 7.09386585e-01, 7.09560675e-01],
       [7.63105903e-01, 7.13938553e-01, 6.64771202e-01, ...,
        9.33863875e-03, 9.71032500e-03, 1.00820112e-02]]), array([[0.0975671 , 0.09156477, 0.08556244, ..., 0.310436  , 0.3094675 ,
        0.30331253],
       [0.77186661, 0.72246692, 0.67306723, ..., 0.12283971, 0.12461317,
        0.1230741 ],
       [0.27182866, 0.25520702, 0.23858538, ..., 0.02647228, 0.02735838,
        0.02751865],
       ...,
       [0.73596767, 0.69135693, 0.64674618, ..., 0.00143429, 0.00144834,
        0.00144135],
       [0.9725315 , 0.90957581, 0.84662013, ..., 0.58453184, 0.58623501,
        0.57741259],
       [0.7631059 , 0.71393855, 0.6647712 , ..., 0.07885324, 0.07973983,
        0.07939071]]))"
13,future_outlook,zz294_VAE_saved_sims_dgLV_I5_dgLV_B92_T8_fixed,8,future_outlook_4000_raw_latent_2025-02-03T21:54.npz,4000,raw,latent,"(4000, 8, 768)","(2000, 8, 768)","[0.99770648 0.99890705 0.99918327 0.99937335 0.99951112 0.99956953
 0.99962127 0.99967453 0.99972618 0.99974635 0.99966323 0.99946899
 0.99915088 0.99945756 0.99956565 0.99956201 0.99954964 0.99952603
 0.99950771 0.99952202 0.99954655 0.99962346 0.99969151 0.99972227
 0.99977289 0.99977043 0.99967911 0.99944172 0.99904402 0.99943832
 0.99965062 0.99973371 0.9997425  0.9997129  0.99966651 0.99966584
 0.99967727 0.99973842 0.99979578 0.99982279 0.99984883 0.99983107
 0.99974855 0.99952967 0.99914097 0.99947431 0.99969085 0.99982246
 0.99986919 0.99988793 0.99988025 0.99988603 0.99988381 0.99989583
 0.99990682 0.99990249 0.99988186 0.99981941 0.99970402 0.99947664
 0.99971312 0.99984358 0.9999124  0.99992752 0.99991451 0.99990323
 0.99988481 0.99987765 0.99987045 0.99987    0.99987473 0.99987552
 0.99987815 0.99986909 0.99982859 0.99971696 0.9998337  0.9998923
 0.99991603 0.99991979 0.9999142  0.99991368 0.99990001 0.99989243
 0.99989091 0.99990618 0.99992466 0.99993678 0.9999361  0.99990668
 0.99983965 0.99969919 0.99981729 0.99989198 0.99992562 0.99994148
 0.99993634 0.99994547 0.99993717 0.99993412 0.99993562 0.99994441
 0.99994433 0.99992862 0.99988397 0.99980131 0.9996653  0.99980695
 0.99989314 0.99993601 0.99994646 0.99994441 0.99992708 0.99990582
 0.99988542 0.99987852 0.99988638 0.99989168 0.99990604 0.99991861
 0.99991718 0.99988258 0.99979482 0.99988922 0.99990376 0.99987221
 0.99977051 0.99950289 0.99520733 0.99590066 0.9956195  0.9957972
 0.99580822 0.99565236 0.99556116 0.99531601 0.99504921 0.99473961
 0.9943805  0.99475663 0.99507615 0.99522174 0.99524253 0.99515484
 0.99509538 0.99508595 0.99508117 0.99487749 0.99463052 0.99429515
 0.99393016 0.99340786 0.99280272 0.99198204 0.9926272  0.99299562
 0.99323984 0.99334457 0.9934184  0.9934683  0.99340843 0.99331852
 0.99319741 0.99292793 0.99267727 0.99237574 0.99201791 0.99151365
 0.99097423 0.99024796 0.99093625 0.99132117 0.99160888 0.99178285
 0.99190849 0.99199734 0.99195641 0.99185249 0.99171574 0.99146885
 0.99120364 0.99091181 0.99049068 0.98999406 0.98943955 0.98876253
 0.98935406 0.98973766 0.99004664 0.9902244  0.99034424 0.99044499
 0.99038862 0.9902137  0.99001546 0.98972065 0.98941684 0.98908467
 0.98859974 0.98800882 0.98736389 0.9879385  0.988337   0.98851459
 0.98864413 0.98870019 0.98866762 0.9885918  0.98842741 0.98827493
 0.98814227 0.98787832 0.98755084 0.98718508 0.98666611 0.98612291
 0.98545015 0.98576701 0.98609865 0.98631564 0.98651813 0.98659733
 0.9865442  0.98657614 0.98654025 0.9863813  0.98625464 0.98599468
 0.98570807 0.98541485 0.98493001 0.98437137 0.98363152 0.98397796
 0.98423365 0.98439133 0.98450733 0.98456539 0.98446071 0.98420393
 0.98393926 0.98368157 0.98341164 0.98312127 0.98269978 0.98229043
 0.98168199 0.98097989 0.98152918 0.98193513 0.98212401 0.98210409
 0.98212046 0.98239459 0.98304275 0.98157417 0.95492679 0.95533065
 0.95387813 0.95321488 0.95230646 0.95117466 0.94994117 0.94825857
 0.9479058  0.94757778 0.94709449 0.94638246 0.94570185 0.94490545
 0.94372117 0.94243839 0.94094453 0.93931876 0.93743002 0.93537634
 0.93328033 0.93111463 0.92849332 0.92786625 0.92716761 0.9264695
 0.92540542 0.92427309 0.92289318 0.92144401 0.91983839 0.91821869
 0.91635921 0.91436036 0.91224989 0.91030932 0.90831411 0.90611075
 0.90377498 0.90350621 0.90324689 0.90287241 0.90224722 0.90141732
 0.90047895 0.89945193 0.89821046 0.89687088 0.89541155 0.89382882
 0.89205566 0.89033067 0.88847554 0.8865589  0.88437796 0.88434285
 0.88434856 0.88418248 0.88375283 0.88316792 0.88247894 0.88164892
 0.88052277 0.87919107 0.87766958 0.87593204 0.87400172 0.8721251
 0.87009126 0.86803539 0.8680692  0.8680437  0.86809974 0.86794782
 0.86751452 0.86684581 0.86606091 0.86518214 0.86392982 0.86243751
 0.86082434 0.85906456 0.85712973 0.85522252 0.85330422 0.85139751
 0.85152375 0.85151799 0.85157316 0.85162095 0.85152701 0.85108808
 0.85035144 0.84939875 0.84805903 0.84655055 0.84479936 0.84292698
 0.84101109 0.83920213 0.83690723 0.83426393 0.83377547 0.83339228
 0.83324487 0.83323407 0.83303305 0.83256231 0.83185855 0.83096795
 0.82958152 0.82792052 0.82590706 0.82371569 0.82117987 0.81840785
 0.81519892 0.81403811 0.81258734 0.81124013 0.81017664 0.81001183
 0.80983864 0.80958285 0.80938078 0.80904281 0.80820591 0.80700453
 0.71817945 0.71532818 0.71422093 0.70962959 0.70474295 0.7035819
 0.70109047 0.6975088  0.69454414 0.69144678 0.6882019  0.68494779
 0.68130419 0.677671   0.67353716 0.66925014 0.66478011 0.66020504
 0.65470583 0.64986092 0.64518431 0.64289983 0.63948047 0.63625984
 0.63331763 0.63098712 0.62722498 0.62339298 0.61924694 0.61532901
 0.61128377 0.60688256 0.60245205 0.59755657 0.59225948 0.58798013
 0.58572437 0.58304094 0.58031617 0.57785076 0.57497929 0.57232844
 0.56897472 0.56603971 0.56294397 0.55956369 0.55559866 0.55133256
 0.54798059 0.5451734  0.5417258  0.53851766 0.53714935 0.53533393
 0.53364231 0.53213862 0.53097453 0.52970731 0.52791848 0.5260503
 0.52414209 0.52215269 0.51966359 0.51635626 0.51361459 0.51139401
 0.50879875 0.5066945  0.50644562 0.50589283 0.50582648 0.50613694
 0.50643349 0.5054345  0.5043403  0.50369501 0.50319596 0.50264569
 0.5011102  0.49855245 0.49671427 0.49509416 0.49312732 0.49388364
 0.49468974 0.49517286 0.49605675 0.49659167 0.49758081 0.4982036
 0.49834471 0.49847088 0.49807771 0.49789797 0.49713911 0.49485572
 0.4926734  0.49069522 0.48917534 0.49054224 0.49094452 0.49022266
 0.49020341 0.49047755 0.49169688 0.49295888 0.49422901 0.49558709
 0.49666178 0.49761041 0.49746091 0.49633773 0.49509491 0.49384739
 0.49241412 0.49278542 0.49320601 0.49340411 0.49364959 0.493646
 0.49372846 0.49541531 0.4970963  0.49731535 0.49776095 0.49769464
 0.49356264 0.49979498 0.33888765 0.33431089 0.34153666 0.3373033
 0.33138875 0.33030477 0.32644499 0.32156597 0.31931155 0.31640196
 0.31389863 0.31196164 0.3089458  0.3054996  0.3017141  0.29787013
 0.29487529 0.29248877 0.28947546 0.28757387 0.28573298 0.28492888
 0.2831247  0.28125461 0.28055917 0.28097927 0.28008794 0.27906696
 0.27792429 0.27711431 0.27682705 0.2760547  0.27594993 0.27523233
 0.27504857 0.27583081 0.27618804 0.27597562 0.27599902 0.27624773
 0.27566922 0.27562988 0.27501812 0.27527688 0.27539293 0.27525909
 0.2746921  0.27350642 0.27364946 0.27540087 0.2764635  0.27767655
 0.27865289 0.27892769 0.2798284  0.28083297 0.28226823 0.28340901
 0.28395929 0.28416586 0.28448036 0.28491767 0.28499431 0.28359669
 0.28288115 0.28364241 0.28392914 0.28477157 0.28547209 0.28580255
 0.28703685 0.28884759 0.29073523 0.2908275  0.2908995  0.2914369
 0.29217821 0.29289015 0.2924121  0.29040717 0.28947605 0.28990054
 0.2899839  0.29069226 0.29132675 0.29136708 0.29195631 0.29205909
 0.29285664 0.29323902 0.29313988 0.29315294 0.29262563 0.29265041
 0.29207478 0.28928702 0.28769226 0.28625647 0.28559671 0.28601926
 0.28506063 0.28233727 0.28070273 0.27946494 0.27946792 0.27956934
 0.27958629 0.27984378 0.2798266  0.27992588 0.27860393 0.27609696
 0.27466992 0.27340454 0.27193182 0.27025704 0.26886879 0.26744481
 0.26625647 0.26483923 0.26350768 0.26459531 0.26574604 0.26446864
 0.26356921 0.26199588 0.25417637 0.26266982]","[ 9.47462072e-01  9.47187278e-01  9.46149795e-01  9.46210215e-01
  9.46245900e-01  9.46624907e-01  9.47146781e-01  9.46740782e-01
  9.46831150e-01  9.46570645e-01  9.46194240e-01  9.45104239e-01
  9.44489247e-01  9.46010227e-01  9.46621175e-01  9.46735029e-01
  9.46546469e-01  9.46352582e-01  9.45852843e-01  9.44961837e-01
  9.43980346e-01  9.43066371e-01  9.41766535e-01  9.40451473e-01
  9.39115229e-01  9.37521396e-01  9.35772127e-01  9.33628519e-01
  9.31478774e-01  9.33208453e-01  9.34515326e-01  9.35671620e-01
  9.36395548e-01  9.36926689e-01  9.37371857e-01  9.37617997e-01
  9.37769805e-01  9.37530113e-01  9.37213455e-01  9.36754312e-01
  9.36327156e-01  9.35753359e-01  9.35057180e-01  9.33800461e-01
  9.32478645e-01  9.34366668e-01  9.35870925e-01  9.37064545e-01
  9.37807884e-01  9.38205874e-01  9.38424448e-01  9.38432174e-01
  9.38330061e-01  9.38027103e-01  9.37410355e-01  9.36627010e-01
  9.35830321e-01  9.34815800e-01  9.33651243e-01  9.32111111e-01
  9.33166804e-01  9.33951353e-01  9.34482129e-01  9.34820283e-01
  9.34786678e-01  9.34484829e-01  9.34106410e-01  9.33559176e-01
  9.32957447e-01  9.32271924e-01  9.31352595e-01  9.30262972e-01
  9.29123691e-01  9.27882737e-01  9.26480006e-01  9.24730759e-01
  9.25006680e-01  9.25096107e-01  9.24951558e-01  9.24616367e-01
  9.24018017e-01  9.23280028e-01  9.22541613e-01  9.21547228e-01
  9.20409234e-01  9.19130316e-01  9.17543725e-01  9.15888992e-01
  9.14020076e-01  9.11989765e-01  9.09974357e-01  9.07758900e-01
  9.07728731e-01  9.07473522e-01  9.06930807e-01  9.06415613e-01
  9.05635699e-01  9.04529019e-01  9.03268624e-01  9.01582413e-01
  8.99853470e-01  8.98120082e-01  8.96081834e-01  8.93873932e-01
  8.91297006e-01  8.88535921e-01  8.85603438e-01  8.84867674e-01
  8.83978494e-01  8.82888458e-01  8.81610295e-01  8.80224681e-01
  8.78823776e-01  8.77436208e-01  8.75980027e-01  8.74430162e-01
  8.72566810e-01  8.70569505e-01  8.68237100e-01  8.65860820e-01
  8.63409806e-01  8.60758839e-01  8.57897592e-01  8.57435911e-01
  8.56704203e-01  8.56120147e-01  8.56337546e-01  8.51984476e-01
  7.97950382e-01  7.99027444e-01  7.96312792e-01  7.95072822e-01
  7.93412559e-01  7.91434174e-01  7.88805233e-01  7.85291199e-01
  7.81685544e-01  7.78165896e-01  7.74315223e-01  7.73276432e-01
  7.72309761e-01  7.71069291e-01  7.69212581e-01  7.67504102e-01
  7.65045811e-01  7.61936316e-01  7.58069345e-01  7.54288658e-01
  7.50560045e-01  7.46712015e-01  7.41431346e-01  7.36645378e-01
  7.31842647e-01  7.27383479e-01  7.25388284e-01  7.23501781e-01
  7.21495676e-01  7.19334483e-01  7.16648078e-01  7.13698032e-01
  7.10726293e-01  7.07859011e-01  7.04988672e-01  7.02608403e-01
  6.99806251e-01  6.96247717e-01  6.92625093e-01  6.89066776e-01
  6.85600346e-01  6.82193344e-01  6.80627193e-01  6.78921809e-01
  6.77095437e-01  6.75242814e-01  6.72945083e-01  6.70322600e-01
  6.67805145e-01  6.65475543e-01  6.62924948e-01  6.60777717e-01
  6.58226365e-01  6.55214212e-01  6.52165385e-01  6.49081349e-01
  6.46149376e-01  6.42913037e-01  6.41371245e-01  6.39745312e-01
  6.38063195e-01  6.36566500e-01  6.34454582e-01  6.31737206e-01
  6.29327802e-01  6.27235521e-01  6.24891792e-01  6.22809769e-01
  6.20219690e-01  6.17432314e-01  6.15012899e-01  6.12660218e-01
  6.10459918e-01  6.09710443e-01  6.08691058e-01  6.07725166e-01
  6.06506370e-01  6.05262482e-01  6.03517317e-01  6.01286758e-01
  5.99405583e-01  5.97658413e-01  5.95519685e-01  5.93728450e-01
  5.91847220e-01  5.89960890e-01  5.88374207e-01  5.86328041e-01
  5.84660345e-01  5.84871752e-01  5.84650942e-01  5.84039760e-01
  5.82662397e-01  5.81216857e-01  5.79324804e-01  5.76654034e-01
  5.73898895e-01  5.71501030e-01  5.69257353e-01  5.67814134e-01
  5.65305134e-01  5.61840457e-01  5.58672425e-01  5.55809935e-01
  5.53592592e-01  5.53173275e-01  5.52411633e-01  5.51580884e-01
  5.50356162e-01  5.48789255e-01  5.46635686e-01  5.44359382e-01
  5.41688182e-01  5.38904966e-01  5.35611093e-01  5.32170087e-01
  5.28645781e-01  5.24648523e-01  5.20770767e-01  5.16835939e-01
  5.14671220e-01  5.13903644e-01  5.12856760e-01  5.10817963e-01
  5.08326956e-01  5.04125381e-01  4.98607361e-01  5.02214243e-01
  3.52307002e-01  3.45553615e-01  3.49275380e-01  3.43092003e-01
  3.35118951e-01  3.31120619e-01  3.24454138e-01  3.17207643e-01
  3.12422058e-01  3.06996128e-01  3.01489395e-01  2.96416398e-01
  2.90357060e-01  2.84399640e-01  2.78317021e-01  2.72196264e-01
  2.66153974e-01  2.60156172e-01  2.52719245e-01  2.47024737e-01
  2.41817823e-01  2.37722387e-01  2.32646716e-01  2.28174734e-01
  2.24267024e-01  2.21378208e-01  2.16865543e-01  2.12538711e-01
  2.08448565e-01  2.04667142e-01  2.00863495e-01  1.96373986e-01
  1.93135301e-01  1.89978015e-01  1.86701924e-01  1.84490788e-01
  1.81645586e-01  1.78077338e-01  1.74835160e-01  1.72105055e-01
  1.68470998e-01  1.65599154e-01  1.62117049e-01  1.59789635e-01
  1.57562101e-01  1.55287206e-01  1.52631574e-01  1.49458261e-01
  1.48108866e-01  1.48025811e-01  1.47384349e-01  1.46846921e-01
  1.46119242e-01  1.44407756e-01  1.43842721e-01  1.43234016e-01
  1.42992265e-01  1.42591763e-01  1.41722430e-01  1.40518781e-01
  1.39556006e-01  1.38997081e-01  1.38045259e-01  1.35718791e-01
  1.34868771e-01  1.35567363e-01  1.35866877e-01  1.36287315e-01
  1.36451907e-01  1.35700104e-01  1.36226687e-01  1.37278087e-01
  1.38085938e-01  1.36829610e-01  1.36094652e-01  1.36344979e-01
  1.37126895e-01  1.38223898e-01  1.38468595e-01  1.37094766e-01
  1.36967392e-01  1.37445786e-01  1.37568781e-01  1.38098238e-01
  1.38413402e-01  1.37977860e-01  1.38669948e-01  1.38741684e-01
  1.39407642e-01  1.39107016e-01  1.38304596e-01  1.37967450e-01
  1.37184831e-01  1.37378806e-01  1.37115225e-01  1.34279311e-01
  1.31993427e-01  1.30539301e-01  1.29629575e-01  1.29795824e-01
  1.28940667e-01  1.26430983e-01  1.25714122e-01  1.24893326e-01
  1.25248347e-01  1.25418602e-01  1.25789274e-01  1.26481728e-01
  1.26949454e-01  1.27832405e-01  1.27619748e-01  1.25985597e-01
  1.24749439e-01  1.23702311e-01  1.22740512e-01  1.21490743e-01
  1.20552232e-01  1.20047290e-01  1.19420225e-01  1.18143393e-01
  1.16776475e-01  1.17254251e-01  1.18052893e-01  1.16345748e-01
  1.15574358e-01  1.14375370e-01  1.05971040e-01  1.18079208e-01
  5.50542870e-03 -2.29735830e-04  9.77389513e-03  2.43623552e-03
 -7.70541630e-03 -1.13127904e-02 -1.91200236e-02 -2.86265677e-02
 -3.45233020e-02 -4.18051288e-02 -4.81683784e-02 -5.31614315e-02
 -5.96787158e-02 -6.65757449e-02 -7.40365493e-02 -8.15819631e-02
 -8.76122648e-02 -9.25049547e-02 -9.97222879e-02 -1.05165639e-01
 -1.10410904e-01 -1.15456264e-01 -1.21725109e-01 -1.28141947e-01
 -1.32680594e-01 -1.35524949e-01 -1.40255757e-01 -1.45040622e-01
 -1.49845253e-01 -1.53680798e-01 -1.56151999e-01 -1.59337655e-01
 -1.61233308e-01 -1.64068853e-01 -1.67507161e-01 -1.69105755e-01
 -1.73281409e-01 -1.78020944e-01 -1.82263115e-01 -1.85985244e-01
 -1.90934667e-01 -1.94588631e-01 -1.99096221e-01 -2.01725742e-01
 -2.04676467e-01 -2.07960242e-01 -2.11432073e-01 -2.15512506e-01
 -2.16875419e-01 -2.16111266e-01 -2.16580733e-01 -2.16710835e-01
 -2.19414140e-01 -2.22902615e-01 -2.25039304e-01 -2.26979912e-01
 -2.28387573e-01 -2.29837126e-01 -2.32072870e-01 -2.34374358e-01
 -2.36537968e-01 -2.38045231e-01 -2.39186460e-01 -2.42524698e-01
 -2.44410315e-01 -2.44818576e-01 -2.46320398e-01 -2.46657376e-01
 -2.48677261e-01 -2.51269816e-01 -2.52134440e-01 -2.51468874e-01
 -2.50731296e-01 -2.52689121e-01 -2.54464770e-01 -2.54715243e-01
 -2.54293466e-01 -2.53655474e-01 -2.54460701e-01 -2.57873730e-01
 -2.59258602e-01 -2.59803493e-01 -2.61296311e-01 -2.62802797e-01
 -2.64027626e-01 -2.65529700e-01 -2.65595189e-01 -2.66455127e-01
 -2.65793362e-01 -2.65464378e-01 -2.66057011e-01 -2.65665389e-01
 -2.66453072e-01 -2.66417195e-01 -2.66666351e-01 -2.71201736e-01
 -2.74427697e-01 -2.76003342e-01 -2.76357703e-01 -2.75814920e-01
 -2.77885233e-01 -2.82859922e-01 -2.85641771e-01 -2.87051408e-01
 -2.86074029e-01 -2.84702557e-01 -2.83395436e-01 -2.80602292e-01
 -2.77746239e-01 -2.74337733e-01 -2.73145356e-01 -2.73580307e-01
 -2.73327488e-01 -2.72465930e-01 -2.71513103e-01 -2.72558282e-01
 -2.72067675e-01 -2.70992335e-01 -2.68738443e-01 -2.66986586e-01
 -2.65316906e-01 -2.60409966e-01 -2.54851608e-01 -2.54125729e-01
 -2.52562458e-01 -2.52947183e-01 -2.65447184e-01 -2.41410277e-01
 -4.15317927e-01 -4.19919206e-01 -3.96221915e-01 -4.02114494e-01
 -4.11835566e-01 -4.11301007e-01 -4.15102233e-01 -4.18592067e-01
 -4.16250778e-01 -4.17569949e-01 -4.17591277e-01 -4.16770315e-01
 -4.17402815e-01 -4.18442384e-01 -4.18273153e-01 -4.18093910e-01
 -4.16415280e-01 -4.14116556e-01 -4.16940544e-01 -4.17734454e-01
 -4.18577159e-01 -4.17916965e-01 -4.18335022e-01 -4.18727411e-01
 -4.16932686e-01 -4.13628865e-01 -4.11104289e-01 -4.08399716e-01
 -4.04296159e-01 -4.00597403e-01 -3.96445412e-01 -3.93626346e-01
 -3.88053105e-01 -3.82726646e-01 -3.80049633e-01 -3.77308153e-01
 -3.75412022e-01 -3.75041419e-01 -3.73983429e-01 -3.71931781e-01
 -3.72268904e-01 -3.70475715e-01 -3.69056205e-01 -3.65770446e-01
 -3.62058154e-01 -3.58145529e-01 -3.54164187e-01 -3.51403198e-01
 -3.45833444e-01 -3.41220158e-01 -3.37175465e-01 -3.33994096e-01
 -3.30960795e-01 -3.29527523e-01 -3.25877926e-01 -3.22238313e-01
 -3.18323519e-01 -3.14624657e-01 -3.11241254e-01 -3.09043571e-01
 -3.06495245e-01 -3.02986576e-01 -2.98860237e-01 -2.96936500e-01
 -2.93409439e-01 -2.90695917e-01 -2.88472425e-01 -2.85963188e-01
 -2.83690504e-01 -2.82670935e-01 -2.79544808e-01 -2.75061388e-01
 -2.70786356e-01 -2.69340502e-01 -2.66606325e-01 -2.62663907e-01
 -2.58192075e-01 -2.53579090e-01 -2.50122968e-01 -2.49064837e-01
 -2.46136165e-01 -2.44760725e-01 -2.43656419e-01 -2.41687663e-01
 -2.40012264e-01 -2.39796271e-01 -2.38412240e-01 -2.37365299e-01
 -2.34843365e-01 -2.32931832e-01 -2.31761451e-01 -2.29788874e-01
 -2.28160071e-01 -2.24771033e-01 -2.21523440e-01 -2.22313673e-01
 -2.24475529e-01 -2.25735758e-01 -2.25842622e-01 -2.24719750e-01
 -2.25664755e-01 -2.28786019e-01 -2.30010192e-01 -2.30767246e-01
 -2.29911190e-01 -2.29043828e-01 -2.27806183e-01 -2.25626299e-01
 -2.23454221e-01 -2.20676840e-01 -2.19553152e-01 -2.20303553e-01
 -2.22727132e-01 -2.24813489e-01 -2.26594193e-01 -2.28357774e-01
 -2.28691227e-01 -2.28068366e-01 -2.27078801e-01 -2.27098082e-01
 -2.28151287e-01 -2.27245374e-01 -2.26103638e-01 -2.28716582e-01
 -2.30314294e-01 -2.32930430e-01 -2.46602692e-01 -2.27326413e-01]","[0.00330464 0.00229294 0.00199317 0.00175639 0.0015613  0.00147507
 0.00139355 0.00130163 0.00120337 0.00116775 0.00135706 0.00171915
 0.0021938  0.0017648  0.00159049 0.00160954 0.00164577 0.00170343
 0.00175248 0.00174403 0.00171642 0.00158109 0.00144725 0.00138921
 0.00127132 0.00129391 0.001549   0.00206939 0.00274334 0.00212122
 0.0016886  0.00148878 0.00147924 0.00157896 0.00172108 0.00174307
 0.00173378 0.0015804  0.00141428 0.00133464 0.00124913 0.00133837
 0.00165533 0.00229546 0.00314588 0.00247931 0.00191631 0.00146425
 0.00126773 0.00118398 0.00123533 0.0012168  0.0012408  0.00118689
 0.00113429 0.00117273 0.00130496 0.00163129 0.00211198 0.00284054
 0.00211298 0.00156796 0.00117955 0.00107875 0.00117825 0.001261
 0.00138425 0.00143566 0.00148701 0.00149961 0.00148222 0.00148801
 0.00148292 0.00154847 0.00178527 0.00231172 0.00177711 0.00143451
 0.00127084 0.00124647 0.00129394 0.0013029  0.00140807 0.0014667
 0.00148358 0.00138222 0.00124457 0.00114574 0.00115782 0.0014066
 0.00185385 0.00255333 0.00199153 0.00153289 0.00127359 0.0011313
 0.0011819  0.00109593 0.00117886 0.00120997 0.0011991  0.0011173
 0.0011214  0.00127377 0.00162945 0.00213975 0.00278746 0.00211455
 0.00157182 0.00121548 0.00111135 0.00113212 0.00129666 0.00147398
 0.00162664 0.00167611 0.00162249 0.00158605 0.00147929 0.00137905
 0.00139373 0.00166299 0.00220341 0.00161659 0.00150495 0.00173266
 0.00232065 0.0034147  0.01060361 0.00981069 0.01014896 0.0099514
 0.00995193 0.0101523  0.01027867 0.01058299 0.01090858 0.01127715
 0.01169302 0.01128745 0.0109356  0.01077489 0.01075824 0.01086848
 0.01095129 0.01098281 0.01101381 0.01127042 0.01157532 0.01197377
 0.0123996  0.01297801 0.01362434 0.01445292 0.01385756 0.01351036
 0.01328119 0.01319129 0.01313616 0.01310935 0.01319738 0.01332026
 0.01347884 0.01378735 0.01407944 0.01442236 0.0148193  0.01534974
 0.01590704 0.0166201  0.01601815 0.0156744  0.01541706 0.01526554
 0.01516196 0.01509643 0.01515744 0.0152821  0.01544156 0.0157067
 0.01599083 0.01630106 0.01672733 0.01721751 0.01775354 0.01838612
 0.0178829  0.01755019 0.01728142 0.01712873 0.01703055 0.01695336
 0.01702003 0.01719591 0.01739598 0.01768301 0.01797992 0.01830298
 0.01875423 0.01928965 0.01986382 0.01939111 0.019057   0.01890481
 0.01879582 0.01875171 0.01878548 0.01885944 0.0190106  0.01915577
 0.01928878 0.01953202 0.01982879 0.02015778 0.02060715 0.02107363
 0.02163533 0.02137775 0.02111149 0.02093518 0.02077358 0.02071102
 0.02075527 0.02073852 0.02077883 0.02091851 0.02103771 0.0212628
 0.0215114  0.02176819 0.02216975 0.02262532 0.02320917 0.0229235
 0.022707   0.02256607 0.02246065 0.02240273 0.02246835 0.02264859
 0.0228386  0.02302791 0.02323029 0.02345138 0.02376718 0.02407777
 0.02452552 0.02503557 0.0246192  0.02430066 0.02413219 0.02410969
 0.02406793 0.02385741 0.02339439 0.02437115 0.03810177 0.0379236
 0.03853651 0.0388224  0.03921597 0.03970595 0.04024089 0.04095763
 0.04099581 0.04103314 0.04113999 0.04134373 0.04154302 0.0417943
 0.0421989  0.04264521 0.04317366 0.04375333 0.04442959 0.04516487
 0.04591534 0.04669065 0.04761947 0.04773125 0.04787486 0.04802653
 0.04830528 0.04861292 0.04900624 0.04942724 0.04990285 0.05038818
 0.05095237 0.05156331 0.05221189 0.05281478 0.05343959 0.05413063
 0.05486497 0.05484483 0.05483228 0.05486262 0.05497379 0.05515212
 0.05537015 0.05562209 0.05594232 0.05629818 0.05669529 0.05713422
 0.05763246 0.05812598 0.0586623  0.0592231  0.05986087 0.059758
 0.05965714 0.05961315 0.05964938 0.05973762 0.05986456 0.06003944
 0.06030113 0.06062597 0.06100941 0.06145735 0.06196332 0.06246648
 0.06301861 0.06358672 0.06346159 0.06336221 0.06325478 0.06320876
 0.06324146 0.06334148 0.06348012 0.06365195 0.06392258 0.0642597
 0.06463495 0.06505402 0.06552308 0.06599547 0.06648036 0.06697285
 0.06681459 0.06669805 0.06657987 0.06647548 0.06641495 0.06644356
 0.06655032 0.0667166  0.06697969 0.0672907  0.06766539 0.06807676
 0.06850788 0.06892662 0.06945993 0.07007705 0.07002259 0.06996031
 0.06986323 0.06975252 0.06969666 0.06971205 0.06979075 0.06992291
 0.07017194 0.07049136 0.07089642 0.07135086 0.07188783 0.07248471
 0.07318069 0.0732465  0.07338258 0.0735116  0.07359926 0.07352759
 0.07347308 0.07345012 0.07343245 0.07345667 0.07359239 0.07381333
 0.08920461 0.08968232 0.08990358 0.09068982 0.09153685 0.09152134
 0.09172973 0.09212214 0.09243735 0.09279037 0.09318349 0.09359622
 0.0940851  0.09459086 0.09518851 0.09582682 0.09651016 0.09722738
 0.09809512 0.09888852 0.09967801 0.09979423 0.10009257 0.10038664
 0.10066652 0.10088771 0.10132972 0.10180581 0.10234913 0.10288704
 0.10346776 0.10412179 0.10480584 0.10557747 0.10642799 0.10717266
 0.10725283 0.10741098 0.10759715 0.10777327 0.10802468 0.10827175
 0.10863156 0.10896257 0.10933818 0.10977389 0.11030689 0.11090157
 0.11140818 0.11187336 0.11244318 0.11300959 0.11295877 0.11298766
 0.11302679 0.11306883 0.11309592 0.11316179 0.11331678 0.11350767
 0.11372989 0.11398849 0.11433339 0.11480221 0.11523054 0.11562423
 0.11608948 0.11652402 0.11635255 0.11624639 0.11611268 0.11596462
 0.11584822 0.11591382 0.11602047 0.11610462 0.11620183 0.11633521
 0.11661396 0.11704224 0.11741665 0.11779588 0.1182458  0.11798377
 0.11774178 0.1175633  0.11736405 0.11723135 0.11707167 0.11698053
 0.11697142 0.11698992 0.11709487 0.11720077 0.1174001  0.11780317
 0.11822023 0.11863937 0.11903102 0.11873889 0.11858432 0.11858574
 0.11853053 0.11846643 0.1183176  0.11818882 0.118084   0.11799366
 0.11796112 0.11796797 0.11812844 0.11842823 0.11876703 0.11913129
 0.1195423  0.11938155 0.11924224 0.11915636 0.11909218 0.11908457
 0.11909412 0.11894199 0.11881721 0.11889191 0.11896674 0.11912906
 0.11980007 0.11926819 0.13738511 0.13816023 0.1372966  0.13765313
 0.13820973 0.13829359 0.13869167 0.13922165 0.13950984 0.13989337
 0.1402636  0.14060441 0.14108391 0.14163578 0.14225069 0.14290005
 0.14349159 0.14404989 0.1442405  0.14434696 0.14447643 0.1445305
 0.14471519 0.14493609 0.14506825 0.14511766 0.14532911 0.14558338
 0.14587965 0.14617197 0.14644094 0.1467884  0.1470974  0.14749771
 0.14737419 0.14718619 0.14707518 0.14705584 0.14704637 0.14704783
 0.14716714 0.14726546 0.14745572 0.1475911  0.14777449 0.14801674
 0.14833657 0.14875302 0.1490665  0.14872651 0.14848679 0.14826122
 0.14808953 0.14801943 0.14791465 0.1478287  0.14772785 0.14768656
 0.14773536 0.14784889 0.14798046 0.14812837 0.14834258 0.14873878
 0.14909325 0.14883215 0.14864905 0.14843706 0.14826861 0.1481674
 0.14800125 0.14780396 0.1476272  0.14766588 0.14773537 0.14778499
 0.1478418  0.14792998 0.14817099 0.14860038 0.14894583 0.14866291
 0.14844773 0.14819937 0.14799104 0.14787706 0.14773816 0.1476824
 0.14758656 0.14756641 0.14762889 0.14771198 0.14788385 0.14803025
 0.14827166 0.14877692 0.14868566 0.14860612 0.14847456 0.14825978
 0.14821772 0.14838748 0.14847363 0.14854826 0.14852465 0.14852069
 0.1485552  0.14859465 0.14869214 0.14880726 0.14909887 0.14954263
 0.14943311 0.14933709 0.14929275 0.14929962 0.1493079  0.14935077
 0.14940074 0.14950527 0.14963245 0.14954531 0.14948313 0.14969951
 0.14990893 0.15021843 0.15119389 0.15054243]","[0.01528217 0.01538998 0.01561656 0.01569138 0.01577708 0.01581914
 0.01584595 0.01601835 0.01612308 0.01628779 0.01647727 0.0167833
 0.01702408 0.01689827 0.01692262 0.01703621 0.01720953 0.0173952
 0.01764205 0.01796457 0.01831395 0.01866432 0.01908997 0.01953019
 0.01998597 0.02049609 0.02104376 0.02166798 0.02230511 0.02222687
 0.02222645 0.02226001 0.02237772 0.02253983 0.02272795 0.02296299
 0.02322645 0.0235747  0.02394988 0.02436473 0.02478579 0.02524767
 0.0257461  0.02636883 0.02701836 0.02684495 0.02675218 0.02672829
 0.02680615 0.0269666  0.02717541 0.02744055 0.0277404  0.028096
 0.02853394 0.02902155 0.02952399 0.03008839 0.03069945 0.03140957
 0.03131587 0.03129124 0.03133332 0.03142878 0.03162202 0.03188921
 0.03218423 0.03252977 0.03289802 0.03329623 0.03376136 0.03427787
 0.03481608 0.03538877 0.03601059 0.0367265  0.0367738  0.03687476
 0.03704156 0.03726387 0.03755979 0.03789883 0.03824658 0.03866608
 0.03912942 0.03963576 0.04022557 0.04083983 0.04151377 0.04223405
 0.04295817 0.04373738 0.04378069 0.04388731 0.04407202 0.04426007
 0.04452054 0.04486762 0.04526009 0.04576093 0.04628009 0.04680884
 0.04741598 0.04806976 0.04881445 0.04960721 0.0504446  0.05055482
 0.05070936 0.05091823 0.05117821 0.05147148 0.0517782  0.05209244
 0.05243181 0.05280157 0.05324755 0.05373156 0.05429481 0.05487658
 0.05548332 0.05614029 0.05684906 0.0568675  0.05695597 0.05703135
 0.05696455 0.0578142  0.06755949 0.06741099 0.06791682 0.06819553
 0.0685639  0.06900463 0.0695722  0.07030394 0.07106863 0.07183769
 0.07267891 0.07279473 0.07292876 0.0731366  0.07347267 0.07381502
 0.07430625 0.07492983 0.07570142 0.07648832 0.0772966  0.07815331
 0.07926018 0.08032031 0.08141306 0.08248444 0.08277603 0.08308086
 0.08343361 0.08383968 0.08435428 0.08493814 0.08555542 0.0861878
 0.08685147 0.08747414 0.08819015 0.08904842 0.08994724 0.09086798
 0.09180677 0.09276847 0.09297157 0.09322211 0.09351752 0.0938442
 0.09426269 0.09475542 0.09526065 0.09576683 0.09633268 0.0968691
 0.09749151 0.0982079  0.0989578  0.09974109 0.10053124 0.10139313
 0.10156003 0.10176707 0.10201044 0.10225631 0.1026174  0.10309196
 0.10355203 0.10399679 0.10450576 0.10500753 0.10560932 0.10626784
 0.10690465 0.10756166 0.10822698 0.10826849 0.10837337 0.10849685
 0.10868138 0.10889551 0.10920492 0.10960723 0.10998767 0.11037606
 0.11084456 0.11129189 0.11177808 0.1122915  0.11279042 0.11337879
 0.11394177 0.11382776 0.11379925 0.11385044 0.1140326  0.11425015
 0.1145547  0.1149912  0.115465   0.1159165  0.11637353 0.11674902
 0.11729507 0.11799648 0.11868437 0.11935782 0.11997139 0.11982979
 0.11976247 0.11973285 0.11978431 0.11990983 0.12014169 0.12041818
 0.12077529 0.12117567 0.12167167 0.12221551 0.12279896 0.12347283
 0.1241601  0.12488398 0.12489984 0.12476067 0.12468286 0.12475723
 0.12491418 0.12531245 0.12589959 0.12536502 0.14293965 0.14365193
 0.14324281 0.14395269 0.14488591 0.14541456 0.14626283 0.14720268
 0.14739524 0.14768769 0.14802023 0.14833915 0.14879466 0.14927226
 0.14979628 0.15035815 0.15094636 0.15156505 0.15236607 0.15302499
 0.15367117 0.15424222 0.15495025 0.15511525 0.15525202 0.15531633
 0.15557222 0.15583913 0.15611263 0.15638623 0.15669294 0.1570979
 0.15741202 0.15775013 0.15813194 0.15844259 0.15884736 0.15935481
 0.15986321 0.15986319 0.15997887 0.1600499  0.1602085  0.16028615
 0.16038424 0.16051703 0.16071628 0.16099491 0.16113154 0.16117935
 0.16131097 0.16146372 0.16166544 0.16199124 0.16223942 0.16200359
 0.16176511 0.16157387 0.16145914 0.16140822 0.1613672  0.16132103
 0.1613445  0.16152936 0.16160911 0.16157723 0.16161566 0.16167572
 0.16179261 0.16202824 0.16166273 0.16127696 0.16094295 0.16083043
 0.16069805 0.1605031  0.16028805 0.16007312 0.15996674 0.16003992
 0.16002685 0.15998706 0.16000965 0.16002393 0.16008743 0.16025
 0.15985821 0.15955413 0.15922528 0.1590162  0.15888377 0.15873889
 0.15866559 0.15853322 0.15847375 0.15868109 0.15886855 0.15901072
 0.15913412 0.15919022 0.15937078 0.15973372 0.15945732 0.15922539
 0.1589219  0.15867097 0.15843778 0.15821151 0.15804175 0.15787062
 0.15783487 0.15796386 0.15809307 0.15824149 0.15841853 0.15865789
 0.15890545 0.15863899 0.15841522 0.15828163 0.15818792 0.15796124
 0.15773845 0.15777219 0.15775482 0.15780822 0.15853444 0.15746934
 0.16726539 0.16782961 0.16710504 0.16787493 0.16891354 0.16886778
 0.16920596 0.16971664 0.16996237 0.17035634 0.17071003 0.17098815
 0.1714264  0.17193166 0.1725188  0.17314943 0.1736962  0.17419037
 0.17490814 0.17552326 0.17616156 0.17616428 0.17630675 0.17650417
 0.17659914 0.176608   0.17680991 0.17706237 0.1773631  0.17763635
 0.17785236 0.17817139 0.17843947 0.17882802 0.17931114 0.17970122
 0.17966267 0.17970503 0.1797476  0.17978947 0.17996339 0.18007884
 0.18029845 0.18041713 0.18060063 0.18084991 0.18115422 0.18154504
 0.18177411 0.18188549 0.18213017 0.18239044 0.18220129 0.18210842
 0.18195301 0.1818218  0.18169024 0.18160124 0.18160984 0.18166294
 0.18174574 0.18182037 0.18190836 0.18219781 0.182421   0.18257627
 0.18285206 0.18308265 0.18286091 0.18272833 0.18251738 0.18224341
 0.18201303 0.18202752 0.18207751 0.18206582 0.18205447 0.1820765
 0.18225238 0.18266674 0.18298287 0.18328686 0.18370856 0.18355331
 0.18341904 0.18334654 0.18321193 0.18317695 0.18307415 0.18303772
 0.18311023 0.18315383 0.18332501 0.18347876 0.18369523 0.18426458
 0.1847812  0.18522025 0.18561237 0.1853788  0.18537758 0.18562906
 0.18576409 0.18584279 0.18579218 0.18575606 0.18576743 0.18571379
 0.18569772 0.18568325 0.18587194 0.18622146 0.18656264 0.18690071
 0.18727314 0.18717475 0.18700693 0.18683984 0.18662981 0.18650033
 0.18642045 0.18614512 0.1858639  0.18598303 0.18608299 0.18637049
 0.18760106 0.18615352 0.19917626 0.19995619 0.19807815 0.19833361
 0.19889837 0.19878026 0.19900844 0.19925559 0.19913426 0.19931143
 0.19943857 0.19954754 0.19979986 0.20012189 0.20039945 0.20071685
 0.20096822 0.20121509 0.20121211 0.20110583 0.20104422 0.20091749
 0.20090859 0.20093933 0.20085658 0.20070799 0.2006556  0.20063117
 0.20054738 0.20053235 0.20052437 0.20065145 0.20061886 0.2006417
 0.20025398 0.19990839 0.19967093 0.19959098 0.19950792 0.19939939
 0.19951108 0.19951444 0.19959128 0.19957792 0.19957859 0.19960928
 0.19967913 0.19988301 0.19992228 0.19936762 0.19889441 0.19852457
 0.19820489 0.1980435  0.19775604 0.19750807 0.19727808 0.19710257
 0.19698887 0.1970024  0.1970276  0.19701797 0.19699863 0.1971833
 0.19728286 0.19683563 0.19646663 0.19611672 0.19582572 0.19567116
 0.19539668 0.19505898 0.1947773  0.19475265 0.19466941 0.19453303
 0.19439498 0.19428465 0.19430246 0.19454553 0.19468161 0.19429092
 0.19396679 0.19362075 0.19334316 0.19322491 0.19306121 0.19296936
 0.19280791 0.19273936 0.19277394 0.19279076 0.19287929 0.19287382
 0.19292308 0.19333517 0.19316905 0.19296935 0.19271695 0.1924064
 0.19229684 0.19239626 0.19238557 0.19237714 0.19228158 0.19222407
 0.19217648 0.19209384 0.19205028 0.19199741 0.19211271 0.19241398
 0.19220541 0.19200946 0.19182913 0.19168739 0.19147446 0.19122786
 0.19099375 0.19087923 0.1908862  0.19078204 0.1907007  0.19095244
 0.19116642 0.19150072 0.19273279 0.19144963]","(array([[7.30042178e-01, 6.84741763e-01, 6.39441349e-01, ...,
        1.95249458e-06, 1.96612537e-06, 1.97975617e-06],
       [5.64053665e-01, 5.27962143e-01, 4.91870621e-01, ...,
        8.15302906e-06, 7.17702960e-06, 6.20103014e-06],
       [9.23409898e-01, 8.66195762e-01, 8.08981626e-01, ...,
        2.64619657e-06, 2.68996276e-06, 2.73372894e-06],
       ...,
       [8.17485801e-02, 7.70459346e-02, 7.23432890e-02, ...,
        3.20593530e-06, 3.20600709e-06, 3.20607888e-06],
       [7.95382529e-02, 7.44374341e-02, 6.93366152e-02, ...,
        3.24802258e-06, 3.24425044e-06, 3.24047829e-06],
       [6.15882122e-01, 5.76576399e-01, 5.37270676e-01, ...,
        1.35362828e-06, 1.36564155e-06, 1.37765482e-06]]), array([[0.73004218, 0.68474176, 0.63944135, ..., 0.22531199, 0.2264442 ,
        0.22493878],
       [0.56405366, 0.52796214, 0.49187062, ..., 0.09844013, 0.10016255,
        0.10191348],
       [0.9234099 , 0.86619576, 0.80898163, ..., 0.18809455, 0.19015824,
        0.18948764],
       ...,
       [0.08174858, 0.07704593, 0.07234329, ..., 0.13932127, 0.13877306,
        0.13965175],
       [0.07953825, 0.07443743, 0.06933662, ..., 0.02746046, 0.02755249,
        0.02700972],
       [0.61588212, 0.5765764 , 0.53727068, ..., 0.04201073, 0.04145138,
        0.04004086]]))","(array([[9.75671041e-02, 9.15647712e-02, 8.55624382e-02, ...,
        3.90208490e-01, 3.90992868e-01, 3.91777247e-01],
       [7.71866610e-01, 7.22466919e-01, 6.73067229e-01, ...,
        6.55819518e-02, 6.49998411e-02, 6.44177305e-02],
       [2.71828658e-01, 2.55207017e-01, 2.38585376e-01, ...,
        2.42682405e-04, 2.49146639e-04, 2.55610873e-04],
       ...,
       [7.35967675e-01, 6.91356929e-01, 6.46746183e-01, ...,
        9.25960422e-06, 9.20685498e-06, 9.15410575e-06],
       [9.72531501e-01, 9.09575813e-01, 8.46620126e-01, ...,
        7.09212494e-01, 7.09386585e-01, 7.09560675e-01],
       [7.63105903e-01, 7.13938553e-01, 6.64771202e-01, ...,
        9.33863875e-03, 9.71032500e-03, 1.00820112e-02]]), array([[0.0975671 , 0.09156477, 0.08556244, ..., 0.36310391, 0.36322779,
        0.35620806],
       [0.77186661, 0.72246692, 0.67306723, ..., 0.19599656, 0.20151618,
        0.1992271 ],
       [0.27182866, 0.25520702, 0.23858538, ..., 0.08580097, 0.08795846,
        0.08801418],
       ...,
       [0.73596767, 0.69135693, 0.64674618, ..., 0.00178443, 0.00178946,
        0.0017534 ],
       [0.9725315 , 0.90957581, 0.84662013, ..., 0.5356107 , 0.53769197,
        0.52904355],
       [0.7631059 , 0.71393855, 0.6647712 , ..., 0.13511692, 0.13593956,
        0.13383429]]))"
14,future_outlook,zz294_VAE_saved_sims_dgLV_I5_dgLV_B92_T8_fixed,8,future_outlook_8000_latent_latent_2025-02-03T21:54.npz,8000,latent,latent,"(8000, 8, 768)","(2000, 8, 768)","[0.99772202 0.99891449 0.99917882 0.99937268 0.99951407 0.99957205
 0.99962417 0.99967388 0.99972316 0.99974198 0.99966016 0.99946503
 0.99914612 0.99945808 0.99957188 0.99957455 0.9995661  0.99954558
 0.99952455 0.99953388 0.99955403 0.99962888 0.99969425 0.99972424
 0.99977309 0.99977169 0.99968642 0.99945936 0.99907571 0.99945289
 0.99965459 0.99973065 0.99973694 0.99970776 0.99966323 0.99966455
 0.99967771 0.9997398  0.99979813 0.99982567 0.99985003 0.99982972
 0.99974264 0.99951798 0.9991239  0.99945955 0.99967942 0.99981508
 0.99986535 0.99988638 0.99987978 0.99988495 0.99988271 0.99989471
 0.99990571 0.99990186 0.99988227 0.99982123 0.99970753 0.99948398
 0.99971733 0.99984605 0.99991322 0.99992729 0.99991346 0.99990157
 0.99988284 0.99987542 0.9998685  0.99986834 0.99987316 0.99987348
 0.99987559 0.99986476 0.9998212  0.99970532 0.99982694 0.99988874
 0.99991434 0.99991881 0.99991315 0.99991231 0.99989847 0.99989121
 0.99988993 0.99990507 0.99992348 0.99993532 0.9999343  0.99990383
 0.9998358  0.99969341 0.99981373 0.9998897  0.99992447 0.99994054
 0.99993466 0.99994345 0.99993467 0.99993176 0.99993362 0.99994236
 0.99994211 0.99992611 0.99988155 0.9997993  0.99966456 0.99980638
 0.99989246 0.99993505 0.99994551 0.99994365 0.99992683 0.99990586
 0.99988521 0.99987755 0.99988497 0.99989039 0.99990482 0.99991694
 0.9999152  0.99988053 0.99979325 0.99988653 0.99990098 0.99986973
 0.99976932 0.99950777 0.99135988 0.99229485 0.99183382 0.99213416
 0.99217264 0.99195554 0.99181477 0.99145776 0.99105751 0.99063654
 0.99016249 0.99059628 0.99100564 0.99119956 0.99120826 0.99109398
 0.99095081 0.9908522  0.99072737 0.9903425  0.98989528 0.98932017
 0.98868774 0.98789468 0.98699177 0.98585392 0.98658632 0.98701705
 0.98730317 0.98740652 0.98746826 0.98750998 0.98739041 0.98722414
 0.98702484 0.98662744 0.98625015 0.9857833  0.98525145 0.98453791
 0.98377841 0.98279223 0.98368907 0.98421496 0.98462752 0.98489071
 0.98508952 0.98524245 0.98518747 0.98501239 0.98478538 0.98441278
 0.98401166 0.9835766  0.98295259 0.98222592 0.9814364  0.98050906
 0.98123465 0.98171575 0.98210937 0.9823333  0.98247631 0.98259624
 0.98247292 0.9821565  0.98180363 0.98132845 0.98083055 0.98029886
 0.97955788 0.97869031 0.97777388 0.97845555 0.97892981 0.97912722
 0.97926213 0.9792956  0.97921086 0.97907264 0.97878045 0.97846125
 0.97815461 0.97767214 0.97710827 0.97650499 0.97568541 0.9748498
 0.97385388 0.97420809 0.97458342 0.97481372 0.97503889 0.97510026
 0.97498484 0.97498588 0.97486846 0.97457911 0.97428862 0.9737961
 0.9732771  0.97277119 0.97201075 0.97116245 0.97009375 0.9704639
 0.97072584 0.97085732 0.97093163 0.97091723 0.97071479 0.97034214
 0.96994691 0.96955101 0.96912912 0.96867137 0.96802325 0.96736224
 0.9664394  0.96542433 0.96599723 0.96637304 0.96649913 0.96644963
 0.96641654 0.96675992 0.9676724  0.96555926 0.94785934 0.94796501
 0.94593913 0.9455768  0.94515762 0.94406269 0.94315761 0.94196628
 0.94215242 0.94234088 0.94237258 0.94213462 0.94198588 0.94166318
 0.94102939 0.9402408  0.93926637 0.93815273 0.93698875 0.93550626
 0.93392792 0.93216081 0.93015219 0.93030122 0.93029651 0.93007362
 0.92977429 0.92932721 0.92869549 0.92789918 0.92694138 0.92599445
 0.92478712 0.92347319 0.92211359 0.92062875 0.91912358 0.9174381
 0.91557873 0.91591493 0.91627383 0.9164088  0.91643605 0.91614104
 0.91573246 0.9151871  0.91448693 0.91369664 0.91257014 0.91116492
 0.90969331 0.90815044 0.90654086 0.90493826 0.9029579  0.90325055
 0.90348846 0.90354557 0.90345356 0.90317146 0.90277067 0.90214775
 0.90133649 0.90046437 0.89919923 0.89751904 0.89575824 0.89391493
 0.89197954 0.89006041 0.89026182 0.89033476 0.89038612 0.89040753
 0.89014958 0.88955978 0.8888368  0.88801188 0.88700472 0.88598984
 0.88462655 0.88296442 0.88119643 0.87926845 0.87728112 0.87532667
 0.8753389  0.87536387 0.87529039 0.87522658 0.87507138 0.87457713
 0.87401706 0.8732353  0.87220845 0.87138429 0.87027427 0.8688025
 0.86719563 0.8653276  0.86329215 0.86131111 0.86129148 0.86117755
 0.8609246  0.86068187 0.86028996 0.85960724 0.85882673 0.85787534
 0.85668403 0.85529106 0.85361068 0.85178042 0.84982374 0.84776222
 0.84528338 0.84535641 0.84508033 0.84491445 0.84472553 0.84457011
 0.84434408 0.8443837  0.84426861 0.8442589  0.84460691 0.84128924
 0.80548731 0.80397797 0.80118038 0.79911814 0.79719499 0.79798152
 0.79866628 0.79878375 0.79858163 0.79833035 0.79784734 0.79704458
 0.79628436 0.79541039 0.79404759 0.79243749 0.79059687 0.7886343
 0.78638723 0.78389625 0.78129948 0.78162444 0.78135495 0.78094281
 0.78053467 0.78009176 0.77920309 0.77812314 0.77649532 0.7746428
 0.77251148 0.77034395 0.76778822 0.76493482 0.76182569 0.75887438
 0.759332   0.75954676 0.7595422  0.7593737  0.75909445 0.75865238
 0.75787589 0.75679989 0.75549934 0.75391088 0.75194358 0.74973284
 0.74735291 0.7447126  0.74175772 0.73871935 0.73897032 0.73915767
 0.73891211 0.73860939 0.73848931 0.73825799 0.73766703 0.73671532
 0.7356101  0.73423955 0.7326183  0.73072642 0.72846266 0.72577779
 0.72290529 0.72008584 0.72064668 0.7211325  0.72133977 0.7214669
 0.72152617 0.72120989 0.72050952 0.71951741 0.71836494 0.71707369
 0.71538223 0.71342131 0.71117486 0.7085316  0.70564685 0.70637043
 0.70708894 0.70768394 0.7079324  0.70805479 0.7081584  0.70822268
 0.70799409 0.70733687 0.70655281 0.70567153 0.7044832  0.70309569
 0.70135187 0.69910576 0.69686056 0.6976772  0.69817744 0.69851314
 0.69855539 0.69853453 0.69862056 0.6986891  0.69859824 0.69815902
 0.69753068 0.69663917 0.69533816 0.69371598 0.69183158 0.68981024
 0.68757489 0.68815963 0.6883886  0.68827707 0.68782933 0.68731336
 0.68669204 0.68647874 0.68616364 0.68577293 0.68513586 0.68425424
 0.68272188 0.68114906 0.61451321 0.61238521 0.6136661  0.61357397
 0.61333391 0.61385216 0.61392567 0.61345827 0.61319467 0.61277346
 0.61220946 0.61141974 0.61048293 0.60935804 0.60771417 0.60581541
 0.60400851 0.60236462 0.60302983 0.60340463 0.60350975 0.60373767
 0.60347769 0.60301327 0.60280634 0.6026914  0.60226822 0.60166407
 0.60047896 0.599103   0.59767943 0.59623946 0.59450731 0.5924523
 0.59307094 0.59389015 0.59453361 0.59496664 0.59522717 0.59533322
 0.59523062 0.59503583 0.59452833 0.593796   0.59279765 0.59148944
 0.5898458  0.58796087 0.58604826 0.58688367 0.5874092  0.58781378
 0.58803419 0.5880606  0.5878495  0.58762088 0.58763218 0.58762435
 0.58730355 0.5866482  0.58578282 0.5846488  0.58324384 0.58157194
 0.57977394 0.58036151 0.58082306 0.58119882 0.58150941 0.58176627
 0.58192153 0.58190871 0.58178567 0.58140822 0.58083452 0.5800637
 0.57911733 0.57795962 0.57653942 0.57491639 0.57314024 0.57352909
 0.57371087 0.5737549  0.57379049 0.57361012 0.5733286  0.57295463
 0.57253645 0.57210707 0.57146345 0.57043844 0.56922085 0.56778394
 0.56609616 0.56425743 0.56459247 0.56439003 0.56411046 0.56370413
 0.56331802 0.5629277  0.56235096 0.56166447 0.56095824 0.56013072
 0.55916811 0.55793228 0.5565111  0.55482723 0.55288225 0.55073077
 0.55094689 0.55099702 0.55083209 0.55048503 0.54978971 0.54873601
 0.54735187 0.54596137 0.54455403 0.54368947 0.54285274 0.54205107
 0.54110722 0.53999003 0.53848445 0.5359261 ]","[0.94764835 0.94758632 0.94718127 0.94755463 0.94795795 0.94864921
 0.9496585  0.94987913 0.95037623 0.95044551 0.95037886 0.94963633
 0.94918139 0.95048558 0.95101643 0.95111332 0.95098676 0.95082269
 0.95038798 0.94957085 0.94867747 0.94786898 0.94674033 0.94554544
 0.94441679 0.9431165  0.94163965 0.93976618 0.93781879 0.93938309
 0.94056278 0.94158575 0.94223062 0.94271107 0.94310331 0.94334578
 0.94351804 0.94340697 0.94319878 0.94285336 0.94256591 0.94221204
 0.94173405 0.94077163 0.93969361 0.94133027 0.94265325 0.94371075
 0.94440375 0.94486204 0.94515981 0.94527862 0.9452843  0.94515874
 0.94482423 0.94434806 0.94387487 0.94322269 0.94243543 0.94129016
 0.94214601 0.94272203 0.94309984 0.94329529 0.94319189 0.94286977
 0.94247209 0.94190849 0.94129959 0.94061385 0.93974809 0.93872332
 0.93767724 0.93652703 0.93523683 0.93360249 0.93382849 0.93385227
 0.93366898 0.93327079 0.9326561  0.93192188 0.93118704 0.93020839
 0.92911208 0.9278725  0.92638092 0.92480704 0.92305493 0.92114343
 0.91922266 0.91709601 0.91716815 0.91701843 0.91660296 0.91617141
 0.91549054 0.91446294 0.91334836 0.91188245 0.91034419 0.90876821
 0.90695944 0.90499648 0.90271204 0.90025166 0.89763225 0.89709177
 0.89637676 0.89546245 0.89433418 0.89307284 0.89178018 0.8904805
 0.88909938 0.88762744 0.88586315 0.88394677 0.88174389 0.8795218
 0.87727247 0.87491401 0.87241267 0.87198644 0.87132574 0.87071532
 0.87059419 0.86684588 0.83796646 0.83740364 0.83430664 0.83384413
 0.83330769 0.83163168 0.83015557 0.82832466 0.82601849 0.82369251
 0.82111729 0.82113591 0.82126222 0.82109656 0.82065483 0.81998044
 0.81876512 0.81716453 0.81547291 0.81340343 0.81118756 0.80866969
 0.80594281 0.80320157 0.80008686 0.79675959 0.7970367  0.79704244
 0.79690349 0.79647325 0.79563178 0.79463647 0.7933805  0.79215285
 0.79083826 0.78915295 0.78742788 0.78553122 0.78341815 0.78097693
 0.77853325 0.77579874 0.77615398 0.77605918 0.77585652 0.7754375
 0.77493562 0.77437837 0.77336208 0.77195807 0.7704541  0.76869195
 0.76686797 0.76490186 0.76263509 0.76007552 0.75722885 0.75413512
 0.75386893 0.75337895 0.75276618 0.75196764 0.75105875 0.75022649
 0.7490014  0.74740167 0.74564076 0.74352055 0.7412878  0.73892839
 0.73614059 0.73301226 0.72958832 0.7293059  0.72874161 0.72788569
 0.72686126 0.72567336 0.72461777 0.72383274 0.72272649 0.72151029
 0.72016797 0.71835675 0.71623673 0.71401608 0.71140802 0.7086933
 0.70553185 0.70469327 0.70369734 0.70255883 0.70140704 0.70002271
 0.69860634 0.69763795 0.69667821 0.69586754 0.69449921 0.69244662
 0.69060313 0.68899262 0.68696232 0.68451099 0.68142258 0.68040902
 0.67914225 0.67756786 0.67582116 0.67376686 0.67194275 0.67034525
 0.66884217 0.66751866 0.66625561 0.66492761 0.66342262 0.66171711
 0.6594816  0.65674349 0.65631676 0.65496578 0.65314345 0.65139806
 0.64928508 0.64672913 0.64625573 0.64314107 0.62297496 0.62169525
 0.61935934 0.6184279  0.61699895 0.61471226 0.61246501 0.61031605
 0.61014984 0.60983653 0.60920177 0.60830727 0.60735889 0.60630935
 0.60515537 0.60386185 0.60211861 0.59992375 0.59764729 0.59534014
 0.59291107 0.59011879 0.58713106 0.58695482 0.58642611 0.58575664
 0.58488397 0.58393639 0.58313001 0.58214862 0.58088404 0.57934432
 0.57779579 0.5763492  0.57487274 0.57310084 0.57108363 0.56883549
 0.56646513 0.56631504 0.56593369 0.56534219 0.56460873 0.56370189
 0.56271089 0.5616841  0.560679   0.55964768 0.55831294 0.55681067
 0.55520717 0.55344728 0.55142956 0.54922249 0.54684592 0.54650399
 0.54570698 0.54463947 0.54332212 0.54196449 0.54051488 0.53927143
 0.53804705 0.53696284 0.53580539 0.5345404  0.53305817 0.53123802
 0.52901082 0.52641497 0.52578548 0.52496957 0.52376568 0.52259849
 0.52126646 0.51996165 0.51852991 0.51706084 0.51587054 0.51493221
 0.51372165 0.51233259 0.51068765 0.50879793 0.50665871 0.50439222
 0.50412759 0.50373457 0.50304348 0.5022566  0.50120726 0.50004095
 0.49885483 0.49757338 0.49633338 0.49523934 0.49411485 0.49304598
 0.49159656 0.48989173 0.48824928 0.48667031 0.48687499 0.48685361
 0.48645346 0.4858031  0.48489662 0.48385229 0.48268344 0.48118254
 0.47975188 0.47845023 0.47713267 0.47586604 0.47459658 0.47333141
 0.47186376 0.47228625 0.47244901 0.47245003 0.47235678 0.47213276
 0.47174052 0.47136571 0.47046841 0.4686463  0.46751948 0.46644427
 0.42694842 0.42505092 0.4251044  0.42387318 0.42184009 0.42203579
 0.4217867  0.42130512 0.42103665 0.42043361 0.41975349 0.41903207
 0.41795777 0.41666967 0.41534228 0.41390257 0.41242498 0.41081207
 0.40881447 0.40695693 0.40501064 0.40478245 0.40416118 0.40333404
 0.40250574 0.40190432 0.40066771 0.39910253 0.3975798  0.39611574
 0.39476092 0.39307199 0.39137884 0.38938361 0.3871654  0.38499618
 0.38445026 0.38367871 0.38277689 0.38179461 0.38056576 0.37934767
 0.37786904 0.3764549  0.37484903 0.37306101 0.37125369 0.36944997
 0.3677959  0.36633365 0.36459887 0.36286261 0.36288284 0.36259369
 0.36225671 0.36182551 0.36108436 0.35997824 0.35843736 0.35693808
 0.35538612 0.35410578 0.35284744 0.35148661 0.35030574 0.34921411
 0.34778187 0.34629955 0.34666958 0.34664043 0.34649349 0.34633357
 0.34586131 0.34493281 0.34381414 0.34286768 0.34191163 0.34091882
 0.33989888 0.33865551 0.337547   0.33643743 0.33505904 0.33602881
 0.33670324 0.33693798 0.33708579 0.33705472 0.33702524 0.33701193
 0.336655   0.33622472 0.33562698 0.33503493 0.33436056 0.33321829
 0.33223261 0.33140619 0.33052766 0.33162697 0.33255537 0.33317201
 0.33374443 0.33420647 0.33457071 0.33466607 0.33448958 0.3342558
 0.33377356 0.33290029 0.33166889 0.33043983 0.32952144 0.32898368
 0.32849081 0.32975094 0.33100078 0.33192323 0.33263188 0.33303482
 0.33331074 0.33405021 0.33458034 0.33433508 0.33343353 0.33132451
 0.32850343 0.32974256 0.2949678  0.29341756 0.29637559 0.29681275
 0.2964261  0.29673754 0.29637958 0.29571018 0.29547355 0.29468568
 0.29398463 0.29355054 0.2927749  0.29168403 0.29053406 0.28932128
 0.28829928 0.28721471 0.28706555 0.28723572 0.28742937 0.28759543
 0.28748379 0.28713361 0.28670413 0.2863882  0.28534861 0.28392255
 0.28300291 0.28224722 0.28184721 0.28117973 0.28062853 0.27967495
 0.27970478 0.27965417 0.27940835 0.27896631 0.27843317 0.27790968
 0.27697435 0.27590354 0.27459775 0.27349519 0.27240512 0.2713089
 0.2703893  0.26971066 0.26896571 0.26964992 0.27016396 0.27085422
 0.27135362 0.27167686 0.27185502 0.27180306 0.27098385 0.26944984
 0.26748077 0.26581876 0.26438233 0.26356298 0.26296922 0.26274073
 0.26268675 0.26377779 0.26446059 0.26507287 0.2652779  0.26495787
 0.26423949 0.26351624 0.26222851 0.26057861 0.25865599 0.25708924
 0.25567187 0.2544853  0.25379983 0.25361351 0.25372811 0.25526819
 0.25671478 0.25782716 0.25821373 0.25792936 0.25730138 0.25636421
 0.25499396 0.25329448 0.25121462 0.24912182 0.24718498 0.24535234
 0.24357784 0.24190378 0.24221645 0.24368169 0.24474492 0.24533842
 0.2460887  0.24674092 0.24713673 0.24708035 0.24623238 0.24477623
 0.24286779 0.24074968 0.23843406 0.23567707 0.23295724 0.23076585
 0.23058557 0.23135974 0.23256709 0.23401406 0.23560419 0.23705189
 0.23813666 0.2386463  0.2387761  0.23838385 0.2372183  0.2352267
 0.23203955 0.22729484 0.22384389 0.22297115]","[0.00328288 0.00227757 0.00199179 0.0017512  0.00155105 0.00146541
 0.00138311 0.0012981  0.00120545 0.00117332 0.00135809 0.00171903
 0.00219164 0.00175764 0.0015737  0.00158127 0.00161057 0.00166327
 0.00171775 0.00171807 0.00169837 0.00156643 0.00143808 0.00138186
 0.00126875 0.0012885  0.00152932 0.00203415 0.00269481 0.00209117
 0.00167686 0.00149515 0.00149269 0.0015901  0.00172593 0.00174237
 0.00172813 0.00157174 0.00140173 0.00131928 0.00123959 0.00133836
 0.00166752 0.00231316 0.00316147 0.00250096 0.00194086 0.00148592
 0.00127859 0.00118481 0.00122978 0.00121438 0.00123806 0.00118472
 0.0011326  0.00116756 0.00129247 0.00161    0.00208206 0.00279665
 0.00207966 0.00154244 0.00116413 0.00107143 0.00117561 0.00126129
 0.00138456 0.00143688 0.00148606 0.0014971  0.00147973 0.00148848
 0.00148685 0.00156191 0.00180969 0.00234137 0.00179978 0.00144778
 0.00127473 0.0012456  0.00129335 0.00130484 0.00141006 0.00146613
 0.00148159 0.00138263 0.00124751 0.00115293 0.00116811 0.00142103
 0.00186735 0.00256638 0.0020022  0.00154249 0.00127815 0.0011359
 0.00119283 0.00111188 0.00119784 0.00122719 0.0012135  0.00113396
 0.00113993 0.00129203 0.00164145 0.00214437 0.00278282 0.00211182
 0.00157243 0.00122115 0.00111802 0.00113663 0.0012952  0.00146943
 0.00162326 0.00167767 0.0016275  0.0015905  0.00148408 0.00138855
 0.0014055  0.00167165 0.00220392 0.00163002 0.00152062 0.00174226
 0.00231674 0.0033827  0.01417042 0.01338421 0.01378562 0.01354062
 0.01352249 0.01372821 0.01387169 0.01419968 0.0145623  0.01494012
 0.01535814 0.015003   0.01466673 0.01450802 0.01450737 0.01461423
 0.01475055 0.01485648 0.01498981 0.01533716 0.01573514 0.01623158
 0.01676852 0.01741873 0.01813882 0.0190085  0.018508   0.01821343
 0.01802333 0.01796823 0.01794916 0.01795092 0.01807509 0.01823922
 0.01843329 0.0187733  0.01910371 0.01950062 0.01994555 0.02051475
 0.02111415 0.0218582  0.02127523 0.02092997 0.02066124 0.02049617
 0.02037935 0.02029886 0.02036689 0.02052327 0.02072069 0.02102196
 0.02134643 0.02169742 0.02217556 0.02272069 0.02330522 0.02397405
 0.02350684 0.02319362 0.02293934 0.02279857 0.0227158  0.02265404
 0.02275677 0.02299057 0.0232529  0.02359772 0.02396064 0.02434839
 0.02486761 0.02546361 0.02608767 0.02566527 0.02536829 0.02524238
 0.02515998 0.02514501 0.02520784 0.02530904 0.02550888 0.0257301
 0.02594906 0.02627709 0.02665666 0.02706239 0.02759447 0.02813626
 0.02876746 0.02854757 0.02832135 0.0281815  0.02805046 0.02801757
 0.02809047 0.02810433 0.0281911  0.02838037 0.02857612 0.02888939
 0.02922188 0.029552   0.030024   0.03054537 0.03118403 0.03093938
 0.03075858 0.03065376 0.0305866  0.03057371 0.03066702 0.03085621
 0.03106353 0.03127767 0.03151173 0.03177062 0.03213191 0.03250501
 0.03301272 0.03356855 0.03321931 0.03297258 0.03285513 0.03283078
 0.03280538 0.03260287 0.03212534 0.03313809 0.04075716 0.04070826
 0.04149445 0.04164367 0.04182328 0.04226763 0.0426466  0.04313927
 0.04296489 0.04280036 0.04270469 0.04271933 0.04271137 0.04277778
 0.04296792 0.04322335 0.04355428 0.04394276 0.04435657 0.04488905
 0.04546048 0.04610193 0.04682941 0.0466857  0.04660339 0.04660374
 0.0466391  0.04673289 0.04689675 0.04712333 0.04741081 0.04770282
 0.04808648 0.04851136 0.0489578  0.04945059 0.0499567  0.05052535
 0.05115348 0.05096328 0.05077619 0.05066697 0.05060037 0.05064113
 0.05072577 0.05086103 0.05105193 0.0512788  0.05161409 0.05203929
 0.05249115 0.05297093 0.0534772  0.05398891 0.05461481 0.05443187
 0.05427592 0.05418238 0.05414222 0.05416676 0.05423579 0.05437785
 0.05458306 0.05481579 0.05516694 0.05564077 0.05614493 0.05667981
 0.0572478  0.05782024 0.0576623  0.05754856 0.05745091 0.05737157
 0.05737571 0.05747658 0.05762189 0.05780329 0.05804123 0.05829059
 0.05863817 0.05907009 0.05953674 0.06005132 0.06058843 0.06112548
 0.06100304 0.06088853 0.0608091  0.0607384  0.06070104 0.06075697
 0.06083961 0.06098644 0.06120258 0.06138065 0.06163746 0.06199021
 0.06238449 0.0628494  0.06336232 0.06387171 0.06373518 0.06363385
 0.06357788 0.0635331  0.06353589 0.06361818 0.06373586 0.06390529
 0.06414161 0.06443578 0.06480635 0.06522222 0.06567798 0.06616875
 0.06676188 0.06660122 0.06652914 0.0664468  0.06638293 0.06632553
 0.0662969  0.06622551 0.06620095 0.06616793 0.06607288 0.06676731
 0.07392306 0.07423274 0.07479997 0.07524235 0.07567327 0.07536419
 0.07509084 0.07493994 0.0748651  0.0748159  0.0748262  0.07491206
 0.07500647 0.0751383  0.07537621 0.07567543 0.0760326  0.07642781
 0.07689029 0.07741232 0.07796894 0.07774465 0.0776464  0.07759356
 0.07756019 0.07755329 0.07764522 0.07779092 0.07805255 0.07837306
 0.07876162 0.07917607 0.07967704 0.08024845 0.08088279 0.08150989
 0.08126958 0.081089   0.08096409 0.08088546 0.08084415 0.08084887
 0.08092826 0.08107627 0.08128019 0.08155037 0.08190157 0.08231105
 0.08276643 0.08328252 0.08386784 0.08448465 0.08428454 0.08411415
 0.08403297 0.08398038 0.08391797 0.08389301 0.08394528 0.08407476
 0.08424821 0.08448337 0.08477777 0.08513442 0.08556907 0.0860891
 0.0866575  0.08723669 0.08700036 0.08679789 0.08666097 0.08655871
 0.08648923 0.0865003  0.08659313 0.08675328 0.08696035 0.08721101
 0.08754549 0.08794347 0.08840729 0.08895379 0.08955901 0.08932455
 0.08911074 0.08893559 0.08883303 0.08876951 0.08872873 0.08871381
 0.0887633  0.08889781 0.08907144 0.0892797  0.0895544  0.08987914
 0.09027765 0.09077179 0.09128551 0.09106496 0.09091142 0.09080202
 0.09075617 0.09073919 0.0907255  0.09073381 0.09078549 0.09090899
 0.09108033 0.09131066 0.09162196 0.09200084 0.09243837 0.09291571
 0.09344438 0.09326605 0.09316259 0.0931317  0.09317267 0.09324546
 0.09335565 0.09342678 0.09353483 0.09367591 0.09387546 0.09413321
 0.09450968 0.09491389 0.10457236 0.10509544 0.10483462 0.10478135
 0.10476941 0.10467605 0.1046643  0.10474721 0.10482385 0.10494319
 0.10510323 0.10531521 0.10556847 0.10586857 0.10626032 0.10670792
 0.10716444 0.10762027 0.10743844 0.10731783 0.10725564 0.10719877
 0.10722982 0.10731045 0.10737821 0.10745549 0.10759638 0.10778367
 0.10807149 0.10840706 0.10877099 0.1091591  0.10960864 0.11012377
 0.10992743 0.10972924 0.10958005 0.10948453 0.10943756 0.1094367
 0.10948929 0.10957955 0.10973733 0.10995074 0.11022536 0.11056712
 0.11097948 0.11144968 0.11194885 0.11171342 0.11154215 0.11140948
 0.11132396 0.11128692 0.11130423 0.11134618 0.11137802 0.11143472
 0.11155596 0.11174467 0.11198403 0.11228197 0.1126388  0.11305395
 0.11350841 0.11328636 0.11310335 0.11295396 0.11283543 0.11274623
 0.11269281 0.11268415 0.11271243 0.1127971  0.11293031 0.11311218
 0.11333979 0.11361797 0.1139536  0.11433863 0.11476637 0.11453221
 0.11435073 0.11421262 0.11410059 0.11404248 0.11402291 0.11404078
 0.11408965 0.11416517 0.11429443 0.11449971 0.11475583 0.11506633
 0.11543541 0.11584977 0.11560788 0.1154602  0.11534557 0.11527061
 0.11521597 0.11518496 0.11520165 0.11525596 0.1153361  0.11545545
 0.11561583 0.11583537 0.11610252 0.1164274  0.11680978 0.11724248
 0.1170105  0.11682454 0.11669098 0.11660554 0.11658975 0.11664479
 0.11676696 0.11691442 0.11708866 0.11721792 0.11736857 0.11753971
 0.11775412 0.1180158  0.11835233 0.11884878]","[0.01525505 0.01533173 0.01546628 0.01549404 0.0155238  0.01551626
 0.01546484 0.01553923 0.0155763  0.01568605 0.01582356 0.01607558
 0.0162887  0.01618275 0.01621094 0.01632103 0.01647925 0.01665472
 0.01688708 0.01719593 0.01752935 0.01785977 0.01825652 0.01867619
 0.01909601 0.01955683 0.02005952 0.02064182 0.02124816 0.02117456
 0.0211753  0.02121209 0.02132656 0.02148143 0.02166302 0.0218834
 0.02212774 0.02243842 0.02277975 0.02316015 0.02354022 0.023945
 0.02438671 0.02494183 0.02553407 0.02538092 0.02529799 0.02527762
 0.02534484 0.02547287 0.0256461  0.02586988 0.02612955 0.02643001
 0.02679074 0.02719623 0.02761143 0.02808117 0.02859512 0.02920909
 0.02913634 0.02913967 0.02920003 0.02931439 0.0295139  0.02977871
 0.0300719  0.03041724 0.0307833  0.03117836 0.03162957 0.0321314
 0.03264771 0.03320016 0.03379805 0.03449425 0.03454321 0.03465249
 0.03482385 0.03505963 0.03536038 0.03570058 0.03604902 0.03646931
 0.03692821 0.03743215 0.03800892 0.03861412 0.03927209 0.03997745
 0.04069185 0.04146468 0.04148088 0.04156204 0.04171913 0.04188963
 0.04213172 0.04246924 0.04283711 0.04330018 0.04378904 0.0442952
 0.04486577 0.04548108 0.04618034 0.0469278  0.04771883 0.04779572
 0.04792338 0.04810715 0.04834988 0.04863255 0.04893185 0.04924242
 0.04958109 0.04994986 0.05039313 0.05087914 0.05143675 0.0520072
 0.05259248 0.05321023 0.05386744 0.05388738 0.05397198 0.05406139
 0.05406421 0.05483504 0.06050062 0.06063422 0.06125591 0.06140645
 0.06158874 0.0619993  0.0623907  0.06286497 0.06344367 0.06404329
 0.06470554 0.06465664 0.06461522 0.0646535  0.06476861 0.06495266
 0.06526113 0.06566567 0.06611327 0.06665525 0.06725006 0.06792536
 0.06866446 0.06943296 0.07029427 0.07121984 0.07116293 0.07117991
 0.07124859 0.07139468 0.0716392  0.07193698 0.07230673 0.07269786
 0.07313057 0.07365447 0.0742117  0.0748253  0.07550308 0.07626446
 0.07705272 0.07791803 0.07783517 0.07785386 0.07791462 0.0780363
 0.0781957  0.07838804 0.07868345 0.07906942 0.07949597 0.0799905
 0.08051902 0.08109542 0.08174702 0.08247231 0.0832702  0.08413366
 0.08413632 0.08420105 0.0843106  0.0844757  0.08468349 0.08490222
 0.08521171 0.0856087  0.0860569  0.08658975 0.08716547 0.08778646
 0.08850337 0.08930116 0.0901721  0.09016708 0.09023069 0.09036445
 0.09054781 0.09077991 0.09101187 0.09122103 0.09150519 0.09182945
 0.09219649 0.09266271 0.0932016  0.09377888 0.09444153 0.09514347
 0.09594015 0.09600497 0.09611708 0.09627407 0.09645507 0.09669553
 0.09696311 0.09718081 0.09741948 0.09765663 0.09800572 0.09848684
 0.09895676 0.09941187 0.09995656 0.10059087 0.10134901 0.10134271
 0.10139992 0.10152907 0.10170867 0.10195983 0.10219858 0.10242607
 0.10266327 0.10289727 0.10314675 0.10343122 0.10376801 0.10416072
 0.10465999 0.10526132 0.10510492 0.10511086 0.10520911 0.10531625
 0.10549956 0.10576993 0.10574992 0.10614595 0.10905691 0.10921828
 0.1095549  0.10971243 0.10996492 0.11036378 0.11078016 0.11120586
 0.1109868  0.11081531 0.11071613 0.11068039 0.11067902 0.1107188
 0.1108003  0.11092851 0.11114681 0.11145522 0.11180207 0.11218042
 0.11260308 0.11310341 0.11365818 0.11347332 0.11335944 0.1132874
 0.11326576 0.11327701 0.11329188 0.11335351 0.11347653 0.11365977
 0.11386724 0.11408416 0.11432842 0.11463577 0.11499941 0.11541738
 0.11587512 0.11570391 0.11558513 0.11551591 0.11548717 0.1155031
 0.1155519  0.11562725 0.11572167 0.11584158 0.11602347 0.11624943
 0.11651079 0.1168148  0.11717471 0.11758157 0.11803276 0.11786375
 0.11777701 0.1177484  0.11777517 0.11783031 0.1179206  0.11800794
 0.11811656 0.11823114 0.11837906 0.11856475 0.1188022  0.11910674
 0.11948706 0.11993818 0.11978362 0.1196734  0.11963281 0.11960845
 0.11962569 0.11966062 0.11973258 0.11983051 0.11991538 0.11999081
 0.12012177 0.12029664 0.12052497 0.12080534 0.12113831 0.12150884
 0.12129283 0.12111511 0.1209964  0.12091204 0.1208823  0.12088954
 0.12092209 0.12098918 0.12107445 0.12116551 0.12128368 0.12141873
 0.12162294 0.12188127 0.12215579 0.12244645 0.12216009 0.12192772
 0.12176747 0.121664   0.12161801 0.12161554 0.1216551  0.12176112
 0.12188641 0.1220243  0.12219189 0.12238147 0.12259941 0.12284492
 0.12314215 0.12285122 0.12261533 0.12242309 0.1222667  0.12215045
 0.12207872 0.12203009 0.1220669  0.1222353  0.1223488  0.12248168
 0.12697018 0.12724285 0.12732593 0.12757764 0.12794451 0.12765991
 0.12745211 0.12729765 0.1271476  0.12706228 0.12701347 0.12699734
 0.12704801 0.12715027 0.12728515 0.12746069 0.12766885 0.12792027
 0.12824203 0.12857724 0.12895076 0.12868545 0.12849615 0.12836266
 0.12826309 0.12817324 0.12818562 0.12826732 0.12837881 0.12851856
 0.12868136 0.12891445 0.1291828  0.1295181  0.12991196 0.13033559
 0.13013327 0.12998323 0.12987547 0.12980487 0.12978898 0.12980089
 0.12986912 0.12995979 0.13009976 0.13028806 0.13050785 0.13075685
 0.13102001 0.13129305 0.1316241  0.13198511 0.13169991 0.13147473
 0.1312826  0.13112845 0.1310345  0.13100636 0.13105111 0.13112011
 0.13122311 0.13132729 0.1314582  0.13162855 0.13180975 0.13201107
 0.13227611 0.13257542 0.13227026 0.13204031 0.13185715 0.13171035
 0.13163015 0.13163104 0.13168628 0.13175959 0.13186935 0.13201834
 0.13220562 0.13245087 0.13271821 0.1330212  0.13338665 0.13309725
 0.1328679  0.13271305 0.1325974  0.13253017 0.13249336 0.13248554
 0.13254267 0.13263774 0.13278015 0.1329526  0.13316384 0.13345242
 0.13375585 0.13407374 0.13442716 0.13417626 0.1339735  0.13383301
 0.13372795 0.13366496 0.13364275 0.13367849 0.13377248 0.13390312
 0.13408963 0.13434634 0.13466995 0.13502413 0.13537768 0.1357233
 0.13609465 0.13583964 0.1356174  0.13546004 0.13535606 0.13531476
 0.13531802 0.13530582 0.13534639 0.13549729 0.13574652 0.13615026
 0.13665804 0.13678371 0.14057725 0.14105369 0.1406144  0.14045593
 0.1404087  0.14032083 0.14032879 0.14039688 0.14045091 0.14058899
 0.14074751 0.14090851 0.14113261 0.14141721 0.14173671 0.14209146
 0.14245602 0.14285561 0.142726   0.14259365 0.14248826 0.14241498
 0.14239884 0.14243592 0.14251032 0.14260277 0.14279692 0.14305908
 0.14330005 0.14355397 0.14380157 0.14410508 0.14442598 0.14481624
 0.14467353 0.1445726  0.14452502 0.14453093 0.14457982 0.14466162
 0.14481857 0.145023   0.14528487 0.14556028 0.14586831 0.14621075
 0.14656917 0.1469369  0.14734466 0.14711946 0.14694033 0.14677243
 0.14665273 0.14657975 0.14655037 0.14657314 0.14670213 0.14693201
 0.14723461 0.14753535 0.14784247 0.14811658 0.14839689 0.14866916
 0.14895235 0.14866071 0.14844111 0.14825949 0.14814982 0.14812396
 0.14816911 0.14824566 0.14840994 0.14864158 0.14893158 0.14921683
 0.14951811 0.14982722 0.15011691 0.15038712 0.15065749 0.15028289
 0.14995292 0.14969188 0.14953926 0.14948946 0.14950947 0.14959584
 0.14976102 0.14999458 0.15030163 0.15064533 0.1510088  0.15139723
 0.15181525 0.15225855 0.15196203 0.15158011 0.15126881 0.15103489
 0.15081566 0.15063666 0.15051376 0.1504665  0.15052878 0.15068218
 0.1509111  0.15119134 0.1515217  0.15192647 0.15235809 0.15276785
 0.15246881 0.152107   0.15173449 0.15137059 0.15102492 0.15072573
 0.15049479 0.15035306 0.15028125 0.15029338 0.1504142  0.15064881
 0.1510334  0.15160308 0.15207791 0.15233267]","(array([[7.30042178e-01, 6.84741763e-01, 6.39441349e-01, ...,
        1.95249458e-06, 1.96612537e-06, 1.97975617e-06],
       [5.64053665e-01, 5.27962143e-01, 4.91870621e-01, ...,
        8.15302906e-06, 7.17702960e-06, 6.20103014e-06],
       [9.23409898e-01, 8.66195762e-01, 8.08981626e-01, ...,
        2.64619657e-06, 2.68996276e-06, 2.73372894e-06],
       ...,
       [8.17485801e-02, 7.70459346e-02, 7.23432890e-02, ...,
        3.20593530e-06, 3.20600709e-06, 3.20607888e-06],
       [7.95382529e-02, 7.44374341e-02, 6.93366152e-02, ...,
        3.24802258e-06, 3.24425044e-06, 3.24047829e-06],
       [6.15882122e-01, 5.76576399e-01, 5.37270676e-01, ...,
        1.35362828e-06, 1.36564155e-06, 1.37765482e-06]]), array([[0.73004218, 0.68474176, 0.63944135, ..., 0.11533906, 0.11410824,
        0.11284813],
       [0.56405366, 0.52796214, 0.49187062, ..., 0.07257363, 0.07185389,
        0.07379928],
       [0.9234099 , 0.86619576, 0.80898163, ..., 0.09079781, 0.08587998,
        0.08549041],
       ...,
       [0.08174858, 0.07704593, 0.07234329, ..., 0.08699014, 0.08580066,
        0.08539699],
       [0.07953825, 0.07443743, 0.06933662, ..., 0.05228951, 0.05181392,
        0.05044128],
       [0.61588212, 0.5765764 , 0.53727068, ..., 0.07580818, 0.07685988,
        0.0759969 ]]))","(array([[9.75671041e-02, 9.15647712e-02, 8.55624382e-02, ...,
        3.90208490e-01, 3.90992868e-01, 3.91777247e-01],
       [7.71866610e-01, 7.22466919e-01, 6.73067229e-01, ...,
        6.55819518e-02, 6.49998411e-02, 6.44177305e-02],
       [2.71828658e-01, 2.55207017e-01, 2.38585376e-01, ...,
        2.42682405e-04, 2.49146639e-04, 2.55610873e-04],
       ...,
       [7.35967675e-01, 6.91356929e-01, 6.46746183e-01, ...,
        9.25960422e-06, 9.20685498e-06, 9.15410575e-06],
       [9.72531501e-01, 9.09575813e-01, 8.46620126e-01, ...,
        7.09212494e-01, 7.09386585e-01, 7.09560675e-01],
       [7.63105903e-01, 7.13938553e-01, 6.64771202e-01, ...,
        9.33863875e-03, 9.71032500e-03, 1.00820112e-02]]), array([[0.0975671 , 0.09156477, 0.08556244, ..., 0.36454508, 0.36561802,
        0.35914   ],
       [0.77186661, 0.72246692, 0.67306723, ..., 0.15579105, 0.15764863,
        0.15645757],
       [0.27182866, 0.25520702, 0.23858538, ..., 0.04955256, 0.05097911,
        0.05119042],
       ...,
       [0.73596767, 0.69135693, 0.64674618, ..., 0.00136619, 0.00138339,
        0.00138275],
       [0.9725315 , 0.90957581, 0.84662013, ..., 0.58078567, 0.5837156 ,
        0.57654527],
       [0.7631059 , 0.71393855, 0.6647712 , ..., 0.11626819, 0.11810586,
        0.11769227]]))"
15,future_outlook,zz294_VAE_saved_sims_dgLV_I5_dgLV_B92_T8_fixed,8,future_outlook_8000_raw_latent_2025-02-03T21:54.npz,8000,raw,latent,"(8000, 8, 768)","(2000, 8, 768)","[0.997722   0.99891447 0.99917881 0.99937267 0.99951407 0.99957205
 0.99962417 0.99967388 0.99972316 0.99974198 0.99966015 0.99946502
 0.99914611 0.99945807 0.99957187 0.99957454 0.99956609 0.99954556
 0.99952453 0.99953387 0.99955401 0.99962887 0.99969424 0.99972423
 0.99977308 0.99977169 0.99968642 0.99945936 0.99907572 0.9994529
 0.99965459 0.99973065 0.99973694 0.99970776 0.99966323 0.99966454
 0.9996777  0.99973979 0.99979812 0.99982566 0.99985002 0.99982971
 0.99974263 0.99951797 0.99912389 0.99945955 0.99967942 0.99981507
 0.99986535 0.99988638 0.99987979 0.99988496 0.99988271 0.99989471
 0.99990571 0.99990187 0.99988227 0.99982123 0.99970754 0.99948398
 0.99971733 0.99984605 0.99991322 0.99992729 0.99991346 0.99990157
 0.99988285 0.99987543 0.9998685  0.99986834 0.99987316 0.99987348
 0.99987559 0.99986475 0.99982119 0.99970532 0.99982694 0.99988874
 0.99991435 0.99991882 0.99991315 0.99991232 0.99989848 0.99989122
 0.99988994 0.99990507 0.99992349 0.99993532 0.99993431 0.99990384
 0.9998358  0.9996934  0.99981373 0.9998897  0.99992447 0.99994054
 0.99993467 0.99994347 0.99993468 0.99993177 0.99993364 0.99994239
 0.99994213 0.99992612 0.99988156 0.99979931 0.99966456 0.99980638
 0.99989246 0.99993505 0.9999455  0.99994365 0.99992682 0.99990585
 0.99988521 0.99987755 0.99988497 0.99989039 0.99990482 0.99991694
 0.99991521 0.99988054 0.99979326 0.99988654 0.99990099 0.99986974
 0.99976933 0.99950778 0.99568621 0.99634648 0.99610715 0.99625964
 0.9962535  0.99610713 0.99601849 0.99578605 0.9955425  0.99525753
 0.99491989 0.99526422 0.9955496  0.99566875 0.99567022 0.99556946
 0.99549845 0.9954776  0.99545903 0.99526198 0.99502678 0.99471528
 0.99437266 0.99388245 0.99331693 0.99254603 0.9931514  0.9934918
 0.99371633 0.99380751 0.99386789 0.99390256 0.99384291 0.99375761
 0.99364756 0.99340193 0.99316837 0.99287745 0.99253179 0.99205187
 0.99153329 0.99084251 0.99149953 0.99186736 0.9921394  0.99230081
 0.99240931 0.99247718 0.99242826 0.99232715 0.9921951  0.99196103
 0.99171006 0.99143462 0.99103702 0.9905633  0.99003106 0.98937854
 0.98994812 0.99031328 0.99060328 0.99076734 0.990875   0.99095694
 0.99089295 0.99071952 0.99052004 0.99022691 0.98992353 0.98959057
 0.98911832 0.98854695 0.98792365 0.98847959 0.98886752 0.98904107
 0.98916262 0.9892073  0.98916416 0.98906996 0.98889515 0.98873209
 0.98858667 0.98831387 0.98797989 0.98760445 0.98707993 0.98652832
 0.98585519 0.98617638 0.98650157 0.98670966 0.98689929 0.98696289
 0.98690323 0.986912   0.98685874 0.98667316 0.98652805 0.98625374
 0.98594745 0.98562672 0.98511788 0.98453649 0.98378408 0.98413333
 0.98439202 0.98454863 0.9846592  0.98471217 0.98459588 0.98431693
 0.98403765 0.98376527 0.98348377 0.98317234 0.98273913 0.98231906
 0.98170563 0.98099069 0.98152079 0.98189528 0.98206358 0.98202166
 0.98203078 0.98229973 0.98286683 0.98148086 0.95865954 0.9590319
 0.9576657  0.95707113 0.95621748 0.95512574 0.95393977 0.95233969
 0.95205262 0.95177973 0.95136678 0.95073772 0.95013785 0.94940945
 0.94830758 0.94711212 0.94571545 0.94417342 0.94238097 0.94043281
 0.93845216 0.93638592 0.93388304 0.93334676 0.93272513 0.93208465
 0.93109965 0.93005523 0.92878784 0.92744753 0.92594936 0.92443004
 0.92268904 0.92081135 0.91883346 0.91700681 0.91511198 0.91299932
 0.91076567 0.91054738 0.91032938 0.90999323 0.90941442 0.90864871
 0.90776594 0.90678389 0.90558826 0.90430278 0.90291466 0.90142406
 0.89974321 0.89810603 0.89631051 0.89442279 0.89227323 0.89224136
 0.89222061 0.89203075 0.89159204 0.89102339 0.89035601 0.8895756
 0.88852094 0.88726755 0.88584484 0.8842364  0.88243778 0.88068308
 0.87874042 0.8767377  0.87676388 0.87672827 0.87673653 0.87651943
 0.87604167 0.87536948 0.87458436 0.87372415 0.8725209  0.87110671
 0.86959877 0.86796739 0.8661583  0.86437063 0.86254093 0.86070067
 0.86086788 0.86088676 0.86094637 0.86098511 0.86087054 0.86044108
 0.85972429 0.85880286 0.85752193 0.85607328 0.85438606 0.85259019
 0.85074588 0.84902265 0.84679646 0.84421932 0.84374165 0.84335896
 0.84320438 0.84317942 0.84298355 0.84253818 0.84186771 0.84099982
 0.8396494  0.83800973 0.83601569 0.8338394  0.83132493 0.82857075
 0.82537489 0.82422303 0.82278416 0.82143414 0.82035714 0.82013667
 0.81990504 0.81957385 0.81928333 0.81888146 0.81793109 0.8167957
 0.73785672 0.73522463 0.73412677 0.7298097  0.72512586 0.72411938
 0.72189634 0.71866018 0.71599397 0.71322044 0.71029992 0.70734798
 0.70402555 0.70070843 0.69689799 0.69293132 0.6887407  0.68439188
 0.67914877 0.67451191 0.67005358 0.66811561 0.66504795 0.66215164
 0.65950727 0.65753552 0.65412023 0.65061592 0.64681581 0.64324018
 0.63954758 0.6354861  0.6313479  0.62674196 0.62173595 0.61769687
 0.61573606 0.61335939 0.6109223  0.60870284 0.60612259 0.60376081
 0.60068739 0.59797372 0.59503787 0.59176628 0.58793762 0.58384917
 0.58058054 0.57781228 0.57439643 0.57121607 0.56999521 0.56833856
 0.56676643 0.56534536 0.56418782 0.56287929 0.56104072 0.55914809
 0.55719819 0.55515368 0.55256307 0.54918013 0.54636201 0.54405819
 0.54137352 0.53915268 0.53900241 0.53854581 0.53849238 0.53876114
 0.53899205 0.53802341 0.53691239 0.53621503 0.53562732 0.53497367
 0.533369   0.53083998 0.52904534 0.52749203 0.52558683 0.5264424
 0.52727825 0.52772228 0.52850564 0.52888997 0.529701   0.530223
 0.53026772 0.53028193 0.52975977 0.52939706 0.52849552 0.52616476
 0.52394042 0.52197613 0.52039275 0.52172151 0.52205517 0.52124388
 0.52109274 0.52121605 0.52225878 0.52336405 0.52443378 0.52557022
 0.52640341 0.52710244 0.52678412 0.5256296  0.52431539 0.52293829
 0.52131051 0.5215907  0.52194869 0.52209762 0.5222348  0.52205768
 0.5219455  0.52335558 0.52474193 0.52474915 0.5250144  0.52477856
 0.52082411 0.52677105 0.38063512 0.37610374 0.3826541  0.37849451
 0.37285184 0.37164712 0.36778775 0.3628976  0.36038223 0.35727755
 0.35446315 0.35210143 0.34869242 0.34499248 0.34103872 0.33699176
 0.33349304 0.33039173 0.3268341  0.32444125 0.32225169 0.32111159
 0.31887247 0.31660939 0.31526699 0.31503261 0.31330902 0.31152566
 0.30966485 0.30816591 0.30707368 0.3054323  0.30441181 0.30279146
 0.30193155 0.30213585 0.30192747 0.30116303 0.30058747 0.30029088
 0.29920925 0.29874163 0.29761246 0.29735508 0.29692475 0.29618619
 0.29497963 0.2932539  0.29292362 0.29432123 0.29500288 0.29587211
 0.29651314 0.29642359 0.2969683  0.29763476 0.29870137 0.29950908
 0.29973924 0.29968103 0.29972012 0.29980723 0.29944937 0.29767387
 0.29674033 0.29740054 0.29760751 0.29830765 0.29884734 0.29893666
 0.29997101 0.3015168  0.3030957  0.3029558  0.30288382 0.30332893
 0.30393778 0.30442473 0.30373762 0.30159611 0.30061464 0.30106637
 0.30124119 0.30204324 0.30277806 0.30284902 0.30358004 0.30374771
 0.30454431 0.30489921 0.30477267 0.30478739 0.30420039 0.30410268
 0.30341555 0.30054963 0.29892822 0.29754687 0.29677158 0.29705172
 0.29607415 0.29345153 0.29200162 0.29092245 0.29109041 0.29134371
 0.29154491 0.29194689 0.29205555 0.29227028 0.29119287 0.28898604
 0.28785148 0.28665219 0.28515694 0.28336443 0.28186565 0.28026218
 0.27888112 0.27718755 0.27554191 0.27613962 0.27671963 0.27510638
 0.27406043 0.27243818 0.26519201 0.2739889 ]","[ 9.58320342e-01  9.58065383e-01  9.57249782e-01  9.57373249e-01
  9.57512982e-01  9.57968784e-01  9.58542197e-01  9.58260920e-01
  9.58406382e-01  9.58236530e-01  9.57957387e-01  9.57050423e-01
  9.56509630e-01  9.57939401e-01  9.58559265e-01  9.58715529e-01
  9.58652520e-01  9.58622903e-01  9.58353979e-01  9.57734785e-01
  9.57005793e-01  9.56305236e-01  9.55291923e-01  9.54246898e-01
  9.53192289e-01  9.51943614e-01  9.50556725e-01  9.48759784e-01
  9.46900063e-01  9.48493210e-01  9.49711431e-01  9.50763841e-01
  9.51396114e-01  9.51819368e-01  9.52163195e-01  9.52336764e-01
  9.52432250e-01  9.52200347e-01  9.51891223e-01  9.51463123e-01
  9.51026727e-01  9.50476192e-01  9.49808579e-01  9.48660564e-01
  9.47429421e-01  9.49039956e-01  9.50324578e-01  9.51347789e-01
  9.51978771e-01  9.52318693e-01  9.52487253e-01  9.52465704e-01
  9.52353241e-01  9.52066808e-01  9.51515780e-01  9.50824959e-01
  9.50114999e-01  9.49193985e-01  9.48134993e-01  9.46728484e-01
  9.47689575e-01  9.48387074e-01  9.48867000e-01  9.49174747e-01
  9.49152468e-01  9.48883012e-01  9.48534006e-01  9.48031574e-01
  9.47487301e-01  9.46861183e-01  9.46024646e-01  9.45041759e-01
  9.44024897e-01  9.42903088e-01  9.41642270e-01  9.40072581e-01
  9.40411167e-01  9.40583370e-01  9.40532618e-01  9.40283791e-01
  9.39830264e-01  9.39286288e-01  9.38758257e-01  9.37995655e-01
  9.37107643e-01  9.36078805e-01  9.34792831e-01  9.33428548e-01
  9.31877556e-01  9.30155106e-01  9.28457189e-01  9.26571810e-01
  9.26721836e-01  9.26642048e-01  9.26270828e-01  9.25890794e-01
  9.25278465e-01  9.24365644e-01  9.23374190e-01  9.22044894e-01
  9.20643996e-01  9.19204962e-01  9.17506920e-01  9.15658869e-01
  9.13494522e-01  9.11145249e-01  9.08642708e-01  9.08196058e-01
  9.07607214e-01  9.06854877e-01  9.05858216e-01  9.04672548e-01
  9.03436956e-01  9.02165794e-01  9.00809267e-01  8.99353020e-01
  8.97593061e-01  8.95721895e-01  8.93552549e-01  8.91376608e-01
  8.89172746e-01  8.86883286e-01  8.84457985e-01  8.84255194e-01
  8.83855863e-01  8.83655105e-01  8.83925943e-01  8.79958716e-01
  8.37372826e-01  8.38318058e-01  8.35570979e-01  8.34366894e-01
  8.32777197e-01  8.30834675e-01  8.28426156e-01  8.25256799e-01
  8.21955608e-01  8.18670222e-01  8.15065960e-01  8.14129060e-01
  8.13238242e-01  8.12027311e-01  8.10197935e-01  8.08433617e-01
  8.06002717e-01  8.03029973e-01  7.99364479e-01  7.95698491e-01
  7.92016360e-01  7.88222070e-01  7.83236754e-01  7.78659645e-01
  7.74015150e-01  7.69606526e-01  7.67849723e-01  7.66144954e-01
  7.64293227e-01  7.62290617e-01  7.59837027e-01  7.57186454e-01
  7.54470480e-01  7.51840108e-01  7.49185173e-01  7.46917805e-01
  7.44270123e-01  7.40997402e-01  7.37688373e-01  7.34394919e-01
  7.31141769e-01  7.27911789e-01  7.26721468e-01  7.25367558e-01
  7.23877642e-01  7.22345415e-01  7.20456834e-01  7.18308489e-01
  7.16166551e-01  7.14117403e-01  7.11856505e-01  7.09922194e-01
  7.07638229e-01  7.04956001e-01  7.02172352e-01  6.99309292e-01
  6.96562498e-01  6.93556082e-01  6.92441305e-01  6.91214598e-01
  6.89893381e-01  6.88662772e-01  6.86888490e-01  6.84610692e-01
  6.82532264e-01  6.80692542e-01  6.78631033e-01  6.76758043e-01
  6.74440002e-01  6.71920361e-01  6.69642094e-01  6.67354851e-01
  6.65138011e-01  6.64591713e-01  6.63804926e-01  6.63045506e-01
  6.62056639e-01  6.61037592e-01  6.59576521e-01  6.57699773e-01
  6.56051127e-01  6.54473149e-01  6.52554381e-01  6.50890072e-01
  6.49109985e-01  6.47278137e-01  6.45624593e-01  6.43521600e-01
  6.41688277e-01  6.41883626e-01  6.41670076e-01  6.41046078e-01
  6.39789252e-01  6.38497638e-01  6.36810536e-01  6.34492352e-01
  6.32014740e-01  6.29824922e-01  6.27689036e-01  6.26147951e-01
  6.23679351e-01  6.20389018e-01  6.17291414e-01  6.14402204e-01
  6.12011915e-01  6.11587749e-01  6.10849338e-01  6.09992137e-01
  6.08758975e-01  6.07180798e-01  6.05120705e-01  6.02982602e-01
  6.00428449e-01  5.97740376e-01  5.94556892e-01  5.91221396e-01
  5.87758100e-01  5.83866777e-01  5.79983178e-01  5.75996571e-01
  5.73867847e-01  5.72890691e-01  5.71571374e-01  5.69455714e-01
  5.66926547e-01  5.62959468e-01  5.58112353e-01  5.60787818e-01
  4.38698922e-01  4.32486666e-01  4.34396483e-01  4.27958909e-01
  4.20252745e-01  4.15960653e-01  4.09375931e-01  4.02143008e-01
  3.97309901e-01  3.91974137e-01  3.86506960e-01  3.81449601e-01
  3.75562537e-01  3.69848221e-01  3.64025152e-01  3.58082364e-01
  3.52000709e-01  3.45894305e-01  3.38514783e-01  3.32742984e-01
  3.27456602e-01  3.23202776e-01  3.18040986e-01  3.13888516e-01
  3.10105983e-01  3.07279630e-01  3.02923106e-01  2.98769338e-01
  2.94851184e-01  2.91246934e-01  2.87574845e-01  2.83226560e-01
  2.79879450e-01  2.76541102e-01  2.73038694e-01  2.70540392e-01
  2.67551633e-01  2.63983127e-01  2.60690050e-01  2.58245978e-01
  2.54919885e-01  2.52247927e-01  2.48933229e-01  2.46606788e-01
  2.44343573e-01  2.41930224e-01  2.39115964e-01  2.35928988e-01
  2.34409749e-01  2.33982509e-01  2.32960790e-01  2.31986816e-01
  2.30875256e-01  2.28905000e-01  2.27830785e-01  2.27071084e-01
  2.26505063e-01  2.25796624e-01  2.24597723e-01  2.23111161e-01
  2.21882287e-01  2.21045606e-01  2.19854880e-01  2.17460317e-01
  2.16378113e-01  2.16623299e-01  2.16411124e-01  2.16209475e-01
  2.15638060e-01  2.14118672e-01  2.14000694e-01  2.14348814e-01
  2.14425027e-01  2.12781806e-01  2.11622694e-01  2.11379305e-01
  2.11627818e-01  2.12107139e-01  2.11890454e-01  2.10275073e-01
  2.09614654e-01  2.09359091e-01  2.08703661e-01  2.08442939e-01
  2.08028560e-01  2.06965953e-01  2.07214679e-01  2.06870470e-01
  2.07063184e-01  2.06462635e-01  2.05311945e-01  2.04521071e-01
  2.03257434e-01  2.02660972e-01  2.01755055e-01  1.98652530e-01
  1.96112939e-01  1.94509474e-01  1.93248304e-01  1.92875460e-01
  1.91424828e-01  1.88409498e-01  1.87255060e-01  1.86132891e-01
  1.86048706e-01  1.85843887e-01  1.85740873e-01  1.86017223e-01
  1.86065298e-01  1.86313016e-01  1.85722345e-01  1.84106716e-01
  1.82849580e-01  1.81769936e-01  1.80637774e-01  1.79138252e-01
  1.77932372e-01  1.77259666e-01  1.76647859e-01  1.75317584e-01
  1.73831764e-01  1.73767221e-01  1.73788584e-01  1.71416067e-01
  1.69967155e-01  1.67884230e-01  1.60067025e-01  1.72145739e-01
  6.13131511e-02  5.42313543e-02  6.15210674e-02  5.29398604e-02
  4.23509605e-02  3.79123354e-02  2.97699724e-02  2.02631676e-02
  1.41516989e-02  6.93408998e-03  4.96976467e-04 -4.75135312e-03
 -1.14476988e-02 -1.84204082e-02 -2.56476390e-02 -3.30511837e-02
 -3.94666808e-02 -4.51290055e-02 -5.28981596e-02 -5.87538080e-02
 -6.43234662e-02 -6.95214489e-02 -7.59223489e-02 -8.23037537e-02
 -8.72588008e-02 -9.08280126e-02 -9.60556528e-02 -1.01093361e-01
 -1.05986495e-01 -1.10173948e-01 -1.13401909e-01 -1.17447994e-01
 -1.19992558e-01 -1.23125998e-01 -1.26643836e-01 -1.28527007e-01
 -1.32845534e-01 -1.37865272e-01 -1.42376317e-01 -1.46225345e-01
 -1.51542412e-01 -1.55607666e-01 -1.60501436e-01 -1.63542055e-01
 -1.66908535e-01 -1.70610464e-01 -1.74546197e-01 -1.78893775e-01
 -1.80509144e-01 -1.80104955e-01 -1.80898235e-01 -1.81450341e-01
 -1.84311515e-01 -1.88160568e-01 -1.90784446e-01 -1.93089430e-01
 -1.94900054e-01 -1.96538031e-01 -1.98846469e-01 -2.01240440e-01
 -2.03432705e-01 -2.05084087e-01 -2.06464383e-01 -2.09792199e-01
 -2.11495035e-01 -2.11665257e-01 -2.12826759e-01 -2.13126309e-01
 -2.14852587e-01 -2.17270701e-01 -2.18134951e-01 -2.17551773e-01
 -2.17009518e-01 -2.18924787e-01 -2.20308318e-01 -2.20147700e-01
 -2.19207605e-01 -2.18023683e-01 -2.17898011e-01 -2.19960124e-01
 -2.20185166e-01 -2.19851527e-01 -2.20424219e-01 -2.21240655e-01
 -2.21926649e-01 -2.23202994e-01 -2.23227960e-01 -2.23897541e-01
 -2.23100966e-01 -2.22530662e-01 -2.22933291e-01 -2.22517908e-01
 -2.23101576e-01 -2.22727592e-01 -2.22375415e-01 -2.25846453e-01
 -2.28202231e-01 -2.29178805e-01 -2.29061393e-01 -2.28352453e-01
 -2.29935160e-01 -2.33928730e-01 -2.36037967e-01 -2.37145147e-01
 -2.36144908e-01 -2.34790564e-01 -2.33334569e-01 -2.30571557e-01
 -2.27648826e-01 -2.24047279e-01 -2.22120961e-01 -2.21610055e-01
 -2.20885981e-01 -2.20104958e-01 -2.19346012e-01 -2.20330181e-01
 -2.19795297e-01 -2.18745607e-01 -2.16750825e-01 -2.15380255e-01
 -2.14530145e-01 -2.11396038e-01 -2.07562013e-01 -2.07283795e-01
 -2.05642562e-01 -2.05570506e-01 -2.16331678e-01 -1.92595084e-01
 -3.34846436e-01 -3.40969651e-01 -3.20414662e-01 -3.26382081e-01
 -3.35422931e-01 -3.34892558e-01 -3.38518020e-01 -3.42023058e-01
 -3.40402967e-01 -3.42132926e-01 -3.42722377e-01 -3.42463916e-01
 -3.43571510e-01 -3.45004138e-01 -3.45445361e-01 -3.46037309e-01
 -3.45420211e-01 -3.44293657e-01 -3.47744891e-01 -3.49163468e-01
 -3.50540735e-01 -3.50420895e-01 -3.51331767e-01 -3.52217374e-01
 -3.51210549e-01 -3.48810818e-01 -3.47072120e-01 -3.45038447e-01
 -3.41868447e-01 -3.39042254e-01 -3.35864666e-01 -3.33965266e-01
 -3.29558765e-01 -3.25438749e-01 -3.23559949e-01 -3.21336396e-01
 -3.19870626e-01 -3.19738215e-01 -3.18979884e-01 -3.17292329e-01
 -3.17857226e-01 -3.16481364e-01 -3.15531588e-01 -3.12796956e-01
 -3.09703373e-01 -3.06460964e-01 -3.03175038e-01 -3.00955632e-01
 -2.96165340e-01 -2.92239893e-01 -2.88862641e-01 -2.86123607e-01
 -2.83485653e-01 -2.82382735e-01 -2.79253601e-01 -2.76058769e-01
 -2.72436054e-01 -2.68907685e-01 -2.65693423e-01 -2.63560457e-01
 -2.60979650e-01 -2.57551320e-01 -2.53491765e-01 -2.51560146e-01
 -2.48264377e-01 -2.45762617e-01 -2.43668516e-01 -2.41234383e-01
 -2.38831969e-01 -2.37545115e-01 -2.34215466e-01 -2.29695547e-01
 -2.25311374e-01 -2.23646680e-01 -2.20789346e-01 -2.16876647e-01
 -2.12428864e-01 -2.07894526e-01 -2.04370650e-01 -2.03003412e-01
 -1.99856104e-01 -1.98074341e-01 -1.96543368e-01 -1.94244619e-01
 -1.92165628e-01 -1.91418559e-01 -1.89643611e-01 -1.88157146e-01
 -1.85244541e-01 -1.82900859e-01 -1.81273151e-01 -1.78969711e-01
 -1.77099411e-01 -1.73775986e-01 -1.70662740e-01 -1.71235163e-01
 -1.73000316e-01 -1.74016891e-01 -1.73957754e-01 -1.72761889e-01
 -1.73374125e-01 -1.75939949e-01 -1.76637971e-01 -1.76820784e-01
 -1.75399783e-01 -1.74023017e-01 -1.72261179e-01 -1.69713600e-01
 -1.67295704e-01 -1.64432677e-01 -1.63119895e-01 -1.63555162e-01
 -1.65282108e-01 -1.66628335e-01 -1.67557606e-01 -1.68478128e-01
 -1.68086601e-01 -1.66994949e-01 -1.65293025e-01 -1.64415929e-01
 -1.64422149e-01 -1.62694913e-01 -1.60706083e-01 -1.62202964e-01
 -1.62669183e-01 -1.64175108e-01 -1.76268217e-01 -1.58115196e-01]","[0.0032829  0.00227759 0.00199181 0.00175121 0.00155106 0.00146541
 0.00138311 0.0012981  0.00120545 0.00117333 0.0013581  0.00171905
 0.00219165 0.00175766 0.00157372 0.00158129 0.00161059 0.00166329
 0.00171777 0.0017181  0.0016984  0.00156646 0.0014381  0.00138189
 0.00126878 0.00128851 0.00152933 0.00203415 0.00269481 0.00209116
 0.00167685 0.00149514 0.00149269 0.0015901  0.00172593 0.00174238
 0.00172814 0.00157176 0.00140176 0.00131932 0.00123964 0.0013384
 0.00166754 0.00231318 0.00316149 0.00250097 0.00194088 0.00148593
 0.00127859 0.0011848  0.00122975 0.00121435 0.00123802 0.00118468
 0.00113256 0.00116752 0.00129244 0.00160997 0.00208205 0.00279664
 0.00207966 0.00154243 0.00116414 0.00107145 0.00117563 0.00126129
 0.00138454 0.00143685 0.00148604 0.00149709 0.00147973 0.0014885
 0.00148688 0.00156193 0.0018097  0.00234137 0.00179977 0.00144777
 0.00127469 0.00124557 0.00129332 0.00130482 0.00141004 0.00146611
 0.00148157 0.0013826  0.00124747 0.0011529  0.00116809 0.00142103
 0.00186737 0.00256641 0.00200223 0.0015425  0.00127813 0.00113585
 0.00119277 0.00111178 0.0011977  0.00122702 0.00121331 0.00113376
 0.00113975 0.0012919  0.00164138 0.00214433 0.00278281 0.0021118
 0.00157242 0.00122116 0.00111804 0.00113666 0.00129524 0.00146947
 0.00162329 0.0016777  0.00162752 0.0015905  0.00148408 0.00138853
 0.00140545 0.00167159 0.00220387 0.00162994 0.00152053 0.0017422
 0.00231669 0.00338267 0.01001272 0.00921632 0.00951811 0.00933733
 0.00935539 0.00954994 0.0096747  0.00997326 0.01028126 0.01063257
 0.01103654 0.01064692 0.01031687 0.01017799 0.01018085 0.01030772
 0.01040362 0.01044581 0.01048985 0.01074264 0.01103894 0.01141799
 0.01182692 0.01238276 0.01300133 0.01379823 0.01322472 0.01289542
 0.01267926 0.01259983 0.01255578 0.01254235 0.01263042 0.01274931
 0.01289784 0.01318687 0.01346575 0.01380279 0.01419318 0.01470837
 0.01525402 0.01594558 0.01535877 0.01502317 0.01477448 0.01463098
 0.01454069 0.01449288 0.01456157 0.01468448 0.01484081 0.01509694
 0.0153709  0.01566931 0.01607946 0.01655534 0.01707837 0.01769771
 0.0172044  0.01688179 0.01662479 0.01648137 0.01639199 0.01632983
 0.01640381 0.0165804  0.01678371 0.01707245 0.01737192 0.01769856
 0.01814342 0.01866775 0.01922964 0.01876774 0.01843967 0.01829045
 0.01818822 0.01815455 0.01819905 0.01829066 0.01845354 0.01861028
 0.01875633 0.01901031 0.01931615 0.01965673 0.02011505 0.02059237
 0.02115907 0.02089962 0.0206394  0.02047152 0.02032149 0.02027327
 0.02032542 0.02032906 0.02038548 0.02054879 0.02068501 0.02092415
 0.02119063 0.02147091 0.021893   0.02236764 0.02296265 0.0226766
 0.02245936 0.02232043 0.02222005 0.02216681 0.02224159 0.02243822
 0.02263886 0.02283866 0.02304905 0.02328449 0.02360754 0.0239245
 0.02437391 0.02489032 0.02448923 0.02419385 0.02404047 0.02403296
 0.02399644 0.02379112 0.02338729 0.02429974 0.03629137 0.03612083
 0.03671933 0.03698552 0.0373689  0.03785784 0.03838939 0.03909409
 0.03911592 0.03914067 0.03923083 0.03941597 0.03959699 0.03983654
 0.04022906 0.04066251 0.04117696 0.04174915 0.04241621 0.0431405
 0.04387645 0.04464321 0.04556157 0.04565433 0.04578431 0.04592871
 0.0461969  0.04649156 0.04686638 0.04727069 0.0477316  0.04820438
 0.04875256 0.04934784 0.04997808 0.05056629 0.05118068 0.05186577
 0.05259146 0.05256473 0.0525478  0.05257536 0.05268339 0.05285499
 0.0530694  0.05332117 0.05364249 0.0539975  0.05438952 0.05481817
 0.05530737 0.05579218 0.0563281  0.05689666 0.05754295 0.05744537
 0.05735687 0.05732539 0.05737181 0.05746427 0.05759433 0.05776559
 0.0580198  0.05833656 0.05870766 0.05913676 0.05962434 0.06011076
 0.06065461 0.06122347 0.06110575 0.06101431 0.06092301 0.06089837
 0.06094879 0.06105757 0.06120442 0.06137998 0.06164898 0.06197861
 0.06234021 0.06274069 0.06319258 0.06364863 0.06412402 0.06461152
 0.06444656 0.06432765 0.06421106 0.06411106 0.06405819 0.06408945
 0.06419805 0.0643646  0.06462382 0.06493146 0.065303   0.0657088
 0.06613534 0.06654536 0.06707625 0.06769311 0.06764711 0.06759446
 0.06750685 0.06740588 0.06735625 0.06737465 0.06745559 0.06759287
 0.06784657 0.06817481 0.0685905  0.06905685 0.06960566 0.07021569
 0.0709273  0.07100635 0.07115574 0.07129968 0.07140216 0.07134849
 0.07131176 0.07130952 0.07131408 0.07135549 0.07151963 0.07173458
 0.08581739 0.08627438 0.08649861 0.08726234 0.08809882 0.08807043
 0.08825352 0.088613   0.08889833 0.08921703 0.0895753  0.08995539
 0.09040941 0.09087969 0.0914419  0.09204457 0.0926978  0.0933917
 0.09423446 0.095005   0.09576757 0.09584334 0.0961043  0.09636245
 0.09660728 0.09678036 0.09718088 0.09761677 0.09811703 0.09860957
 0.09914227 0.0997498  0.10039207 0.10112234 0.10193098 0.10263431
 0.1026913  0.10282539 0.10298908 0.10314597 0.10337266 0.10359317
 0.10392923 0.10424113 0.10460487 0.10503503 0.10555978 0.10614061
 0.1066403  0.10710061 0.10766744 0.10822895 0.10817816 0.10820608
 0.10824739 0.10829416 0.10833279 0.1084151  0.10858803 0.10879256
 0.10902923 0.10930274 0.10966854 0.11015642 0.11060042 0.11100731
 0.11148632 0.11193484 0.11176182 0.11165406 0.11152583 0.11138721
 0.11128178 0.11134966 0.1114632  0.11155557 0.1116635  0.11180814
 0.11209586 0.11252322 0.11289122 0.11325915 0.11369812 0.11343768
 0.11320483 0.11304412 0.11286805 0.112765   0.11263612 0.11256707
 0.11258041 0.11262264 0.11275437 0.11289219 0.11311983 0.11354404
 0.11398061 0.11441126 0.11482158 0.11453976 0.11440143 0.11442436
 0.11439265 0.11435257 0.11422704 0.11411826 0.11403785 0.11397345
 0.11396939 0.11400536 0.11418793 0.1144955  0.1148465  0.11522924
 0.11566639 0.11552001 0.11539106 0.11531419 0.11526561 0.11528181
 0.11531707 0.1151954  0.11510296 0.115204   0.11530037 0.11548408
 0.11614586 0.11563029 0.13255175 0.13333369 0.13252189 0.13288418
 0.1334294  0.13352799 0.13393516 0.13447728 0.13479511 0.13520211
 0.13560572 0.13598915 0.13650987 0.13708841 0.13772087 0.13839051
 0.13903051 0.13965676 0.13990776 0.140065   0.14022909 0.1403129
 0.14053872 0.14079541 0.14098589 0.14109108 0.14137843 0.14170074
 0.14205984 0.14241054 0.14274815 0.14317107 0.14355866 0.14403671
 0.14397786 0.14384211 0.14378194 0.14381205 0.14385582 0.14390404
 0.14406616 0.14419833 0.1444317  0.14460856 0.14483625 0.14512868
 0.14550232 0.14596251 0.14631133 0.14600667 0.14580516 0.14561334
 0.14547422 0.14543974 0.14536879 0.14531434 0.14524749 0.14523633
 0.14531394 0.14545037 0.14560553 0.14578442 0.14603829 0.14646868
 0.14684001 0.14658647 0.14640864 0.14620792 0.14605248 0.14597253
 0.14582277 0.14564824 0.14549864 0.14555688 0.14563654 0.1456906
 0.14575582 0.14586198 0.14611945 0.14655786 0.14690288 0.1466226
 0.14640316 0.14614994 0.1459358  0.1458232  0.14567364 0.14561512
 0.14552293 0.14550903 0.1455776  0.14566342 0.14584431 0.14600589
 0.14626122 0.14677721 0.14669683 0.14661962 0.14650785 0.1463153
 0.14628288 0.14645025 0.14652504 0.14659088 0.14655741 0.14654481
 0.14656726 0.14659856 0.14668978 0.14679952 0.14707277 0.14749277
 0.14735377 0.14725163 0.14721033 0.14723    0.14725007 0.14731168
 0.14738152 0.14751442 0.14767365 0.14763563 0.14763084 0.14788129
 0.14810535 0.14841968 0.14933809 0.1486527 ]","[0.01361164 0.01371372 0.01391429 0.01396858 0.01402649 0.01403781
 0.01403413 0.01418051 0.01426043 0.01440027 0.01456518 0.01484524
 0.01506856 0.01491503 0.01491066 0.01499842 0.0151358  0.0152769
 0.01547205 0.0157426  0.01604415 0.01635093 0.01672676 0.01711912
 0.01752385 0.0179755  0.01846355 0.01903852 0.01963536 0.01951865
 0.01947758 0.01947449 0.01956174 0.01969991 0.01986353 0.02007199
 0.02030666 0.02062164 0.02096439 0.0213443  0.02173728 0.02216681
 0.02263396 0.02322143 0.0238402  0.02365458 0.0235452  0.02350038
 0.02355502 0.02368791 0.02387135 0.02411124 0.02438331 0.02470937
 0.0251137  0.02556471 0.02603126 0.0265635  0.0271426  0.0278234
 0.02770527 0.02766114 0.0276807  0.02775307 0.02792263 0.02816797
 0.02844342 0.02876956 0.02911566 0.02949284 0.02993682 0.03042976
 0.03094046 0.03148851 0.03208313 0.03277054 0.03278005 0.03284211
 0.03297295 0.03316618 0.03342388 0.03371436 0.03400808 0.03437455
 0.03478332 0.03523845 0.03577157 0.03633303 0.03695207 0.03762387
 0.03829531 0.03902312 0.03901545 0.03907775 0.0392265  0.03938642
 0.0396168  0.0399353  0.04028276 0.04072684 0.04119705 0.04168463
 0.04224621 0.04285294 0.04354612 0.04429122 0.04507958 0.04514343
 0.04525201 0.04541021 0.04563724 0.04591896 0.04622146 0.04654135
 0.04689047 0.04727206 0.04773348 0.04822894 0.04880107 0.04938226
 0.04997766 0.05060043 0.05126164 0.05124009 0.05127683 0.05128464
 0.05120361 0.05206504 0.06061134 0.06046348 0.06102176 0.06130977
 0.06168666 0.06214587 0.06270753 0.06342419 0.06418017 0.06494905
 0.06579088 0.06591091 0.06604966 0.066272   0.06663006 0.06700338
 0.06751986 0.06815665 0.0689386  0.06974584 0.07058168 0.07146286
 0.07257048 0.07363515 0.07473756 0.07582825 0.07610788 0.07640613
 0.07675578 0.07715752 0.07765994 0.07822166 0.07882154 0.07943563
 0.08008192 0.08069491 0.0813973  0.08222777 0.08309261 0.08398379
 0.08489759 0.08583685 0.08600109 0.08621632 0.08647821 0.08677217
 0.08714729 0.08758835 0.08805396 0.08853093 0.08906658 0.08957778
 0.09016911 0.09084795 0.09156851 0.09232746 0.09309486 0.09392843
 0.09405119 0.09421734 0.0944243  0.09464402 0.09497293 0.09540461
 0.09583263 0.09625143 0.09673061 0.09720846 0.09778034 0.09840957
 0.09902979 0.09967863 0.10034423 0.10036806 0.10045195 0.10055589
 0.10071827 0.10090938 0.10119052 0.10155761 0.10191509 0.1022865
 0.10273279 0.10316596 0.1036408  0.10414788 0.10465324 0.10524958
 0.10583072 0.10572292 0.10569984 0.10576164 0.10594089 0.10614945
 0.1064403  0.10684768 0.10730235 0.10773925 0.10819276 0.1085845
 0.10913563 0.10983033 0.11052158 0.11120741 0.11184619 0.11172277
 0.11167096 0.11166265 0.11173464 0.11188231 0.11212494 0.112405
 0.11277033 0.11318097 0.11368771 0.11424216 0.11484103 0.11552611
 0.11623683 0.11698876 0.11703507 0.11694618 0.11692776 0.11704137
 0.1172342  0.11764383 0.11819287 0.11775852 0.13306568 0.13377115
 0.13354581 0.13433251 0.13529244 0.13587984 0.13676095 0.13774317
 0.13799696 0.13833673 0.1387201  0.13908666 0.13957636 0.14007686
 0.14062022 0.14120806 0.14184285 0.14251251 0.14335289 0.14405177
 0.1447324  0.14533693 0.14607427 0.14624881 0.14641053 0.14649838
 0.14677572 0.14705925 0.14734618 0.14762895 0.14794782 0.14836599
 0.14870998 0.14908305 0.14950316 0.14985047 0.15027883 0.15079731
 0.1513183  0.15131808 0.1514347  0.15151194 0.15168169 0.1517794
 0.15189901 0.15206217 0.15229406 0.1525918  0.15275193 0.15283243
 0.15300162 0.15319543 0.15343236 0.15378432 0.1540763  0.15387331
 0.15368137 0.1535341  0.15346604 0.15345707 0.15345343 0.15344215
 0.1534969  0.15370115 0.15380771 0.15381543 0.15389951 0.15401399
 0.1541962  0.15450301 0.15421304 0.15390467 0.15365044 0.15359162
 0.1535128  0.15337245 0.15321219 0.15305756 0.15299859 0.15310335
 0.15314354 0.15317267 0.15326872 0.15335473 0.1534838  0.15370385
 0.1533656  0.15311347 0.15283843 0.15266887 0.15258119 0.15248806
 0.15246946 0.15241641 0.15242248 0.15266754 0.15288819 0.1530494
 0.15320791 0.15331197 0.1535483  0.15396304 0.15374283 0.15355309
 0.15329944 0.15309155 0.15290863 0.15272484 0.15259732 0.15248602
 0.15248822 0.15262129 0.15275578 0.15290872 0.15310166 0.15336403
 0.15363407 0.15339516 0.15318117 0.15306465 0.15299324 0.15282132
 0.15267288 0.15277684 0.15282684 0.15296662 0.1536633  0.15256614
 0.16250445 0.16319662 0.16268017 0.16357024 0.16466483 0.16470674
 0.16509745 0.1656343  0.16591577 0.16632368 0.16669999 0.16701206
 0.16747976 0.16800552 0.16858774 0.16922023 0.16980816 0.17037167
 0.171144   0.17179815 0.17246704 0.1724989  0.17266972 0.17288116
 0.17302199 0.17309725 0.17334917 0.17363126 0.17394762 0.17425471
 0.17453324 0.17492289 0.17524222 0.17565499 0.17614521 0.17655503
 0.17653959 0.17661564 0.17668946 0.17675008 0.17696206 0.17711637
 0.17737313 0.1775277  0.17774707 0.17803205 0.17837499 0.1787895
 0.17903735 0.17917265 0.17943934 0.17972816 0.17955968 0.17950298
 0.17939107 0.17929316 0.17919657 0.17912585 0.17914429 0.17920819
 0.17929634 0.17938369 0.17949055 0.17978192 0.17999227 0.18012858
 0.18037834 0.1806037  0.1803672  0.18022872 0.18002235 0.17975688
 0.17954258 0.17955762 0.17958161 0.17954034 0.17949014 0.17947033
 0.17957676 0.17989279 0.18012162 0.18035717 0.18070752 0.18050743
 0.1803386  0.18025438 0.18011921 0.18007294 0.17996033 0.17990594
 0.17996471 0.18000484 0.18016002 0.18028611 0.18045506 0.18094753
 0.1813991  0.18179004 0.18214091 0.18189792 0.18186637 0.18205449
 0.18214518 0.18220408 0.18214998 0.18211191 0.18210832 0.1820499
 0.18202093 0.18198247 0.18210922 0.18238237 0.18268049 0.1830149
 0.18339123 0.18329352 0.18312434 0.18295932 0.18276616 0.18266262
 0.1826409  0.18248989 0.18232808 0.18247672 0.18256448 0.182813
 0.18392437 0.18245681 0.19343106 0.19431777 0.19262583 0.19290297
 0.19344102 0.19332436 0.19354845 0.19380355 0.19372853 0.19393568
 0.19410055 0.19424416 0.19452657 0.1948725  0.19518643 0.19555093
 0.19586691 0.19618464 0.19623756 0.19618215 0.19616384 0.19607712
 0.19610564 0.19617277 0.19614307 0.19605254 0.19605014 0.19606623
 0.19603906 0.19607622 0.19612656 0.19630953 0.19634619 0.19644132
 0.19611265 0.19580427 0.19559787 0.19553609 0.19547376 0.19538834
 0.19551568 0.19554469 0.19565077 0.19566918 0.19570531 0.19577435
 0.19588375 0.19611673 0.19619852 0.19569339 0.19526827 0.19492999
 0.19463783 0.19450051 0.19424789 0.19402841 0.1938143  0.19364505
 0.19353729 0.19354969 0.19356515 0.19355247 0.19352752 0.19370313
 0.19380931 0.19337903 0.19302055 0.19267584 0.19237373 0.19219837
 0.1919044  0.19155751 0.1912605  0.19121516 0.19111609 0.19097334
 0.19082695 0.19071161 0.19071376 0.19092473 0.19103228 0.19061254
 0.19025733 0.18988575 0.18957633 0.18941751 0.18922166 0.18909338
 0.18889606 0.18878829 0.18878183 0.18876535 0.18882725 0.18881585
 0.188864   0.18925248 0.18906518 0.18885438 0.1885944  0.18828082
 0.18815015 0.18821363 0.18816531 0.18811381 0.18797219 0.18787214
 0.18777922 0.18766107 0.1875908  0.18752199 0.18761518 0.18788675
 0.18763609 0.18739323 0.18715578 0.18695686 0.18669255 0.18641222
 0.1861232  0.18594012 0.18586765 0.1856969  0.18554525 0.18571216
 0.18583678 0.18608453 0.18721678 0.1859732 ]","(array([[7.30042178e-01, 6.84741763e-01, 6.39441349e-01, ...,
        1.95249458e-06, 1.96612537e-06, 1.97975617e-06],
       [5.64053665e-01, 5.27962143e-01, 4.91870621e-01, ...,
        8.15302906e-06, 7.17702960e-06, 6.20103014e-06],
       [9.23409898e-01, 8.66195762e-01, 8.08981626e-01, ...,
        2.64619657e-06, 2.68996276e-06, 2.73372894e-06],
       ...,
       [8.17485801e-02, 7.70459346e-02, 7.23432890e-02, ...,
        3.20593530e-06, 3.20600709e-06, 3.20607888e-06],
       [7.95382529e-02, 7.44374341e-02, 6.93366152e-02, ...,
        3.24802258e-06, 3.24425044e-06, 3.24047829e-06],
       [6.15882122e-01, 5.76576399e-01, 5.37270676e-01, ...,
        1.35362828e-06, 1.36564155e-06, 1.37765482e-06]]), array([[0.73004218, 0.68474176, 0.63944135, ..., 0.24189528, 0.24361046,
        0.24179034],
       [0.56405366, 0.52796214, 0.49187062, ..., 0.18281374, 0.18383118,
        0.18126335],
       [0.9234099 , 0.86619576, 0.80898163, ..., 0.20359908, 0.20583294,
        0.20441434],
       ...,
       [0.08174858, 0.07704593, 0.07234329, ..., 0.21795716, 0.21978791,
        0.21695524],
       [0.07953825, 0.07443743, 0.06933662, ..., 0.04251909, 0.03936848,
        0.03870388],
       [0.61588212, 0.5765764 , 0.53727068, ..., 0.03870652, 0.03780746,
        0.03776366]]))","(array([[9.75671041e-02, 9.15647712e-02, 8.55624382e-02, ...,
        3.90208490e-01, 3.90992868e-01, 3.91777247e-01],
       [7.71866610e-01, 7.22466919e-01, 6.73067229e-01, ...,
        6.55819518e-02, 6.49998411e-02, 6.44177305e-02],
       [2.71828658e-01, 2.55207017e-01, 2.38585376e-01, ...,
        2.42682405e-04, 2.49146639e-04, 2.55610873e-04],
       ...,
       [7.35967675e-01, 6.91356929e-01, 6.46746183e-01, ...,
        9.25960422e-06, 9.20685498e-06, 9.15410575e-06],
       [9.72531501e-01, 9.09575813e-01, 8.46620126e-01, ...,
        7.09212494e-01, 7.09386585e-01, 7.09560675e-01],
       [7.63105903e-01, 7.13938553e-01, 6.64771202e-01, ...,
        9.33863875e-03, 9.71032500e-03, 1.00820112e-02]]), array([[0.0975671 , 0.09156477, 0.08556244, ..., 0.38388908, 0.3852535 ,
        0.3789106 ],
       [0.77186661, 0.72246692, 0.67306723, ..., 0.18551972, 0.18849085,
        0.18622117],
       [0.27182866, 0.25520702, 0.23858538, ..., 0.12230019, 0.12553141,
        0.12488001],
       ...,
       [0.73596767, 0.69135693, 0.64674618, ..., 0.00374362, 0.00377007,
        0.003808  ],
       [0.9725315 , 0.90957581, 0.84662013, ..., 0.50337627, 0.50491077,
        0.49655089],
       [0.7631059 , 0.71393855, 0.6647712 , ..., 0.1239967 , 0.12675264,
        0.12624432]]))"
