,file_name,r2_train_all,r2_test_all
0,zach_growth_curves_2023-03-27_3_y.npy,0.9988485499036329,0.9971100639600358
1,zhixiang_zy_comb_lt7_day7_gfp_y.npy,0.9958701705528913,0.9909323704344086
2,carolyn_11252018_resistome_longterm_TS30_47-2_y.npy,0.9990928824439587,0.9991580060977295
3,carolyn_Plate 91 Trial 3_y.npy,0.9972356720811552,0.9968299757894281
4,zhixiang_zy_comb_lt8_day3_gfp_y.npy,0.9980068066160693,0.9981146998437979
5,carolyn_20170904_Fowler_24-46_LB_Carb-5ugml_10000x_y.npy,0.999018534202563,0.9994978541782492
6,carolyn_20170907_Fowler_139-161_LB_Carb-5ugml_10000x_y.npy,0.9994223219455334,0.9994450977461233
7,schluter_ca9512587998e63dcd50b2_y.npy,0.9819196975190099,0.9739439461697295
8,zach_other_2020-12-15 mCherry Capsule Supernatant_y.npy,0.6130846881315479,0.4078568865759806
9,zhixiang_zy_comb_lt8_day0_od600_y.npy,0.9997327810562087,0.999765713367992
10,lopatkin_lab_8.3.001_Day21_Day21_Col2_KS_20210812_Day21_Col2_y.npy,0.9989421569952455,0.9989762800924661
11,schluter_0f0e735fb05b8dfd877424_y.npy,0.9679051580603992,0.9592007031676345
12,schluter_3bf14dbd427c9a2f06180e_y.npy,0.977357008388089,0.9687890207908002
13,carolyn_20170822_Anderson_1-23_LB_100x_y.npy,0.9994074907678413,0.9991121847782878
14,schluter_8dc3170c78f80dd01a3895_y.npy,0.9824336827460214,0.9772765362274284
15,chory_lab_Turbidostat Experiments_20220809_224F 9x1 2320x enrichment_00001_2024-03-25 Absorbances_plate_0_y.npy,0.9943795747742382,0.9940695233218247
16,zach_other_2022-01-20 MC4100z1 alh qs-cat_y.npy,0.9995354130580824,0.999419494866653
17,zhixiang_zy_comb_lt7_day5_od600_y.npy,0.9981584172333511,0.9958798447153365
18,zhixiang_gfp_lt_2_rif2_day3_gfp_y.npy,0.9972837339999984,0.998548871774409
19,zach_other_2019-10-31_BlaM_FJTimer_ePop_y.npy,0.9831996230442218,0.9791555461366879
20,cesar_2023-08-27-SulbactamResistant_y.npy,0.9906689183010396,0.9848172856899181
21,chory_lab_Kinetics Experiments_2021-08-06 AARS PRANCE pED1a5_pEC182d_2024-03-26 Absorbances_reader_plate_10_y.npy,0.9786921392599434,0.9719995784238005
22,zhixiang_zy_comb_lt10_day0_od600_y.npy,0.9997485488618129,0.9997124607862229
23,schluter_e79d84eae0b4a108703649_y.npy,0.9758923937324091,0.9667508470357022
24,chory_lab_Kinetics Experiments_2021-10-29 IPTG 2Hphage pEC223 DRM 174cd_2024-03-26 Absorbances_reader_plate_5_y.npy,0.9975555648824992,0.9969556082856643
25,carolyn_12172018_resistome_longterm_TS30_52-2_y.npy,0.9990827420215008,0.9991608549267927
26,zach_other_2020-12-15 GFP Capsule Supernatant_y.npy,0.9965171285656074,0.9967398497647626
27,zach_growth_curves_2023-03-29_0_y.npy,0.9992523306938491,0.9991422553214804
28,carolyn_Plate 33 Trial 1_y.npy,0.9996425294684893,0.9996441083813478
29,rohan_216_od600_y.npy,0.9994682449404063,0.9994397937797953
30,chory_lab_Turbidostat Experiments_20221106_Linker Turbidostat 1_00001_2024-03-25 Absorbances_plate_0_y.npy,0.9851005665862809,0.32581834784380426
31,chory_lab_Kinetics Experiments_2022-10-12 224D 234a-c 235a-c_2024-03-26 Absorbances_reader_plate_9_y.npy,0.9858874882926302,0.9817183935022629
32,cesar_2023-11-03-CAHighBLA-Katherine_y.npy,0.9953546863772829,0.9961244418916673
33,schluter_438217fec2f2b07e73ced4_y.npy,0.9618061940276699,0.957904879702498
34,chory_lab_Kinetics Experiments_2021-07-16_Protease_Turbidostat_IPTG_ATC_replicate2_2024-03-26 Absorbances_reader_plate_3_y.npy,0.9905133674249594,0.9922516554965066
35,chory_lab_Kinetics Experiments_2022-04-11 psp AR2 comparison_2024-03-26 Absorbances_reader_plate_1_y.npy,0.9919328321051324,0.9928933146000006
36,chory_lab_Turbidostat Experiments_20220806_ScFv 9x1 224f 2430x_00001_2024-03-25 Absorbances_plate_1_y.npy,0.9851180872144593,0.9830288125877409
37,chory_lab_Kinetics Experiments_2021-08-05_AARS_PRANCE_2024-03-26 Absorbances_reader_plate_8_y.npy,0.9940752232018802,0.9958474638836956
38,schluter_4eb14350975528e03709a6_y.npy,0.9695027024955591,0.9721790042011389
39,chory_lab_Kinetics Experiments_2019-08021_Emma_174b_176abc_20ng_2024-03-26 Absorbances_reader_plate_6_y.npy,0.9959892267835284,0.9947540185069422
40,carolyn_ReplacementTrial2_y.npy,0.9996404097954723,0.9972178587882831
41,carolyn_Plate 53 Trial 1_y.npy,0.9996953790276758,0.9997769313975153
42,chory_lab_Kinetics Experiments_2022-11-03 Linker Second Test_2024-03-26 Absorbances_reader_plate_3_y.npy,0.9648829426626283,0.9629515722234976
43,katie_2024-01-18 ttr ths mixed plate full timecourse_loaner_plate2_y.npy,0.9986421866458621,0.9983318063317543
44,chory_lab_Turbidostat Experiments_20220828_ECSP9x4 SD6 SD4_00001_2024-03-25 Absorbances_plate_1_y.npy,0.9963847733473731,0.9948027443793699
45,cesar_2023-11-22-DH5mCBio1_y.npy,0.9809027870365061,0.9942275455723275
46,dan_22_4_12 mCherry and Pum-ELP MOPS media long term_OD600_y.npy,0.9980428086967152,0.9963605826309341
47,chory_lab_Kinetics Experiments_2022-04-11 psp AR2 comparison_2024-03-26 Absorbances_reader_plate_8_y.npy,0.9925072946925071,0.9923345128101599
48,carolyn_Plate 77 Trial 2_y.npy,0.9994999286406561,0.999689435909161
49,kyeri_KeioV3_mcherry_20231022_2hpre_betalactams_384_cefo_y.npy,0.9938880519298167,0.9931854372260164
50,schluter_fdd6a16e1797be664b59b5_y.npy,0.9756142741596727,0.9904349472117441
51,chory_lab_Kinetics Experiments_2022-08-31 ST05_mCherry_tagging_assay_2024-03-26 Absorbances_reader_plate_2_y.npy,0.9631540563849368,0.9675121679445551
52,zhixiang_zy_comb_lt8_day4_od600_y.npy,0.9992180594676241,0.9983622615000766
53,chory_lab_Kinetics Experiments_2021-09-20 IPTG 2H phage pEC223_2024-03-26 Absorbances_reader_plate_2_y.npy,0.9897019569940906,0.9914645958651154
54,ashwini_ars_240603_gfp_y.npy,0.999236844307937,0.9992654216974234
55,chory_lab_Kinetics Experiments_2021-09-03 IPTG 2H induction_2024-03-26 Absorbances_reader_plate_2_y.npy,0.9948425485773291,0.9946680884321929
56,chory_lab_Kinetics Experiments_2019-1029_2H_protease_2024-03-26 Absorbances_reader_plate_4_y.npy,0.984810904005577,0.980374331098091
57,carolyn_Plate 81 Trial 3_y.npy,0.9998088748322868,0.9998249001248143
58,carolyn_Plate 1 Trial 1_y.npy,0.9993796224685695,0.999448660031849
59,carolyn_10112018_resistome_longterm_TS30_25-2_y.npy,0.9993382463433418,0.9995499558477418
60,zach_other_2019-09-20 ePop Circuit Generation_y.npy,0.9996737165507935,0.9997062334420463
61,chory_lab_Kinetics Experiments_2019-1030_PylRS_all_2024-03-26 Absorbances_reader_plate_6_y.npy,0.9936811039755895,0.9953880207845924
62,lopatkin_lab_8.4.005_day21_8.4.005_Day21_Col11_20211007_8.4.005_Day21_Col11_y.npy,0.9992856564863231,0.9995842819077241
63,carolyn_01282019_resistome_longterm_TS30_57-2_y.npy,0.999076096316799,0.9991157382290815
64,chory_lab_Kinetics Experiments_2021-08-05_AARS_PRANCE_2024-03-26 Absorbances_reader_plate_3_y.npy,0.9391723089666035,0.8963555053388442
65,schluter_38ea84bb99bae205f6b2a8_y.npy,0.9809528261554084,0.9671749015217224
66,ashwini_ars_240329_gfp_y.npy,0.9993696138001967,0.9990297564360707
67,schluter_f9d0d0ce191445b9763199_y.npy,0.9827264896769676,0.9701204375237192
68,schluter_143be57df0b039ef4b3c74_y.npy,0.9706909652211035,0.9559236235324656
69,lopatkin_lab_20210612_8.3.006_BW25113_IC50_1_58_y.npy,0.9987093903527631,0.9982949359491567
70,zach_other_2020-06-18 Transformation_y.npy,0.9998651842089413,0.9998717736771269
71,kyeri_FJTimer_MG1655_cas_betalactams_FJT_carbmic_media_gfp_rfp_y.npy,0.9941752051542125,0.9950652474364385
72,carolyn_Plate 7 Trial 3_y.npy,0.9994109881494017,0.9991753128836877
73,lopatkin_lab_8.4.005_day21_8.4.005_Day21_Col9_20220604_Day21_Col9_y.npy,0.9993117094407074,0.9995092975509872
74,lopatkin_lab_8.3.001_Day21_Day21_Col9_MF_20220604_Day21_Col9_y.npy,0.9993322134563186,0.9993755326785041
75,chory_lab_Kinetics Experiments_2021-09-03 IPTG 2H induction_2024-03-26 Absorbances_reader_plate_1_y.npy,0.9964195440847381,0.9950382345388968
76,carolyn_09262018_resistome_longterm_TS30_17-2_y.npy,0.9995535682782128,0.999736772539109
77,zhixiang_zy_comb_lt8_day6_gfp_y.npy,0.997113557219765,0.9970434357763672
78,schluter_32d4d277a5649b2b3c75e1_y.npy,0.9658248931131588,0.9093282541400826
79,carolyn_Plate 57 Trial 2_y.npy,0.9992648840907002,0.9998452347954202
80,chory_lab_Kinetics Experiments_2021-07-06_Emma_T7PRANCE_2024-03-26 Absorbances_reader_plate_3_y.npy,0.9530972662184486,0.9316145635504959
81,jia_PA14_mutant_evolution_growth_curves_y.npy,0.9995569867710928,0.9995345812581024
82,carolyn_Plate 83 Trial 2_y.npy,0.9996929780621093,0.9997061035920244
83,carolyn_Plate 17 Trial 3_y.npy,0.9996812736411125,0.9997343792065314
84,chory_lab_Kinetics Experiments_2021-07-12_Protease_IPTG_ATC_firsttest_2024-03-26 Absorbances_reader_plate_1_y.npy,0.9897487952519876,0.9885774238210471
85,chory_lab_Kinetics Experiments_2022-08-22 ST03_RBS_Standardization_2024-03-26 Absorbances_reader_plate_3_y.npy,0.998072105291545,0.9983454518007506
86,lopatkin_lab_8.4.005_day21_8.4.005_Day21_Col6_20210929_8.4.005_Day21_Col6_y.npy,0.9990540638816865,0.9995796127344253
87,zach_other_2022-09-25 Growth OD600_y.npy,0.9981217857805506,0.9984526838694316
88,schluter_fe92a6e334f3ec8a2062e8_y.npy,0.9743620246174334,0.9824882879273331
89,chory_lab_Kinetics Experiments_2023-04-10 PRANCE Variant Testing 1_2024-03-26 Absorbances_reader_plate_1_y.npy,0.9944333613739442,0.995946042081672
90,schluter_d80b7783edd2eb82c5253b_y.npy,0.9643864567012668,0.9722672142583101
91,chory_lab_Kinetics Experiments_2022-01-19 Massive cloning test 2H_2024-03-26 Absorbances_reader_plate_4_y.npy,0.9864957257784384,0.9902238352503167
92,lopatkin_lab_20211208_8.4.008_Multisubtrate_KS_Rep1_Pt1_y.npy,0.9988375043168792,0.9989579939429385
93,dan_23_3_2 M_PEG MstopP_PEG 3hr BD before induction_y.npy,0.996855879109837,0.9962165592772302
94,lopatkin_lab_8.3.001_Day0_Day0_Col3_KS_20210706_Day0_Col3_y.npy,0.9993998025829022,0.9995133877334929
95,zhixiang_zy_comb_lt8_day5_od600_y.npy,0.999212416397812,0.9995958576364503
96,cesar_2023-11-02-CA16141_y.npy,0.9820270219699749,0.9964205434441868
97,zhixiang_zy_comb_lt9_day2_gfp_y.npy,0.9981573554368791,0.9984331960446459
98,lopatkin_lab_timecourses_all_y.npy,0.9994859330679836,0.9994633751997332
99,kyeri_RIE_top10f_0710_top10f_PG_repeat1_y.npy,0.9925489552712654,0.9832795927696162
100,zach_growth_curves_2022-11-02_0_y.npy,0.9997409546802516,0.9997326947112944
101,schluter_5f951107df9536a898501c_y.npy,0.9758335355141446,0.9667688905417413
102,carolyn_Plate 3 Trial 1_y.npy,0.9993849993596662,0.999243225994979
103,chory_lab_Kinetics Experiments_2019-1029_2H_protease_2024-03-26 Absorbances_reader_plate_2_y.npy,0.9902100216652485,0.9875323009560258
104,chory_lab_Kinetics Experiments_2022-08-02 Protease_First Test_2024-03-26 Absorbances_reader_plate_4_y.npy,0.9954121577537991,0.9949563492794009
105,chory_lab_Turbidostat Experiments_20220825_9x3 SD4 SD6_00001_2024-03-25 Absorbances_plate_0_y.npy,0.9940483632133521,0.993384292569611
106,zach_other_2019-11-06_BlaM_y.npy,0.9916814956916559,0.990637636137714
107,carolyn_20170820_Fowler_116-138_100x_y.npy,0.9992883525804177,0.9992489348673126
108,carolyn_10262018_resistome_longterm_TS30_37-2_y.npy,0.9995988490140627,0.9995985611648558
109,chory_lab_Kinetics Experiments_2021-10-29 IPTG 2Hphage pEC223 DRM 174cd_2024-03-26 Absorbances_reader_plate_4_y.npy,0.9976005745283912,0.9974525533534442
110,carolyn_Plate 5 Trial 3_y.npy,0.9994880486576191,0.9993170454968127
111,schluter_2a69a16014fd659516e11f_y.npy,0.9743992035025172,0.9459563228363249
112,lopatkin_lab_8.4.005_day21_8.4.005_Day21_Col3_20211120_8.4.005_Day21_Col3_y.npy,0.9987659808277065,0.9993966004164864
113,katie_2024-01-18 ttr ths mixed plate full timecourse_J_plate1_y.npy,0.9989527960130897,0.9988714669725355
114,lopatkin_lab_20220201_8.4.009_MultiSubstrate_KS_Rep2_Pt1_REDO_y.npy,0.9991346229199676,0.9987681945107411
115,lopatkin_lab_20220209_8.4.010_Multisubstrate_KS_Rep3_Pt1_y.npy,0.9989890178124095,0.9982533628942466
116,schluter_bd1ad86cf0226b12066f99_y.npy,0.9830307852670637,0.9680114982098238
117,carolyn_Plate 63 Trial 3_y.npy,0.9997942013722162,0.9997091390583032
118,carolyn_20170719_Fowler_107-129_LB_10000x_y.npy,0.9994384007559196,0.999374644966584
119,carolyn_20170820_Fowler_70-92_LB_100x_y.npy,0.9994321081771548,0.9995203809529748
120,zhixiang_zy_comb_lt7_day1_od600_y.npy,0.9984349425711165,0.9995921673518203
121,chory_lab_Kinetics Experiments_2023-04-10 PRANCE Variant Testing 1_2024-03-26 Absorbances_reader_plate_3_y.npy,0.9914340649966931,0.976249191217242
122,chory_lab_Kinetics Experiments_2019-1030_PylRS_all_2024-03-26 Absorbances_reader_plate_3_y.npy,0.9956258572491037,0.9970052100797371
123,cesar_2023-08-28-TazobactamResistant_y.npy,0.9952979320461697,0.9940473844011792
124,rohan_180_od600_y.npy,0.9996940389741145,0.9997023542901178
125,emrah_20211001_E22-23-25_M9_glucose0p2_CASA0p2_OD600_Longterm_y.npy,0.9979172958176936,0.9982088723009884
126,shangying_ethanol_ecoli_20190901_y.npy,0.9959610361875781,0.9936268746771544
127,yuanchi_Inc_Osc_01_02142024_1030_y.npy,0.9941467313867256,0.9915245664230845
128,carolyn_Plate 49 Trial 2_y.npy,0.9988062091986943,0.9987967592907898
129,lynch_lab_Copy of Process_2119_IRIS_for_upload_y.npy,0.9951544794175694,0.9979397191549564
130,chory_lab_Kinetics Experiments_2022-04-11 psp AR2 comparison_2024-03-26 Absorbances_reader_plate_3_y.npy,0.9938134441623154,0.994610943800328
131,lopatkin_lab_8.3.001_Day0_Day0_Col4_KS_20210711_Day0_Col4_y.npy,0.9991183121494163,0.999148716951921
132,zach_other_2019-10-23_BlaM_FJTimer_y.npy,0.9956774395271404,0.997725053262829
133,schluter_0079d6c0a49b8b6c3daf83_y.npy,0.9775814886943203,0.9754202253259825
134,lopatkin_lab_final_tet_R702_tet_combined_b_y.npy,0.9994542006761054,0.999047910786312
135,schluter_97ff7c9bcbfed63cb99602_y.npy,0.9695871513104137,0.9419171476623538
136,zach_other_2023-04-07 saved by Dan Shapiro TecanJ_y.npy,0.9996478244070668,0.9995960224690889
137,chory_lab_Kinetics Experiments_2022-08-31 ST05_mCherry_tagging_assay_2024-03-26 Absorbances_reader_plate_5_y.npy,0.9779415526662463,0.9778028365606932
138,chory_lab_Kinetics Experiments_2019-1030_PylRS_all_2024-03-26 Absorbances_reader_plate_5_y.npy,0.9952928257725426,0.9943468077258102
139,carolyn_20170715_Fowler_1-23_LB_10000x_y.npy,0.9994857825526052,0.9994364443796097
140,chory_lab_Kinetics Experiments_2021-07-16_Protease_Turbidostat_IPTG_ATC_replicate2_2024-03-26 Absorbances_reader_plate_6_y.npy,0.9979845955184284,0.993054813899551
141,carolyn_06282018_resistome_longterm_TS30_5-1_y.npy,0.9983456419590339,0.9987562108169534
142,kyeri_KeioV3_mcherry_2022_2023_NCAL_0904_72strains_diffconc_y.npy,0.9963843204221204,0.9967199625855582
143,chory_lab_Kinetics Experiments_2022-08-31 ST05_mCherry_tagging_assay_2024-03-26 Absorbances_reader_plate_4_y.npy,0.9732883290138769,0.9602101494101227
144,chory_lab_Turbidostat Experiments_20220517_IPTG_Arab_HookOpt_00001_2024-03-25 Absorbances_plate_0_y.npy,0.8820228777275858,0.8879592481752708
145,schluter_a38a19063534f7018afddb_y.npy,0.9763692167328833,0.9709814610075747
146,chory_lab_Kinetics Experiments_2019-1031_1H_2H_protease_2024-03-26 Absorbances_reader_plate_5_y.npy,0.9900685062646992,0.9900428168765324
147,chory_lab_Kinetics Experiments_2021-09-24 IPTG 2H phage pEC223 DRM_2024-03-26 Absorbances_reader_plate_3_y.npy,0.9959030219012289,0.9957626379454726
148,sizhe_2022-11-02 long term p15a-ripk od+mruby 24h_y.npy,0.9964569978359148,0.9982320817855571
149,carolyn_Plate 81 Trial 2_y.npy,0.9997513691345669,0.9997651753670735
150,carolyn_Plate 35 Trial 3_y.npy,0.9998094708656468,0.999798082887732
151,lopatkin_lab_20210406_KSstrains3-6-1-4_y.npy,0.9989018609538101,0.999579416092268
152,carolyn_06082018_resistome_longterm_TS30_3-1_y.npy,0.9972848322687446,0.9975725379702003
153,schluter_91ab664636a9d71093b7a4_y.npy,0.9816574053493969,0.9875380413368539
154,chory_lab_Kinetics Experiments_2022-11-03 Linker Second Test_2024-03-26 Absorbances_reader_plate_2_y.npy,0.9776312874488226,0.982472639522794
155,cesar_2023-09-02-CAResistant_y.npy,0.9991703846017067,0.9993400177338392
156,cesar_2023-11-15-Top10mCherryBio2_y.npy,0.993495855563806,0.9836594068705568
157,schluter_b23587b68b33a798501063_y.npy,0.9838897246074969,0.9706654813555878
158,dan_23_3_14 M_PEG MstopP_PEG long bd high OD start_y.npy,0.9876495777971216,0.9843575383526468
159,lopatkin_lab_8.3.001_Day21_Day21_Col6_MF_20210929_Day21_Col6_y.npy,0.9991397996300584,0.9994810834143839
160,chory_lab_Kinetics Experiments_2022-04-11 psp AR2 comparison_2024-03-26 Absorbances_reader_plate_7_y.npy,0.9880617725779568,0.9917533478957258
161,lopatkin_lab_8.4.005_day21_8.4.005_Day21_Col12_20210927_8.4.005_Day21_Col12_y.npy,0.9994090813671553,0.9994601499275323
162,lopatkin_lab_final_tet_R100-1_tet_combined_a_y.npy,0.9981233098819122,0.9988268858227595
163,zach_other_2020-08-31 Long-term Reading TOP10F_y.npy,0.9882494490348644,0.9774188529540531
164,emrah_20210820_E22_0p2xLB_CAR_OD600_Longterm_All_rearrenged_y.npy,0.988295099563826,0.9865614487180421
165,schluter_4b7d68eb8e17e839014581_y.npy,0.9703717413601682,0.9799958238862848
166,zach_growth_curves_2022-12-02_0_y.npy,0.9997029495732964,0.9996286288823725
167,schluter_a5ef7977287f66548a7f44_y.npy,0.9772655374749192,0.9866361075655793
168,kyeri_KeioV3_mcherry_2022_2023_NCAL_0812_72strains_repeat1_y.npy,0.9966063716120988,0.9955599564984641
169,zhixiang_zy_comb_lt9_day3_gfp_y.npy,0.999038582950578,0.9989442194463831
170,chory_lab_Turbidostat Experiments_20221107_Linker Repeat 2_00001_2024-03-25 Absorbances_plate_0_y.npy,0.990181779798083,0.9917795275409207
171,carolyn_09052018_resistome_longterm_TS30_10-2_y.npy,0.9986073367468409,0.9987576294415668
172,chory_lab_Turbidostat Experiments_20220516_IPTG_Arab_DoseResponse_00001_2024-03-25 Absorbances_plate_1_y.npy,0.9875367449596772,0.9868248072401657
173,chory_lab_Kinetics Experiments_2022-04-11 psp AR2 comparison_2024-03-26 Absorbances_reader_plate_4_y.npy,0.9924309368259551,0.9928223971002076
174,lopatkin_lab_final_tet_RIP113_tet_combined_d_y.npy,0.9975767495048652,0.9975090994285392
175,schluter_298378cef00bd2431ceed4_y.npy,0.9791704639098701,0.9734699693061889
176,carolyn_Plate 35 Trial 1_y.npy,0.9994861103988403,0.9995597173747124
177,chory_lab_Kinetics Experiments_2022-01-19 Massive cloning test 2H_2024-03-26 Absorbances_reader_plate_3_y.npy,0.9738803997666815,0.9778028267150136
178,carolyn_Plate 65 Trial 2_y.npy,0.9997808011326637,0.9997688148518595
179,yuanchi_Inc_Osc_01_02152024_1030_y.npy,0.9936265385959354,0.9937619356338824
180,chory_lab_Kinetics Experiments_2022-01-19 Massive cloning test 2H_2024-03-26 Absorbances_reader_plate_5_y.npy,0.9964963959433109,0.9943303001475334
181,schluter_ebaa04cc8d02a01648a57b_y.npy,0.9800611992508297,0.9883539581860755
182,carolyn_Plate 51 Trial 3_y.npy,0.9997345882824996,0.9997841978395282
183,chory_lab_Turbidostat Experiments_20230505_spla_test_2_00001_2024-03-25 Absorbances_plate_0_y.npy,0.9753745206268903,0.9685000696654796
184,schluter_398756dc8f5513128ea0c5_y.npy,0.9806209401911048,0.9767647815706915
185,chory_lab_Kinetics Experiments_2022-11-03 Linker Second Test_2024-03-26 Absorbances_reader_plate_1_y.npy,0.9772682936781604,0.9746762962323218
186,chory_lab_Kinetics Experiments_2021-09-20 IPTG 2H phage pEC223_2024-03-26 Absorbances_reader_plate_3_y.npy,0.989215936802164,0.9887295261214875
187,kyeri_FJTimer_MG1655_cas_betalactams_FJT_OD_gfp_rfp_cefo_amx_y.npy,0.9977456775001516,0.9973978885532422
188,carolyn_20170906_Fowler_93-115_LB_Carb-5ugml_10000x_y.npy,0.9994789058228819,0.9995085943452822
189,schluter_0732f69a60924b8f0152f7_y.npy,0.9835043263879857,0.9815768286801659
190,schluter_4d9e44ac9019c110a71267_y.npy,0.9758752871010925,0.9662677721864611
191,carolyn_09072018_resistome_longterm_TS30_11-2_y.npy,0.9996977007312404,0.9996803760922304
192,zhixiang_zy_comb_lt7_day0_od600_y.npy,0.9997335941573429,0.9997818010173685
193,zhixiang_zy_comb_lt9_day4_od600_y.npy,0.999440723158728,0.9995145548617594
194,carolyn_Plate 55 Trial 3_y.npy,0.9995535136420091,0.9995208282008251
195,alex_2023-07-03_OD600_alex_y.npy,0.9996274090016647,0.9996439230676506
196,carolyn_20170715_Fowler_24-46_LB_10000x_y.npy,0.9993928946723856,0.9993893077344332
197,chory_lab_Kinetics Experiments_2019-1028_VHTA_2H_protease_2024-03-26 Absorbances_reader_plate_3_y.npy,0.9198974387535335,0.926741363132461
198,feilun_blanksubCombinedGrowthCurvesData-DA28102T_y.npy,0.9991509614216946,0.9993425086249507
199,ashwini_ars_240326_gfp_y.npy,0.9993967183421422,0.9989730171240506
200,cesar_2023-09-06-CAKanResistant_y.npy,0.9921471351315361,0.9917571899847402
201,sizhe_2023-02-07 long termcdc19_y.npy,0.9948993258845381,0.9955588088704803
202,carolyn_20170821_Fowler_162-184_LB_100x_y.npy,0.9992887243058882,0.9994473767373224
203,zhixiang_zy_comb_lt10_day2_od600_y.npy,0.9996437528648944,0.9996757990608005
204,zach_other_2019-10-24_MC4100ePop_y.npy,0.999410157027038,0.9994045177093583
205,chory_lab_Kinetics Experiments_2021-10-01 IPTG 2H phage pEC223 DRM SD5_2024-03-26 Absorbances_reader_plate_1_y.npy,0.986184490887207,0.9865294805789115
206,zhixiang_zy_comb_lt10_day3_gfp_y.npy,0.9963840550344577,0.9950766630139192
207,zach_growth_curves_2023-03-18_0_y.npy,0.9985597031388405,0.9986880523792883
208,schluter_dafca5dbb7e43c72a712b9_y.npy,0.9776328397096054,0.9729394285684155
209,schluter_2eb7aa207f3a4cce6be6a9_y.npy,0.9860081259833468,0.9698948735686371
210,chory_lab_Kinetics Experiments_2023-04-10 PRANCE Variant Testing 1_2024-03-26 Absorbances_reader_plate_2_y.npy,0.9945898011099937,0.9980037624337669
211,carolyn_01222019_resistome_longterm_TS30_55-2_y.npy,0.9991797609101241,0.9994666948275628
212,chory_lab_Turbidostat Experiments_20221109_Linker Repeat 3_00001_2024-03-25 Absorbances_plate_0_y.npy,0.9802811841885553,0.9709450358160797
213,lopatkin_lab_8.4.005_day21_8.4.005_Day21_Col4_20211108_8.4.005_D21C4_y.npy,0.9994961218631672,0.999615425450665
214,carolyn_09202018_resistome_longterm_TS30_13-2_y.npy,0.9992655913002855,0.9995176249032833
215,yuanchi_tetA00_03052024_0855_y.npy,0.9985019893817645,0.9985646462647373
216,chory_lab_Kinetics Experiments_2019-1028_VHTA_2H_protease_2024-03-26 Absorbances_reader_plate_2_y.npy,0.9504680124296842,0.9639474860092697
217,lopatkin_lab_8.4.005_day21_8.4.005_Day21_Col5_20211108_8.4.005_D21C5_y.npy,0.9980409351970708,0.9988256863386962
218,schluter_8b54a045c87ce289d7e783_y.npy,0.9605949497695672,0.9644791932479115
219,chory_lab_Turbidostat Experiments_20220823_SD4 9x3_00001_2024-03-25 Absorbances_plate_0_y.npy,0.9914796737544038,0.9952773876051063
220,schluter_248a03139d31f1674db68f_y.npy,0.9829812452143106,0.9632641032098148
221,kyeri_KeioV3_mcherry_20231021_4hpre_betalactams_384_carb_y.npy,0.995915576969792,0.9958854463449418
222,chory_lab_Kinetics Experiments_2021-09-03 IPTG 2H induction_2024-03-26 Absorbances_reader_plate_3_y.npy,0.9947672105746058,0.9933562882129137
223,schluter_92c1d6cbc5b53878122f48_y.npy,0.9742827858026433,0.9600357333409362
224,chory_lab_Kinetics Experiments_2021-10-29 IPTG 2Hphage pEC223 DRM 174cd_2024-03-26 Absorbances_reader_plate_1_y.npy,0.9974108332867803,0.9976586903624004
225,carolyn_20170810_Fowler_208-218_LB_Lambda-MOI-1_10000x_y.npy,0.9994832053391641,0.999580641411011
226,schluter_477934bcebfdecf6548f51_y.npy,0.983303516597226,0.983054739215554
227,alex_2023-06-15_OD600_alex_y.npy,0.9994976580875476,0.999539517255614
228,emrah_20240711_E55-E57_NuncEdge_SMcaa8_OD600_Longterm_y.npy,0.9993867141521678,0.9990888116432544
229,chory_lab_Kinetics Experiments_2022-08-22 ST03_RBS_Standardization_2024-03-26 Absorbances_reader_plate_7_y.npy,0.98770473406141,0.9840617317915779
230,carolyn_20170716_Fowler_70-92_LB_10000x_y.npy,0.9993562826818544,0.999417488773467
231,carolyn_ReplacementTrial3_y.npy,0.9988119813935887,0.9991217777242836
232,carolyn_Plate 37 Trial 3_y.npy,0.9994257266010176,0.9941284224307462
233,carolyn_01292019_resistome_longterm_TS30_58-2_y.npy,0.9992892958897835,0.9989663754591576
234,schluter_2c4054d1faef9bf2348b68_y.npy,0.9790702573378516,0.9710122678008818
235,kyeri_KeioV3_mcherry_20231013_4hpre_betalactams_384_cefo_y.npy,0.9929116067844328,0.991116951607355
236,zach_growth_curves_2022-11-16_0_y.npy,0.9996943181865878,0.9996736018644785
237,schluter_18aea456f6e212ea6c90ba_y.npy,0.9608606919506694,0.9670579414078959
238,katie_2023-06-28 crosstalk plus mixed plate full timecourse 1_y.npy,0.9995246230078367,0.9995280862931477
239,zach_other_2021-01-05 Overnight Supernatant_y.npy,0.9900893211597974,0.9909876458739618
240,zach_other_2022-11-03 Long-term_y.npy,0.9995455567023445,0.9996498391485327
241,carolyn_Plate 61 Trial 3_y.npy,0.9997715000433186,0.9975605887887581
242,carolyn_Plate 59 Trial 2_y.npy,0.9996894014886852,0.9997475779786498
243,carolyn_Plate 33 Trial 2_y.npy,0.9994930714364785,0.9995240622760073
244,jia_Growth curve - varying nutrient exp3_y.npy,0.994352932605417,0.9950438901989351
245,chory_lab_Kinetics Experiments_2021-07-16_Protease_Turbidostat_IPTG_ATC_replicate2_2024-03-26 Absorbances_reader_plate_2_y.npy,0.9946998023303916,0.9916028152905088
246,chory_lab_Kinetics Experiments_2021-08-06 AARS PRANCE pED1a5_pEC182d_2024-03-26 Absorbances_reader_plate_2_y.npy,0.9721795001194558,0.9618388390119328
247,schluter_641f43b6587923f941dd3c_y.npy,0.9742099990914593,0.9519564663299883
248,cesar_2023-11-02-CADicon029_y.npy,0.9952977348214918,0.9964092145952153
249,schluter_29f5d1e6cb5030c5b016f2_y.npy,0.9822163774225372,0.9711563165339414
250,emrah_RawTimeCourse_X1_clone1_y.npy,0.9995567376202045,0.9994710121861937
251,ashwini_ars_240409_od_y.npy,0.9980373555750666,0.9970800917860155
252,chory_lab_Kinetics Experiments_2022-08-31 ST05_mCherry_tagging_assay_2024-03-26 Absorbances_reader_plate_1_y.npy,0.9486299788428061,0.952854234538028
253,lopatkin_lab_8.4.005_day21_8.4.005_Day21_Col2_20220221_8.4.005_Day21_Col2_y.npy,0.9983073937559789,0.99899844211213
254,lopatkin_lab_20210622_exp5.1.018_y.npy,0.9991339431531715,0.9988313813310825
255,chory_lab_Kinetics Experiments_2021-09-16 aTc 2H phage_2024-03-26 Absorbances_reader_plate_1_y.npy,0.9953828326843308,0.9949326539272486
256,carolyn_10302018_resistome_longterm_TS30_40-2_y.npy,0.9995183403010335,0.9996710587532448
257,zhixiang_gfp_lt_1_test2_od600_y.npy,0.9996511473732866,0.9996289716179635
258,zach_other_2020-08-14 MC4100Z1 ePop with fluorescence_y.npy,0.9791123008485203,0.9870755276502187
259,kyeri_RIE_top10f_0726_top10f_PG_NAMNAG_2_y.npy,0.9957602658119633,0.9899136466660328
260,katie_2023-03-23 mixed plate full timecourse 1_y.npy,0.9997981503495404,0.9997987914598626
261,zach_other_2019-11-21_ePopBlaM_and_ePopFJT_y.npy,0.9774727349844249,0.972817699890627
262,katie_2023-11-04 amyloid strains growth rate_y.npy,0.998131250090001,0.9987139428381564
263,carolyn_Plate 31 Trial 3_y.npy,0.9994502788310271,0.9992300155090691
264,schluter_8a6abaffc11bf51c265600_y.npy,0.9697944352779583,0.9785000140629244
265,chory_lab_Kinetics Experiments_2021-09-16 aTc 2H phage_2024-03-26 Absorbances_reader_plate_3_y.npy,0.9955091844437784,0.9956016824424063
266,schluter_fb60a8dfaaeedb22efd8cb_y.npy,0.9661127659246969,0.9513293931243733
267,chory_lab_Turbidostat Experiments_20221112_Linker Repeat 4b_00002_2024-03-25 Absorbances_plate_1_y.npy,0.9656983318074708,0.9620640307805058
268,carolyn_11152018_resistome_longterm_TS30_44-2_y.npy,0.9990932348778628,0.9988994819065343
269,carolyn_07172018_resistome_longterm_TS30_6-2_y.npy,0.9986344799110324,0.9979418778918507
270,zhixiang_gfp_lt_2_rif2_day3_od600_y.npy,0.9997596178146104,0.999741508888471
271,carolyn_Plate 31 Trial 2_y.npy,0.9978293874715611,0.9995315603648949
272,carolyn_08312018_resistome_longterm_TS30_8-2_y.npy,0.9992468247398585,0.9993513844923622
273,schluter_9d3dc44674fe5ddc51d508_y.npy,0.9786158156585913,0.9736435855495792
274,carolyn_20170811_Anderson_47-59_LB_Lambda-MOI-1_10000x_y.npy,0.9996775011798623,0.9996323689216413
275,carolyn_12122018_resistome_longterm_TS30_51-2_y.npy,0.99935130717872,0.9974577127550691
276,lopatkin_lab_8.3.001_Day21_Day21_Col4_KS_20210922_Day21_Col4_y.npy,0.9995550333613885,0.9996375550549432
277,carolyn_20170904_Fowler_47-69_LB_Carb-5ugml_10000x_y.npy,0.999424096894875,0.9994395447939768
278,carolyn_10152018_resistome_longterm_TS30_29-2_y.npy,0.9990270522543613,0.9994049116801957
279,carolyn_Plate 43 Trial 1_y.npy,0.9996555529859846,0.9996612356721545
280,lynch_lab_Promoters_BioLector_OD_Corr_Promoter_Data_batch_1_y.npy,0.9984611760561235,0.9989748033212108
281,zach_growth_curves_2023-03-22_2_y.npy,0.9984539769907947,0.9984929375565516
282,chory_lab_Kinetics Experiments_2022-08-31 ST05_mCherry_tagging_assay_2024-03-26 Absorbances_reader_plate_6_y.npy,0.9557517140067969,0.9269259181965948
283,schluter_7aff3de4f710e8057e2698_y.npy,0.9612188983197233,0.9630940162077677
284,carolyn_Plate 85 Trial 1_y.npy,0.9997698163431832,0.9997768409736342
285,carolyn_01202019_resistome_longterm_TS30_54-2_y.npy,0.9995858854015747,0.9995513426119523
286,cesar_2023-11-01-CADicon055_y.npy,0.9970392978478776,0.9991818333506503
287,lopatkin_lab_final_tet_pB10_tet_combined_b_y.npy,0.996459822017738,0.9966303774768104
288,carolyn_Plate 25 Trial 3_y.npy,0.999537681309417,0.9994598726780343
289,chory_lab_Kinetics Experiments_2022-11-03 Linker Second Test_2024-03-26 Absorbances_reader_plate_5_y.npy,0.9925289626870487,0.9964138826130334
290,carolyn_10292018_resistome_longterm_TS30_39-2_y.npy,0.9990990202537356,0.9982182051552068
291,dongheon_20230717_DA28202_NahRAM_mR3_IDP_DL_y.npy,0.9990395045715784,0.9990215458458773
292,zach_other_2021-09-16 ALH QS-CAT_y.npy,0.9981964091817362,0.9993625174504482
293,chory_lab_Kinetics Experiments_2021-07-16_Protease_Turbidostat_IPTG_ATC_replicate2_2024-03-26 Absorbances_reader_plate_1_y.npy,0.9927146081731119,0.9966056349812009
294,emrah_20210823_E22_1xLB_CAR_OD600_Longterm_rearrenged_y.npy,0.9959992784606647,0.9958610088291957
295,chory_lab_Kinetics Experiments_2021-07-14_Protease_Turbidostat_IPTG_ATC_firsttest_2024-03-26 Absorbances_reader_plate_3_y.npy,0.9964234952040397,0.996938389481344
296,lopatkin_lab_final_tet_RIP113_tet_combined_a_y.npy,0.9980603827669023,0.998914505152422
297,zhixiang_zy_comb_lt10_day1_gfp_y.npy,0.9955643298616719,0.9967909030297067
298,zach_growth_curves_2023-04-01_1_y.npy,0.9991209494164991,0.9991322321281024
299,feilunconsortia_auxotroph_data_rep1_y.npy,0.9266192507287316,0.8875152084721342
300,emrah_RawTimeCourse_Ch49_y.npy,0.9996113818327049,0.9992124531666275
301,chory_lab_Kinetics Experiments_2021-10-29 IPTG 2Hphage pEC223 DRM 174cd_2024-03-26 Absorbances_reader_plate_3_y.npy,0.9974259958401227,0.996922877213563
302,carolyn_20170722_Fowler_196-218_LB_10000x_y.npy,0.9996023720110235,0.9996369429149656
303,lopatkin_lab_20210613_exp5.1.015_y.npy,0.9989586037591416,0.9994023373409947
304,lopatkin_lab_20210624_8.4.003_EvolChar_Day0_Col1_y.npy,0.9979992771009552,0.9986818700020786
305,chory_lab_Kinetics Experiments_2021-07-07_Emma_T7PRANCE_2024-03-26 Absorbances_reader_plate_3_y.npy,0.9946896353663743,0.9949462906979011
306,schluter_a9ccb3575b661fc75b1e51_y.npy,0.9837726443717784,0.9718127560104052
307,carolyn_10242018_resistome_longterm_TS30_35-2_y.npy,0.9987508514187267,0.9990728088583569
308,carolyn_Plate 67 Trial 1_y.npy,0.9997506465209063,0.999780532275014
309,schluter_dd9e2e0709a2beaa745376_y.npy,0.9651994620935469,0.9822115889426087
310,chory_lab_Kinetics Experiments_2019-08023_Emma_174_176_177_2024-03-26 Absorbances_reader_plate_2_y.npy,0.9963426469462108,0.9971608676762773
311,chory_lab_Turbidostat Experiments_20230508_224D_238_239_preIPTG_00002_2024-03-25 Absorbances_plate_1_y.npy,0.9806214530828288,0.9834563633562178
312,lynch_lab_Process457_for_upload_y.npy,0.9946623264409329,0.9974059798089774
313,carolyn_Plate 9 Trial 2_y.npy,0.9994062784266182,0.9994287555418029
314,lopatkin_lab_8.3.001_Day0_Day0_Col2_KS_20210630_Day0_Col2_y.npy,0.9994320340325631,0.9993153938292005
315,sizhe_2024-04-30 longterm od mch amyloid growth curves 30c nano_y.npy,0.9989304691629167,0.9988100209143568
316,carolyn_20170716_Fowler_47-69_LB_10000x_y.npy,0.9994772114553214,0.9996251820534903
317,lopatkin_lab_20210616_exp5.1.016_y.npy,0.9984580306272676,0.9991056757611827
318,ashwini_ars_240611_od_y.npy,0.9991656049234541,0.9989947421425016
319,schluter_bf8a70efecd47606c9032a_y.npy,0.9774443995569436,0.9866712474988691
320,chory_lab_Turbidostat Experiments_20220513_Arabinose IPTG test_00001_2024-03-25 Absorbances_plate_0_y.npy,0.9771987152392627,0.9850432533556586
321,lopatkin_lab_20210325_KSstrains4-8-6-2_y.npy,0.9989544119668116,0.9991274732640253
322,chory_lab_Turbidostat Experiments_20220825_9x3 SD4 SD6_00001_2024-03-25 Absorbances_plate_1_y.npy,0.9940096121701729,0.9955408514978872
323,schluter_2314663ceda58b12364a02_y.npy,0.9786440355352427,0.970892812539694
324,katie_2023-12-04 mixed plate full timecourse_tecanJ_KD_y.npy,0.9996602160549701,0.9996383658999978
325,zach_other_2021-11-14 MG1655 top10 alh_y.npy,0.9995239940501758,0.9995677260476122
326,zhixiang_zy_comb_lt10_day1_od600_y.npy,0.9994856904858547,0.9996262526327874
327,chory_lab_Kinetics Experiments_2021-07-07_Emma_T7PRANCE_2024-03-26 Absorbances_reader_plate_2_y.npy,0.9960174607431929,0.9936331001631502
328,lynch_lab_DMC_Ferm_285_for_upload_y.npy,0.9984094770780921,0.9807009745326853
329,zhixiang_zy_comb_lt9_day4_gfp_y.npy,0.9986309810265056,0.9988411242470121
330,chory_lab_Turbidostat Experiments_20220911_244fstar_233_Test1_00001_2024-03-25 Absorbances_plate_0_y.npy,0.9948042994100355,0.9935140511570437
331,zhixiang_zy_comb_lt9_day1_od600_y.npy,0.9991989955285987,0.998394587906695
332,cesar_2023-11-03-CAD055-Katherine_y.npy,0.9937846166043893,0.9876704774319134
333,carolyn_Plate 57 Trial 3_y.npy,0.9996216319190712,0.9990621524267868
334,cesar_2023-11-20-DH5GFPBio3_y.npy,0.9909150400499777,0.9957875929421396
335,chory_lab_Turbidostat Experiments_20221017_234a 235ab replicates_00001_2024-03-25 Absorbances_plate_1_y.npy,0.9935671885504342,0.9921063107562821
336,carolyn_20170819_Fowler_47-69_100x_y.npy,0.9993222462404029,0.9994228795216927
337,lynch_lab_Promoters_BioLector_OD_Corr_Promoter_Data_batch_2_y.npy,0.9995562384127696,0.999560230726899
338,schluter_5a8fe6a8423fe2076c6822_y.npy,0.972975305992178,0.9674420911928643
339,carolyn_Plate 5 Trial 1_y.npy,0.9992692000680758,0.9993332121557098
340,carolyn_Plate 75 Trial 3_y.npy,0.9997384135549872,0.9997971569853085
341,chory_lab_Kinetics Experiments_2022-08-22 ST03_RBS_Standardization_2024-03-26 Absorbances_reader_plate_4_y.npy,0.9917601940766161,0.9920869657893252
342,carolyn_Plate 33 Trial 3_y.npy,0.9996121220770463,0.9995390608691536
343,zach_other_2022-06-17 longterm_y.npy,0.9760834705004656,0.9787532693407441
344,zach_growth_curves_2023-03-15_2_y.npy,0.9983772350779844,0.9983501890794807
345,schluter_ff0027e7de97671e2a4218_y.npy,0.95857213220309,0.9458960617627029
346,alex_2023-06-09_OD600_alex_y.npy,0.9996847592706085,0.9996467748915036
347,chory_lab_Kinetics Experiments_2021-07-07_Emma_T7PRANCE_2024-03-26 Absorbances_reader_plate_4_y.npy,0.9936580165786962,0.9947317398847739
348,carolyn_20170910_Anderson_24-46_LB_Carb-5ugml_10000x_y.npy,0.9994913957348168,0.9995537237783015
349,zhixiang_zy_comb_lt8_day8_gfp_y.npy,0.9968934274327674,0.9974588634235081
350,carolyn_Plate 23 Trial 2_y.npy,0.9997375347701121,0.9997587946190752
351,zach_other_2021-11-21-BH5alpha top10 alh_y.npy,0.9995566344405982,0.9996581958016947
352,carolyn_10022018_resistome_longterm_TS30_22-2_y.npy,0.9995855275766918,0.99948858343962
353,chory_lab_Turbidostat Experiments_20230428_VM_splA_PRANCE_verification_00001_2024-03-25 Absorbances_plate_0_y.npy,0.9972704178172725,0.9966856869311247
354,zach_growth_curves_2023-04-01_3_y.npy,0.9990276191960927,0.9991523434763862
355,lopatkin_lab_8.3.001_Day0_Day0_Col9_MF_20220607_Day0_Col9_y.npy,0.9990822989833552,0.9994443805460462
356,chory_lab_Turbidostat Experiments_20220816_224F 9x1 232A-C enrichment test_00001_2024-03-25 Absorbances_plate_0_y.npy,0.973952042124202,0.9703409089410783
357,carolyn_Plate 87 Trial 3_y.npy,0.9997567251369109,0.9997397722777459
358,grayson_231220_growth_curves_marine_y.npy,0.996930380983753,0.9940125780129277
359,carolyn_20170821_Fowler_139-161_LB_100x_y.npy,0.9992573651617711,0.9993851644778645
360,lopatkin_lab_8.3.001_Day21_Day21_Col11_MF_20211007_Day21_Col11_y.npy,0.9993378770859219,0.9994064429780406
361,carolyn_Plate 21 Trial 1_y.npy,0.9997709846786117,0.9997449904493395
362,schluter_a3c2ab3e5102cdad6b44d9_y.npy,0.9760921227998359,0.9674106685226704
363,carolyn_10122018_resistome_longterm_TS30_26-2_y.npy,0.9985751110365949,0.9993874356424574
364,schluter_b3bf4d77d87908e868485c_y.npy,0.9777868730737462,0.9844924940736697
365,carolyn_Plate 21 Trial 2_y.npy,0.9996994353188416,0.9997553048583943
366,carolyn_Plate 7 Trial 2_y.npy,0.9994716901878531,0.9994636709885559
367,schluter_64f565e338eb2431ac365f_y.npy,0.9305846191594972,0.928042317095554
368,chory_lab_Turbidostat Experiments_20221013_224D 234ab 235ab_00001_2024-03-25 Absorbances_plate_1_y.npy,0.9836729471889127,0.9787393527276078
369,zach_growth_curves_2023-03-22_0_y.npy,0.9982861319986231,0.9975140052201067
370,chory_lab_Kinetics Experiments_2021-07-07_Emma_T7PRANCE_2024-03-26 Absorbances_reader_plate_1_y.npy,0.9959128420789986,0.9885197024860908
371,zach_other_2019-09-20 ePop Circuit Generation 2_y.npy,0.9996768422771195,0.999688671896578
372,grayson_231216_Plate2_y.npy,0.9912924566008722,0.9866577713332925
373,cesar_2023-09-02-CASensitive_y.npy,0.9864783400490196,0.9841341840091532
374,carolyn_Plate 47 Trial 3_y.npy,0.9986074418421446,0.9986057228787595
375,lopatkin_lab_20220206_8.4.009_Rep2Pt2_Multisubtrate_KS_y.npy,0.9985181569459624,0.9993544855231593
376,feilun_synth_comm_data_y.npy,0.9995854682920348,0.999759806146371
377,carolyn_Plate 15 Trial 1_y.npy,0.9994268674543635,0.9992479086787345
378,schluter_c30ddb1f9cb76c2cc147f1_y.npy,0.9763833463233247,0.9771419931222197
379,zhixiang_zy_comb_lt7_day2_gfp_y.npy,0.9991433758860432,0.999190113262121
380,chory_lab_Kinetics Experiments_2021-07-02_Emma_T7PRANCE_2024-03-26 Absorbances_reader_plate_3_y.npy,0.9892645676268158,0.9895756401938678
381,carolyn_10102018_resistome_longterm_TS30_24-2_y.npy,0.9995247427488761,0.9995406088790851
382,schluter_b8fa33cd5e19482a49d3c5_y.npy,0.9796867554621269,0.9787329060325386
383,carolyn_Plate 37 Trial 2_y.npy,0.9997435408441141,0.9996897853092706
384,carolyn_09032018_resistome_longterm_TS30_9-2_y.npy,0.9989500151545835,0.9990615332233261
385,lopatkin_lab_final_tet_pOX38_tet_combined_a_y.npy,0.9990489501866414,0.9993888363411223
386,schluter_e65b3dec1314cdb5bb2e77_y.npy,0.9630437443454426,0.9430095887660226
387,chory_lab_Kinetics Experiments_2021-07-12_Protease_IPTG_ATC_firsttest_2024-03-26 Absorbances_reader_plate_3_y.npy,0.9890364941843532,0.9871709571631749
388,carolyn_09292018_resistome_longterm_TS30_20-2_y.npy,0.9994100001436906,0.9996160015838754
389,chory_lab_Kinetics Experiments_2022-08-25 ST04_spla_MBP_2024-03-26 Absorbances_reader_plate_1_y.npy,0.9897254246080771,0.9890523789055012
390,carolyn_Plate 43 Trial 2_y.npy,0.9996484676503129,0.9998189893120687
391,carolyn_Plate 19 Trial 1_y.npy,0.9996648755745702,0.9997242796206776
392,zhixiang_zy_comb_lt8_day3_od600_y.npy,0.9984490283053898,0.9973501318871913
393,lopatkin_lab_8.3.001_Day0_Day0_Col5_KS_20210716_Day0_Col5_y.npy,0.9985959239030081,0.9994782353844424
394,chory_lab_Kinetics Experiments_2019-1028_VHTA_2H_protease_2024-03-26 Absorbances_reader_plate_5_y.npy,0.9574937797736395,0.954728944364737
395,zhixiang_zy_comb_lt9_day3_od600_y.npy,0.9995990702162982,0.9995969552867449
396,ashwini_ars_240518_od_y.npy,0.9985941034990623,0.9983052132834568
397,katie_2023-06-28 crosstalk plus mixed plate full timecourse 1 yfp_y.npy,0.9990152995508221,0.9991392085913043
398,carolyn_Plate 61 Trial 1_y.npy,0.999741228629129,0.9997923321148592
399,kyeri_KeioV3_mcherry_2022_2023_NCAL_0202_carb_amx_y.npy,0.9726196395180485,0.9712478476062582
400,carolyn_05292018_resistome_longterm_TS30_2-2_y.npy,0.9982621914305722,0.9976249711398796
401,sizhe_Sizhe_mc longterm (Modified)_20231104_155130_y.npy,0.9987911544901109,0.9993403063352669
402,carolyn_Plate 27 Trial 2_y.npy,0.9994438411344693,0.9996110037593778
403,carolyn_Plate 77 Trial 3_y.npy,0.9998027641594931,0.9997917215133434
404,carolyn_20170807_Fowler_24-46_LB_Lambda-MOI-1_10000x_y.npy,0.9996650741082878,0.9995386524264822
405,schluter_aa778346c1ef8dc2ea5d93_y.npy,0.9673186169749558,0.915082240585069
406,cesar_2023-12-11-DH5GFPBio1-KAN_y.npy,0.9997650808014168,0.9995848190076677
407,zach_other_2022-09-25 Growth GFP_y.npy,0.9893656738457407,0.9868259047582768
408,carolyn_Plate 1 Trial 3_y.npy,0.9992652567381635,0.9993594540159815
409,schluter_a22a8351a4f4aa8fa1eccb_y.npy,0.9756640368205132,0.9769003029882611
410,carolyn_Plate 61 Trial 2_y.npy,0.9994688351904923,0.9996971281298622
411,carolyn_02052019_resistome_longterm_TS30_61-2_y.npy,0.9988873564714732,0.999061391945777
412,chory_lab_Kinetics Experiments_2019-1030_PylRS_all_2024-03-26 Absorbances_reader_plate_1_y.npy,0.9953110519888293,0.9909062020100042
413,chory_lab_Turbidostat Experiments_20220824_SD4 9x4-5 redo_00001_2024-03-25 Absorbances_plate_0_y.npy,0.9156971788043041,0.9042298516796271
414,chory_lab_Kinetics Experiments_2022-10-12 224D 234a-c 235a-c_2024-03-26 Absorbances_reader_plate_2_y.npy,0.9821904762903098,0.9825411315395122
415,zach_growth_curves_2023-04-03_0_y.npy,0.9995863471654207,0.9995639505775059
416,alex_2022-12-12 alh3 LONG TERM_y.npy,0.9998265028179335,0.9997698657357947
417,emrah_20210908_E22_1xLB_PIP_Tazobactam_OD600_Longterm_y.npy,0.9963527317184862,0.9963589895768961
418,schluter_1ee58943a428b5dccad65a_y.npy,0.9730580302273825,0.9798062542837213
419,zach_growth_curves_2023-03-27_1_y.npy,0.9991155862686891,0.9990800814887025
420,schluter_1dbea9394f467568071ef6_y.npy,0.9850766406968776,0.9789817236507483
421,chory_lab_Kinetics Experiments_2021-07-14_Protease_Turbidostat_IPTG_ATC_firsttest_2024-03-26 Absorbances_reader_plate_4_y.npy,0.9975328286066681,0.9971113974728081
422,carolyn_Plate 71 Trial 3_y.npy,0.9992721671972435,0.9997842160390995
423,zach_other_2022-02-15 alh mc4100 rerun_y.npy,0.9997394584925523,0.999745317700913
424,schluter_85c6b894edb17153189265_y.npy,0.9789186860335471,0.9644709786984949
425,carolyn_Plate 59 Trial 1_y.npy,0.999501230903874,0.9997719066842164
426,chory_lab_Kinetics Experiments_2019-1031_1H_2H_protease_2024-03-26 Absorbances_reader_plate_3_y.npy,0.989942700911607,0.987883846607099
427,zach_other_2020-07-30 Long-term GFP and OLS_y.npy,0.9538750383174406,0.97778621349421
428,carolyn_Plate 21 Trial 3_y.npy,0.9997392661756698,0.9996799870088899
429,carolyn_10132018_resistome_longterm_TS30_27-2_y.npy,0.9994283411165256,0.9984654027259554
430,ashwini_ars_240326_od_y.npy,0.9985001655117463,0.9985180060420124
431,schluter_b98bd4632e269b2017be08_y.npy,0.9512974506220143,0.9516106468727169
432,carolyn_Plate 55 Trial 2_y.npy,0.9995977153071888,0.9994596999712563
433,zach_other_2020-07-18 mCherryOAC_y.npy,0.9874292619915348,0.9887625934797096
434,chory_lab_Kinetics Experiments_2019-08023_Emma_174_176_177_2024-03-26 Absorbances_reader_plate_4_y.npy,0.9938270016489557,0.9917328875249691
435,zach_other_2021-04-06 Collective Survival_y.npy,0.9994304568885144,0.9996393279824918
436,carolyn_20170808_Fowler_47-69_LB_Lambda-MOI-1_10000x_y.npy,0.9993468142015606,0.9993682095861265
437,schluter_ee3b2b943a6fff993e1ee2_y.npy,0.967735373823035,0.9554070363540845
438,zhixiang_zy_comb_lt8_day2_gfp_y.npy,0.9986376919211555,0.9975009231328118
439,schluter_fc0103da11bcae7b355b7e_y.npy,0.9846458020500807,0.9860910926142349
440,carolyn_Plate 45 Trial 3_y.npy,0.9993104836055711,0.9997955845078856
441,carolyn_Plate 15 Trial 2_y.npy,0.9989392538023985,0.9991473008233841
442,zach_growth_curves_2023-04-01_0_y.npy,0.9992543578286165,0.9992525234739559
443,zach_growth_curves_2023-03-18_3_y.npy,0.998779091305543,0.9985710468204728
444,zhixiang_zy_comb_lt9_day1_gfp_y.npy,0.9983047920059221,0.9988698295598469
445,carolyn_11052018_resistome_longterm_TS30_42-2_y.npy,0.9991207644900421,0.9993643423282031
446,ashwini_ars_240329_od_y.npy,0.9987601200013668,0.9986578500942633
447,yuanchi_tetA00_03072024_0438pm_y.npy,0.9945118759484946,0.9932186295192819
448,zach_other_2020-09-15 Suicide Circuits_y.npy,0.9972838450183825,0.9964655033280275
449,schluter_71bf18f3080f840f66f5b3_y.npy,0.981110143273311,0.9792223509560403
450,zhixiang_gfp_lt_1_od600_y.npy,0.9995502911940173,0.9996976619362976
451,alex_2023-06-12_OD600-2_alex_y.npy,0.9996707919491745,0.9996714448860261
452,kyeri_KeioV3_mcherry_20231021_4hpre_betalactams_384_amx_y.npy,0.9926339090345855,0.9922314045579946
453,chory_lab_Kinetics Experiments_2022-09-28 224F 234a-c 235a-c_2024-03-26 Absorbances_reader_plate_5_y.npy,0.9977367968082739,0.9978582098840548
454,zach_growth_curves_2023-03-22_3_y.npy,0.9991447443088379,0.9989643145804054
455,lynch_lab_021823_Biolector_CyDisCo_summary_raw_data_y.npy,0.9903779098349992,0.9925584823338949
456,schluter_bbf3712d9d70fae1c0c8a2_y.npy,0.9700430332967637,0.9669402165185326
457,carolyn_06242018_resistome_longterm_TS30_4-1_y.npy,0.998210320332966,0.9989324315697946
458,chory_lab_Kinetics Experiments_2021-07-14_Protease_Turbidostat_IPTG_ATC_firsttest_2024-03-26 Absorbances_reader_plate_1_y.npy,0.9951517035204991,0.9935128617690584
459,lopatkin_lab_8.4.005_day21_8.4.005_Day21_Col4_20220221_8.4.005_Day21_Col4_y.npy,0.9973976670380124,0.9988893222475818
460,chory_lab_Kinetics Experiments_2019-1028_VHTA_2H_protease_2024-03-26 Absorbances_reader_plate_6_y.npy,0.9583949877658668,0.9405879887728358
461,carolyn_07312018_resistome_longterm_TS30_8-1_y.npy,0.9992704686796534,0.9985061162574065
462,lopatkin_lab_final_tet_RP4_tet_combined_a_y.npy,0.9986671125911625,0.998670288564831
463,zhixiang_zy_comb_lt7_day2_od600_y.npy,0.9960251848800397,0.9939418060561704
464,carolyn_20170811_Anderson_1-23_LB_Lambda-MOI-1_10000x_y.npy,0.9996414268673228,0.9995327862638551
465,katie_20240224 cuma ohc14 atc_y.npy,0.9927674259505438,0.9930449233337815
466,schluter_b85f30525ee6a36419bcb3_y.npy,0.9782227976518821,0.9744029488950086
467,lopatkin_lab_8.3.001_Day0_Day0_Col8_KS_20210702_Day0_Col8_y.npy,0.9989227335588223,0.9991970552326799
468,carolyn_09282018_resistome_longterm_TS30_19-2_y.npy,0.9996176837771777,0.9996217759861399
469,chory_lab_Kinetics Experiments_2021-09-24 IPTG 2H phage pEC223 DRM_2024-03-26 Absorbances_reader_plate_2_y.npy,0.9946066260098738,0.995833485963804
470,zhixiang_zy_comb_lt8_day7_od600_y.npy,0.9993160032224799,0.9995143798570965
471,chory_lab_Kinetics Experiments_2019-08021_Emma_174b_176abc_20ng_2024-03-26 Absorbances_reader_plate_2_y.npy,0.9944735118528951,0.9953556607965482
472,dan_22_2_7 mCherry and Protein E vs time with Pum2-ELP-GFP constructs_y.npy,0.9980992329480038,0.9979330758413869
473,sizhe_2023-12-07 long term mc_y.npy,0.9958016678645532,0.99368488622609
474,carolyn_20170806_Anderson_41-59_LB_10000x_y.npy,0.9996335551070287,0.9995171193212813
475,lopatkin_lab_20210413_KSstrains7-5-1-3_y.npy,0.9994263517369013,0.9992919352995561
476,carolyn_20170809_Fowler_116-138_LB_Lambda-MOI-1_10000x_y.npy,0.9995828571153147,0.9995510472303227
477,carolyn_Plate 69 Trial 3_y.npy,0.9997041572529496,0.9997846893767979
478,carolyn_Plate 5 Trial 2_y.npy,0.9994443062671922,0.9994840747085135
479,chory_lab_Kinetics Experiments_2021-08-05_AARS_PRANCE_2024-03-26 Absorbances_reader_plate_4_y.npy,0.9613754144738531,0.9651386119324308
480,cesar_2023-09-06-CAKanSensitive-TESTNOTACTUAL_y.npy,0.9825242341972331,0.9930996826455185
481,dan_22_1_12 RBP-mRuby-E34 + F30-Pepx2-RBTx2-pBDTO-Com-sfGFP 535cycles_OD600_2_y.npy,0.9995992185421607,0.9995875092990488
482,carolyn_20170822_Fowler_208-218_LB_100x_y.npy,0.9991711611452511,0.9984736552363923
483,schluter_71d266646e47f1b0db2745_y.npy,0.9593765672253568,0.944521672600692
484,lopatkin_lab_8.3.001_Day0_Day0_Col11_KS_20210719_Day0_Col11_y.npy,0.9989410417999324,0.9991335953438584
485,sizhe_2024-01-09long term mc_y.npy,0.9960658116468417,0.9967840848822321
486,carolyn_10142018_resistome_longterm_TS30_28-2_y.npy,0.9982892353945727,0.9995912005197645
487,chory_lab_Kinetics Experiments_2019-1031_1H_2H_protease_2024-03-26 Absorbances_reader_plate_1_y.npy,0.9868860095839594,0.9905646757405763
488,carolyn_Plate 65 Trial 3_y.npy,0.9997108080505999,0.9996277859997432
489,lopatkin_lab_20210219_KPNkinetics_y.npy,0.9957779232369981,0.9912692246526963
490,schluter_2e54fe2e45f4dfbf6a175d_y.npy,0.9820646804009868,0.9640053928713097
491,schluter_266d2264d85ae8bfde60e6_y.npy,0.9659126279834661,0.971154260217459
492,carolyn_20170809_Fowler_139-161_LB_Lambda-MOI-1_10000x_y.npy,0.9995921972563274,0.9996014113506361
493,emrah_20211008_E22_1xLB_CEFTA_w-woClav50_OD600_Longterm_y.npy,0.9948068477735408,0.9974793932655921
494,lynch_lab_DMC_Ferm_283_for_upload_y.npy,0.9982771519715193,0.9997512328064057
495,lopatkin_lab_final_tet_pB10_tet_combined_d_y.npy,0.9994072160837916,0.9994245136789554
496,carolyn_Plate 19 Trial 3_y.npy,0.9997172522465761,0.9996461232214974
497,zach_other_2023-08-09 alh LONG TERM_y.npy,0.9964257260630686,0.9951774874134578
498,chory_lab_Kinetics Experiments_2019-08021_Emma_174b_176abc_20ng_2024-03-26 Absorbances_reader_plate_3_y.npy,0.9947068009095347,0.9949758465732043
499,carolyn_07032018_resistome_longterm_TS30_6-1_y.npy,0.9988605854539354,0.9985133719316278
500,chory_lab_Kinetics Experiments_2021-07-14_Protease_Turbidostat_IPTG_ATC_firsttest_2024-03-26 Absorbances_reader_plate_6_y.npy,0.9968056883129325,0.9960679905147392
501,dan_23_4_22 M_PEG MstopP_PEG long induction low varation induction repeat try w yifan sterile tubes_y.npy,0.9828190129942319,0.9844025094843223
502,lynch_lab_Copy of Process_2167_IRIS_for_upload_y.npy,0.9976706058389752,0.9870017043211998
503,carolyn_Plate 75 Trial 2_y.npy,0.9997606858427808,0.9997744959214967
504,grayson_230228_chitinolytic_growth_curves_od_y.npy,0.9987461620355607,0.9994635581354887
505,zhixiang_zy_comb_lt10_day3_od600_y.npy,0.9996867491983716,0.9995894134079404
506,zhixiang_zy_comb_lt7_day1_gfp_y.npy,0.9991523717102846,0.9991536339709564
507,chory_lab_Turbidostat Experiments_20220802_Hook IPTG and Arab long equillibrium 3x_00001_2024-03-25 Absorbances_plate_0_y.npy,0.9480840714794729,0.9322348221445504
508,schluter_6f02efe9c1b5bae36acdcc_y.npy,0.9647164599081104,0.9544523434328412
509,dan_23--23 m-peg mppegmcherrygfp2ia and 05ia_y.npy,0.9958485670138508,0.9981547148977514
510,chory_lab_Kinetics Experiments_2021-07-12_Protease_IPTG_ATC_firsttest_2024-03-26 Absorbances_reader_plate_4_y.npy,0.9927190125021865,0.9920376812173849
511,lopatkin_lab_8.3.001_Day21_Day21_Col1_KS_20210729_Day21_Col1_y.npy,0.9992209389097991,0.9990205024962603
512,sizhe_2023-07-20 blam_y.npy,0.9977644952562472,0.9980683032045176
513,schluter_1707bc3cfd0dc87c135984_y.npy,0.969642321745766,0.9791248333138655
514,zhixiang_gfp_lt_2_rif2_day2_gfp_y.npy,0.9979567526172198,0.9976113157473874
515,schluter_21ba20a7bec2237a748cac_y.npy,0.9867096627977513,0.9805808125417299
516,chory_lab_Kinetics Experiments_2022-09-02 ST05_mCherry_tagging_assay_with_noMCherry_control_2024-03-26 Absorbances_reader_plate_2_y.npy,0.9873761827076267,0.9910060549823642
517,lopatkin_lab_final_tet_pOX38_tet_combined_b_y.npy,0.9983300335795133,0.9978903055624789
518,chory_lab_Turbidostat Experiments_20221013_224D 234ab 235ab_00001_2024-03-25 Absorbances_plate_0_y.npy,0.9673684796023445,0.9722877080844641
519,katie_2023-03-23 crosstalk plus mixed plate full timecourse_y.npy,0.9997630298128026,0.9997323056052974
520,chory_lab_Turbidostat Experiments_20230517_224D238239_Turb_00001_2024-03-25 Absorbances_plate_0_y.npy,0.9483319367722386,0.951803073376937
521,carolyn_10212018_resistome_longterm_TS30_33-2_y.npy,0.9996113088327426,0.9997334654462521
522,zach_other_2021-11-15 Long-term GFP_y.npy,0.9981180066900718,0.9970076619568182
523,zach_growth_curves_2023-04-01_2_y.npy,0.9990319468572415,0.9989526753356341
524,schluter_17391b8feccb550fe3f7dd_y.npy,0.9789998184180769,0.9662510983813295
525,zach_growth_curves_2023-03-27_2_y.npy,0.9991297968043084,0.9989723061221043
526,zach_other_2020-09-12 Suicide Circuits_y.npy,0.9783098626974235,0.9820882168313407
527,sizhe_Sizhe_mc longterm (Modified)_20240424_123118_y.npy,0.9963146865966668,0.9958929183158922
528,zach_growth_curves_2023-03-29_2_y.npy,0.9993044322365933,0.9992440205644688
529,carolyn_ReplacementTrial1_y.npy,0.9993728855478209,0.9983230929411643
530,grayson_2022-03-31_antho_growthrate_y.npy,0.9995012430573483,0.9996225785812373
531,zach_other_2022-06-11 Long Term_y.npy,0.9963901483031709,0.9944200360415384
532,emrah_20211018_E22_1xLB_TIC_MIC_OD600_Longterm_y.npy,0.9966129669402235,0.9973631149099503
533,sizhe_Sizhe_mc longterm (Modified)_20230915_143810_y.npy,0.9959926629788072,0.9915445124040122
534,chory_lab_Kinetics Experiments_2021-09-16 aTc 2H phage_2024-03-26 Absorbances_reader_plate_2_y.npy,0.9956415824715917,0.9934583121584531
535,cesar_2023-11-09-CAD055-Katherine_y.npy,0.9964949912694934,0.9875143988076605
536,zach_other_2019-11-01_FJT_flourescence_y.npy,0.9655542373338193,0.9828642445758657
537,chory_lab_Kinetics Experiments_2021-07-06_Emma_T7PRANCE_2024-03-26 Absorbances_reader_plate_1_y.npy,0.9411828419211268,0.9688155212775323
538,chory_lab_Kinetics Experiments_2019-1030_PylRS_all_2024-03-26 Absorbances_reader_plate_2_y.npy,0.9950798724647074,0.9950703782694694
539,sizhe_Sizhe_mc longterm (Modified)_20240426_142839_y.npy,0.998685428025279,0.9990737232240494
540,carolyn_06282018_resistome_longterm_TS30_5-2_y.npy,0.9992138856558029,0.9994064437111406
541,chory_lab_Turbidostat Experiments_20230505_224F_238_239_00002_2024-03-25 Absorbances_plate_1_y.npy,0.9450712668156256,0.957380961307529
542,carolyn_Plate 77 Trial 1_y.npy,0.999784374891356,0.9998119810925378
543,chory_lab_Kinetics Experiments_2022-09-02 ST05_mCherry_tagging_assay_with_noMCherry_control_2024-03-26 Absorbances_reader_plate_6_y.npy,0.9751840046856678,0.9801979690003229
544,carolyn_20170806_Anderson_21-40_LB_10000x_y.npy,0.9994926678684762,0.9996317569193617
545,zhixiang_zy_comb_lt7_day4_od600_y.npy,0.9984917026732179,0.9976288334944772
546,schluter_2b3f03a8b7d55a2de3e745_y.npy,0.990737727539014,0.9833805610973525
547,zach_growth_curves_2023-03-15_1_y.npy,0.9985740242317129,0.9986843251397687
548,zhixiang_zy_comb_lt9_day2_od600_y.npy,0.9993781582438397,0.9995023041009871
549,carolyn_09242018_resistome_longterm_TS30_15-2_y.npy,0.9995950891584766,0.9993951174173021
550,kyeri_RIE_top10f_0716_top10f_PG_media_y.npy,0.9955544468693843,0.996813159183383
551,chory_lab_Kinetics Experiments_2022-10-12 224D 234a-c 235a-c_2024-03-26 Absorbances_reader_plate_8_y.npy,0.9768706540425793,0.965046321712747
552,cesar_2023-11-15-Top10GFPBio3_y.npy,0.9924948895616866,0.9904137327770378
553,chory_lab_Kinetics Experiments_2022-01-19 Massive cloning test 2H_2024-03-26 Absorbances_reader_plate_7_y.npy,0.9956508975269358,0.9938149626802028
554,chory_lab_Kinetics Experiments_2022-09-28 224F 234a-c 235a-c_2024-03-26 Absorbances_reader_plate_4_y.npy,0.9974006780519687,0.9969033381229734
555,schluter_c904444941336cb8964b0f_y.npy,0.9810081984124611,0.9169197260989487
556,schluter_7941e4cae71c4b58c59331_y.npy,0.97843683207576,0.9668314108935882
557,schluter_781db535d2bd2517b8d550_y.npy,0.9801771391241203,0.9774267374653391
558,carolyn_Plate 91 Trial 2_y.npy,0.999526042272364,0.999806509277485
559,chory_lab_Turbidostat Experiments_20230519_224D_238_239_TurbRepeat3_with Protease_00001_2024-03-25 Absorbances_plate_1_y.npy,0.9880980782234585,0.9882662772682288
560,lopatkin_lab_20210524_AP_y.npy,0.9949341184227861,0.9967071190998139
561,chory_lab_Kinetics Experiments_2019-1030_PylRS_all_2024-03-26 Absorbances_reader_plate_4_y.npy,0.9954247085657733,0.9934544613693129
562,chory_lab_Turbidostat Experiments_20220823_SD4 9x3_00001_2024-03-25 Absorbances_plate_1_y.npy,0.9954086318112911,0.9956464788342353
563,chory_lab_Kinetics Experiments_2021-07-16_Protease_Turbidostat_IPTG_ATC_replicate2_2024-03-26 Absorbances_reader_plate_5_y.npy,0.9963969487635451,0.9968652100493935
564,schluter_93d63e3d29804d9ec6c6ef_y.npy,0.9674391219200718,0.946963253936724
565,dan_23_4_7 M_PEG MstopP_PEG long induction_y.npy,0.9869034267481545,0.9840929357534068
566,schluter_86f5c1b1606e937c286695_y.npy,0.9736783886559921,0.9701023972431976
567,sizhe_2024-04-11 longterm od mch amyloid growth curves 42c j_full timecourse_y.npy,0.9976550187013697,0.9962878507887265
568,schluter_d7ca93f803bcf1e74d37b6_y.npy,0.982794018253167,0.9849953412891972
569,schluter_3d89559bb0801598211996_y.npy,0.9724365382298767,0.9610671522576649
570,schluter_636015deb7278b1f9a83a1_y.npy,0.9507283199180858,0.9180138061788718
571,emrah_20220104_E9_1xLB_kan50_IPTG1mM_Carbenicillin_InitDensDependence_y.npy,0.9988961403101617,0.9971253280381953
572,carolyn_20170911_Anderson_47-59_LB_Carb-5ugml_10000x_y.npy,0.9962328461249362,0.9964529431371701
573,zhixiang_zy_comb_lt7_day4_gfp_y.npy,0.99886621166991,0.9988629905326638
574,carolyn_Plate 39 Trial 2_y.npy,0.9977304521718033,0.9997597411198369
575,chory_lab_Kinetics Experiments_2021-08-06 AARS PRANCE pED1a5_pEC182d_2024-03-26 Absorbances_reader_plate_7_y.npy,0.9765124213282694,0.9686470000582461
576,chory_lab_Turbidostat Experiments_20220517_IPTG_Arab_HookOpt_00001_2024-03-25 Absorbances_plate_1_y.npy,0.9472834299041317,0.9514409406625912
577,schluter_48c4f7863e337d20752856_y.npy,0.9699437351172989,0.9356996833702186
578,carolyn_20170909_Fowler_116-138_LB_Carb-5ugml_10000x_y.npy,0.999419120296985,0.9992966205080082
579,carolyn_Plate 11 Trial 3_y.npy,0.999268434225029,0.9991778057342574
580,chory_lab_Kinetics Experiments_2021-07-16_Protease_Turbidostat_IPTG_ATC_replicate2_2024-03-26 Absorbances_reader_plate_4_y.npy,0.9949954029870737,0.9926051473055456
581,carolyn_Plate 87 Trial 2_y.npy,0.9997757677759009,0.9997885168330641
582,zach_growth_curves_2023-03-27_0_y.npy,0.9988529663761452,0.9990586695510373
583,lopatkin_lab_8.3.001_Day0_Day0_Col6_MF_20220610_Day0_Col6_y.npy,0.9992737719997822,0.9993172246909183
584,grayson_231220_ecoli_y.npy,0.9998025371405354,0.9998128092473246
585,chory_lab_Turbidostat Experiments_20221018_224F 234a 10x1-2_00001_2024-03-25 Absorbances_plate_1_y.npy,0.9969327038352647,0.9971136968576977
586,chory_lab_Turbidostat Experiments_20230428_VM_splA_PRANCE_verification_00001_2024-03-25 Absorbances_plate_1_y.npy,0.9981390557399976,0.9985909452177811
587,carolyn_Plate 67 Trial 2_y.npy,0.9997723730504394,0.9997555759953121
588,carolyn_Plate 57 Trial 1_y.npy,0.999626639968827,0.9997239396084312
589,chory_lab_Kinetics Experiments_2021-07-06_Emma_T7PRANCE_2024-03-26 Absorbances_reader_plate_2_y.npy,0.9531192474230625,0.9348172407154642
590,schluter_8b13112c6ac5e832836b57_y.npy,0.9678842918178827,0.9649848140826622
591,carolyn_Plate 13 Trial 2_y.npy,0.9994921084921309,0.9994843613912893
592,lopatkin_lab_20210408_KSstrains5-8-2-7_y.npy,0.9992580449828092,0.9987012222085723
593,carolyn_20170717_Fowler_93-106_LB_10000x_y.npy,0.9993701270830558,0.9995818974821855
594,chory_lab_Kinetics Experiments_2022-01-19 Massive cloning test 2H_2024-03-26 Absorbances_reader_plate_10_y.npy,0.9957583617170093,0.9959982656124775
595,carolyn_10282018_resistome_longterm_TS30_38-2_y.npy,0.9994755939141325,0.9993593903115853
596,kyeri_RIE_top10f_0725_top10f_PG_NAMNAG_y.npy,0.9971321141675472,0.9902512592685963
597,emrah_20211001_E22-23-25_M9_glucose0p2_PIP_OD600_Longterm_y.npy,0.9987062597924266,0.9980749639956452
598,zhixiang_gfp_lt_1_test2_gfp_y.npy,0.9987427836618373,0.9980593052949726
599,zhixiang_zy_comb_lt8_day0_gfp_y.npy,0.9993226807105997,0.9989556728219523
600,kyeri_KeioV3_mcherry_20231022_2hpre_betalactams_384_amx_y.npy,0.994905661263074,0.9944209313946681
601,carolyn_10272018_resistome_longterm_TS30_38-1_y.npy,0.9993860969626055,0.9991097812315471
602,schluter_d98075bf7fe4523e409606_y.npy,0.97734130215026,0.9697674483980622
603,chory_lab_Kinetics Experiments_2022-11-04 Linker Third Test_2024-03-26 Absorbances_reader_plate_5_y.npy,0.993177806474945,0.9923685287754532
604,chory_lab_Turbidostat Experiments_20221017_234a 235ab replicates_00001_2024-03-25 Absorbances_plate_0_y.npy,0.9916268366233555,0.9928668993733748
605,cesar_2023-11-20-DH5GFPBio2_y.npy,0.9993603757087696,0.9844573822270465
606,carolyn_05272018_resistome_longterm_TS30_1-2_y.npy,0.9991405044639846,0.9989357581986847
607,carolyn_20170721_Fowler_150-172_LB_10000x_y.npy,0.9993724486743711,0.999295054489379
608,lopatkin_lab_final_tet_RN3_tet_combined_b_y.npy,0.9970381310849877,0.9968113427789942
609,carolyn_11022018_resistome_longterm_TS30_41-2_y.npy,0.9987430078297765,0.9985118163905705
610,schluter_c34b41661c3c4b89c19376_y.npy,0.9752949147651392,0.9776322472169245
611,carolyn_Plate 49 Trial 1_y.npy,0.9997358006979742,0.9997448791693285
612,zhixiang_zy_comb_lt8_day5_gfp_y.npy,0.9976770585291858,0.9985923300059647
613,chory_lab_Kinetics Experiments_2022-09-28 224F 234a-c 235a-c_2024-03-26 Absorbances_reader_plate_7_y.npy,0.9971311943385343,0.9947153320932965
614,dan_22_9_8 PM-ELP + G5P or G4rP lower induction_y.npy,0.9951105275628386,0.9960586939337462
615,carolyn_12192018_resistome_longterm_TS30_53-2_y.npy,0.9966945646955157,0.9984336066858505
616,sizhe_2023-4-13 MCH-GGGS-CDC & 2CDC19=ELP_y.npy,0.9964691758489918,0.9942561232790262
617,carolyn_Plate 23 Trial 3_y.npy,0.9997643302834992,0.99979902133864
618,schluter_36715726acc0d496bb2346_y.npy,0.9834966786323456,0.9874178524254819
619,carolyn_Plate 93 Trial 3_y.npy,0.9992217540696942,0.9987368745722954
620,carolyn_Plate 51 Trial 1_y.npy,0.9997855578339354,0.9998045723773816
621,schluter_809a6a9627784e56b5f953_y.npy,0.9821284503671889,0.9782004019366574
622,kyeri_KeioV3_mcherry_2022_2023_NCAL_0903_72strains_repeat2_y.npy,0.995574006112393,0.9961332651917824
623,dan_22_5_5 mCherry and Pum-ELP induction after confluence_OD600_y.npy,0.986309799191216,0.967440840642465
624,chory_lab_Kinetics Experiments_2019-08021_Emma_174b_176abc_20ng_2024-03-26 Absorbances_reader_plate_4_y.npy,0.994483858058584,0.9953654036072331
625,ashwini_ars_240409_gfp_y.npy,0.9954748523266697,0.9954847538119896
626,schluter_688524ef9180bc574f9a61_y.npy,0.990459388420088,0.9842956209691739
627,chory_lab_Kinetics Experiments_2022-01-19 Massive cloning test 2H_2024-03-26 Absorbances_reader_plate_8_y.npy,0.9974438507189789,0.9939124205952073
628,cesar_2023-11-16-Top10McherryBio3_y.npy,0.9798392101474666,0.9868271512165425
629,zhixiang_zy_comb_lt10_day4_gfp_y.npy,0.9958896554526624,0.9964061918387846
630,carolyn_09192018_resistome_longterm_TS30_12-1_y.npy,0.9994346364530523,0.9993009049107958
631,carolyn_10232018_resistome_longterm_TS30_34-2_y.npy,0.9994199908491428,0.9996316186979655
632,zach_other_2022-12-03 Long-term_y.npy,0.9996935159296346,0.9996909640526979
633,carolyn_Plate 1 Trial 2_y.npy,0.9991709000712512,0.9993683277465324
634,schluter_1173dfad6eceedd566ad60_y.npy,0.9695785178090289,0.9816324757225237
635,cesar_2023-08-28-TazobactamSensitive_y.npy,0.982725737331398,0.9827954021628694
636,carolyn_Plate 47 Trial 1_y.npy,0.9995490660735095,0.9997123876448274
637,carolyn_Plate 87 Trial 1_y.npy,0.999764476595352,0.9997494250529466
638,zach_other_2021-10-06 PLL Cytotoxicity Data Table GFP_y.npy,0.9971930078240653,0.9966391085689734
639,chory_lab_Kinetics Experiments_2022-08-02 Protease_First Test_2024-03-26 Absorbances_reader_plate_5_y.npy,0.9940683862728427,0.9943437779126598
640,chory_lab_Turbidostat Experiments_20221106_Linker Turbidostat 1_00001_2024-03-25 Absorbances_plate_1_y.npy,0.9696395306445373,0.6079096831799987
641,schluter_1c6f6f960b693dacd0ef95_y.npy,0.972816243968992,0.9786683102595896
642,carolyn_Plate 45 Trial 2_y.npy,0.9993036688711215,0.9997659721857723
643,carolyn_01272019_resistome_longterm_TS30_56-2_y.npy,0.9990179523702344,0.9988718116938172
644,lopatkin_lab_7.7.053-pB10 growth_y.npy,0.9988089337997776,0.9992895715704818
645,carolyn_Plate 11 Trial 2_y.npy,0.9993943267590397,0.9994814646379283
646,cesar_2023-11-25-Top10GFPBio1_y.npy,0.996602300276727,0.9954450895773269
647,emrah_RawTimeCourse_X17_clone1_y.npy,0.9995317778455686,0.99971496626112
648,carolyn_Plate 7 Trial 1_y.npy,0.9993597125329969,0.9996575020893804
649,schluter_291c32e2e8110ee2e4a1a6_y.npy,0.9717288017840154,0.9481211533533107
650,lynch_lab_040823_Biolector_DCredox_summary_raw_data_y.npy,0.9951397793182211,0.9908096179276493
651,zhixiang_zy_comb_lt10_day5_gfp_y.npy,0.996834528876368,0.9967132872163725
652,huge_carin_subjectB_gut_y.npy,0.9852163481815912,0.9808674618624517
653,lynch_lab_DMC_Ferm_275_for_upload_y.npy,0.9969935728207102,0.9751032566926154
654,carolyn_Plate 65 Trial 1_y.npy,0.9997487817557419,0.9997843112316229
655,chory_lab_Kinetics Experiments_2021-07-14_Protease_Turbidostat_IPTG_ATC_firsttest_2024-03-26 Absorbances_reader_plate_2_y.npy,0.997335400153892,0.9969167101729267
656,chory_lab_Kinetics Experiments_2022-09-28 224F 234a-c 235a-c_2024-03-26 Absorbances_reader_plate_2_y.npy,0.9963871387007696,0.996639763774318
657,schluter_d90e1b7f7d96d7133d7172_y.npy,0.9791692948512573,0.9881750115278584
658,cesar_2023-12-11-DH5GFPBio2-KAN_y.npy,0.99470131957579,0.9997734421062031
659,zhixiang_zy_comb_lt10_day2_gfp_y.npy,0.9956807803391877,0.9971820975642275
660,carolyn_Plate 41 Trial 1_y.npy,0.9997991988339064,0.9997815594908819
661,zhixiang_zy_comb_lt7_day0_gfp_y.npy,0.9992684576081289,0.9991810571829566
662,zach_other_2020-06-03 ePop_y.npy,0.9996496306299223,0.9993184242939729
663,zach_other_2022-06-09 Long Term_y.npy,0.9990060633558611,0.9992099671902845
664,ashwini_ars_240603_od_y.npy,0.9985244935943384,0.9983887494776977
665,zhixiang_gfp_lt_2_rif2_day1_gfp_y.npy,0.9962079255444191,0.9986219216073748
666,helena_od600_y.npy,0.9968993794733804,0.9966356734509143
667,carolyn_20170805_Anderson_1-20_LB_10000x_y.npy,0.9996309688908629,0.9995802306056945
668,carolyn_11292018_resistome_longterm_TS30_48-2_y.npy,0.9989916506241939,0.9968197176277502
669,chory_lab_Kinetics Experiments_2019-1028_VHTA_2H_protease_2024-03-26 Absorbances_reader_plate_4_y.npy,0.9399732936925205,0.9337842506514374
670,ashwini_ars_240514_gfp_y.npy,0.9980898486656511,0.9973108656009069
671,chory_lab_Kinetics Experiments_2022-09-28 224F 234a-c 235a-c_2024-03-26 Absorbances_reader_plate_9_y.npy,0.9965274734043884,0.9971418278824271
672,zhixiang_zy_comb_lt7_day6_gfp_y.npy,0.9980258383946243,0.9991245050661179
673,chory_lab_Kinetics Experiments_2022-10-12 224D 234a-c 235a-c_2024-03-26 Absorbances_reader_plate_3_y.npy,0.9835577322008513,0.9812236053403867
674,chory_lab_Kinetics Experiments_2021-07-02_Emma_T7PRANCE_2024-03-26 Absorbances_reader_plate_2_y.npy,0.9865664788346734,0.9883563367755471
675,chory_lab_Turbidostat Experiments_20230517_224D238239_Turb_00001_2024-03-25 Absorbances_plate_1_y.npy,0.9828209399262317,0.9814117157568852
676,kyeri_FJTimer_MG1655_cas_betalactams_FJT_carb_gfp_rfp_y.npy,0.9913739724265037,0.9889932476565565
677,carolyn_Plate 75 Trial 1_y.npy,0.9997976063313142,0.9997349210789628
678,schluter_2114911c40a09a1244abde_y.npy,0.9752277372011675,0.9561764701535821
679,kyeri_RIE_top10f_0718_top10f_PG_media_repeat2_y.npy,0.9962754439109501,0.9963507544050867
680,lynch_lab_autoinduction_best_screened media_mcherry_GFPuv phosphate sampling_y.npy,0.997285533267656,0.9973109706659045
681,carolyn_Plate 49 Trial 3_y.npy,0.9991391490128484,0.9988816088050336
682,zach_other_2019-12-18 Timer Plate Reader Long-term_y.npy,0.9819680273045681,0.9748170929834421
683,chory_lab_Kinetics Experiments_2022-01-19 Massive cloning test 2H_2024-03-26 Absorbances_reader_plate_1_y.npy,0.9823371778900599,0.9699845419214137
684,chory_lab_Kinetics Experiments_2019-1029_2H_protease_2024-03-26 Absorbances_reader_plate_3_y.npy,0.9877102315682378,0.987803953255597
685,zhixiang_zy_comb_lt8_day7_gfp_y.npy,0.9976866697429247,0.997475443079673
686,cesar_2023-11-25-DH5mCBio2_y.npy,0.9816887551627862,0.8967687716550738
687,zach_other_2021-10-06 Capsule per Well_y.npy,0.9740608018425361,0.9735934749151189
688,schluter_c989fa0e051492b49ac7ff_y.npy,0.974659322944563,0.9585027358312971
689,ashwini_ars_240627_od_y.npy,0.9991182427353107,0.9989756913211909
690,chory_lab_Kinetics Experiments_2021-07-02_Emma_T7PRANCE_2024-03-26 Absorbances_reader_plate_1_y.npy,0.9873277774180135,0.9898083998888697
691,kyeri_KeioV3_mcherry_20231021_4hpre_betalactams_384_cefo_y.npy,0.9936499948698181,0.9942008684000456
692,alex_2023-06-24_OD600_alex_y.npy,0.9992998849110171,0.9992757944882261
693,schluter_1753ba2e9be09ed03806cc_y.npy,0.9774430282253053,0.9773029048030892
694,chory_lab_Kinetics Experiments_2021-07-02_Emma_T7PRANCE_2024-03-26 Absorbances_reader_plate_4_y.npy,0.9885620549361527,0.985915726824361
695,schluter_92be05e424153be4d951dc_y.npy,0.9675202999149503,0.9605145112457337
696,chory_lab_Kinetics Experiments_2022-11-03 Linker Second Test_2024-03-26 Absorbances_reader_plate_4_y.npy,0.986275738282331,0.9877382031447542
697,fujita_microbiome_microbiome_dataset_y.npy,0.9613279381847981,0.9474433780458084
698,chory_lab_Kinetics Experiments_2022-08-02 Protease_First Test_2024-03-26 Absorbances_reader_plate_1_y.npy,0.9947968696602644,0.9942475939750834
699,lopatkin_lab_20210512_BW25113_IC50_y.npy,0.9989473463140043,0.9990477974572954
700,carolyn_01312019_resistome_longterm_TS30_60-2_y.npy,0.9994165985828453,0.9984283506720204
701,carolyn_Plate 63 Trial 1_y.npy,0.9997478138548421,0.9997990112067915
702,chory_lab_Turbidostat Experiments_20220818_232_224F 9x2_00001_2024-03-25 Absorbances_plate_0_y.npy,0.9829812982428862,0.9777301856721045
703,zach_other_2021-11-15 Long-term BFP_y.npy,0.9833536203527771,0.9769391159649916
704,chory_lab_Turbidostat Experiments_20230522_224DF_238_239 redo 600_200_00001_2024-03-25 Absorbances_plate_0_y.npy,0.939465544798602,0.9616339604719923
705,schluter_cd99a08d64239bc1f88670_y.npy,0.9657369031558022,0.9647101905088535
706,carolyn_20170903_Fowler_1-23_LB_Carb-5ugml_10000x_y.npy,0.9995105701253222,0.9991995461434862
707,zach_growth_curves_2022-11-08_0_y.npy,0.9997421331520051,0.9995969286953365
708,schluter_93a7002b8d9f93d3bf59a1_y.npy,0.9624733945626445,0.9819150156762378
709,carolyn_Plate 93 Trial 1_y.npy,0.9909261391921782,0.9977399438699267
710,carolyn_05262018_resistome_longterm_TS30_1-1_y.npy,0.9990759546220631,0.9989875249418246
711,carolyn_Plate 85 Trial 2_y.npy,0.99976156561206,0.9998091410359232
712,sizhe_2024-04-11 longterm od mch amyloid growth curves 37c nano_y.npy,0.9977222845812562,0.9987634252539138
713,carolyn_20170722_Fowler_173-195_LB_10000x_y.npy,0.9995176996262731,0.9995822540750956
714,schluter_7646b301b8b77aab87e5d5_y.npy,0.986318656308346,0.9882339062388115
715,carolyn_Plate 95 Trial 2_y.npy,0.9984218014966187,0.9987511371093362
716,chory_lab_Kinetics Experiments_2019-1031_1H_2H_protease_2024-03-26 Absorbances_reader_plate_4_y.npy,0.9825405683649718,0.9777931765900297
717,lopatkin_lab_20210602_exp5.1.012_AP_y.npy,0.9995360685058869,0.9993799748233801
718,kyeri_FJTimer_MG1655_cas_betalactams_FJT_cefo_amx_gfp_rfp_y.npy,0.9924802712948673,0.990778198403279
719,lopatkin_lab_8.3.001_Day21_Day21_Col3_MF_20211120_Day21_Col3_y.npy,0.9987144337368671,0.9994595017736662
720,chory_lab_Turbidostat Experiments_20220911_244fstar_233_Test1_00001_2024-03-25 Absorbances_plate_1_y.npy,0.9844213991951707,0.9890423264899685
721,schluter_87361dc7b53bb65f569e51_y.npy,0.9763280232763343,0.9647660498267012
722,schluter_4ad67ea7ddd46b772fc3e3_y.npy,0.9738656824563593,0.9678636759643029
723,feilunconsortia_auxotroph_data_rep2_y.npy,0.9395330735388248,0.928208966251039
724,zhixiang_zy_comb_lt9_day5_od600_y.npy,0.9995266195706233,0.9992371891638846
725,emrah_20230531_NansMS_VaryCAA_Costar96_MineralOil_y.npy,0.9978779909790246,0.996883013314431
726,lopatkin_lab_final_tet_pB10_tet_combined_a_y.npy,0.9924309357784694,0.9971549126259152
727,schluter_90dd721182743d0a7aa9a9_y.npy,0.9735097392384131,0.9785756018230686
728,schluter_e7c04f5c7abf2b3860530a_y.npy,0.9776779429988713,0.9669908337136188
729,schluter_f14a2050cc330c868ca5aa_y.npy,0.9702141824021008,0.973210099657527
730,zhixiang_zy_comb_lt8_day6_od600_y.npy,0.9970523208242194,0.997882979444285
731,sizhe_2024-04-07 longterm cdcmc_y.npy,0.9984793226215302,0.9998215045012568
732,lopatkin_lab_20210525_AP_y.npy,0.9995168085708847,0.9992644310588131
733,carolyn_07202018_resistome_longterm_TS30_7-2_y.npy,0.999038388410257,0.9994730950214596
734,carolyn_Plate 71 Trial 1_y.npy,0.9993626753622803,0.999323363219997
735,cesar_2023-09-01-TazobactamSensitive_y.npy,0.9924044629114785,0.9967487482369318
736,zhixiang_zy_comb_lt10_day4_od600_y.npy,0.9996929899176854,0.9996731972045557
737,lopatkin_lab_8.3.001_Day0_Day0_Col10_KS_20210714_Day0_Col10_y.npy,0.9993651239802296,0.9994456056352213
738,schluter_ef4a461874d3ff6c881700_y.npy,0.9806204472714547,0.975246526532838
739,sizhe_2024-04-25 longterm od mch amyloid growth curves 30c nano_y.npy,0.9992313558306037,0.9990354451885923
740,chory_lab_Kinetics Experiments_2022-08-25 ST04_spla_MBP_2024-03-26 Absorbances_reader_plate_2_y.npy,0.9956194733748407,0.9948597794253665
741,katie_2023-07-14 cuma atc ohc14 individual crosstalk plus mixed plate full timecourse 1_y.npy,0.9990175948711637,0.9987070938049644
742,chory_lab_Kinetics Experiments_2022-10-12 224D 234a-c 235a-c_2024-03-26 Absorbances_reader_plate_5_y.npy,0.9913104571168807,0.9896737018694468
743,chory_lab_Kinetics Experiments_2021-10-29 IPTG 2Hphage pEC223 DRM 174cd_2024-03-26 Absorbances_reader_plate_6_y.npy,0.9971149809094315,0.9979827697148361
744,chory_lab_Kinetics Experiments_2022-04-11 psp AR2 comparison_2024-03-26 Absorbances_reader_plate_6_y.npy,0.9936338088713983,0.9936951651246858
745,dan_22_4_27 Com-mRuby-IDP + RNA binding targetx2 -RBS-GFP-pBDTO-Blank_OD600_y.npy,0.9988860126475023,0.999299438514082
746,schluter_9fb0c9ff3579a4db2e5f2e_y.npy,0.9754918701649928,0.9871667777653873
747,schluter_79223cc9f81f402013249e_y.npy,0.9710514634185322,0.9647571965392687
748,zach_other_2021-11-15 Long-term OD600_y.npy,0.9995851082674257,0.9997392605200158
749,carolyn_10152018_resistome_longterm_TS30_29-3_y.npy,0.9996027203200495,0.9993885219818236
750,chory_lab_Kinetics Experiments_2022-09-28 224F 234a-c 235a-c_2024-03-26 Absorbances_reader_plate_3_y.npy,0.9971792425948939,0.9972181977436442
751,carolyn_20170910_Anderson_1-23_LB_Carb-5ugml_10000x_y.npy,0.9996019535880297,0.9996177298922801
752,schluter_ea42dedafcda4a9f91e613_y.npy,0.9764062143587974,0.9732503894328086
753,carolyn_Plate 17 Trial 2_y.npy,0.9995339909877603,0.9995618034431238
754,zach_other_2020-07-22 MC4100Z1 ePop with mCherryOAC_y.npy,0.981968039792258,0.9758804025116916
755,alex_2023-06-30_OD600_alex_y.npy,0.9995434599837134,0.9995565200611674
756,schluter_81b792039d15cbd1c3569b_y.npy,0.9794321912864471,0.9638573483250995
757,chory_lab_Kinetics Experiments_2021-10-01 IPTG 2H phage pEC223 DRM SD5_2024-03-26 Absorbances_reader_plate_3_y.npy,0.9876003235617893,0.9873828748164092
758,carolyn_Plate 53 Trial 3_y.npy,0.9996684909279449,0.9997687451739806
759,kyeri_FJTimer_MG1655_cas_betalactams_FJT_cas_carb_gfp_rfp_y.npy,0.9973268592212724,0.9975410000393767
760,lopatkin_lab_8.4.005_day21_8.4.005_Day21_Col12_20220606_Day21_Col12_y.npy,0.99951811389182,0.9995517868000282
761,carolyn_Plate 73 Trial 1_y.npy,0.9991818824011309,0.9995021546018902
762,lynch_lab_Process465_for_upload_y.npy,0.9972716281494588,0.9905795118925268
763,chory_lab_Turbidostat Experiments_20220713_First Crystal Violet Test_00001_2024-03-25 Absorbances_plate_0_y.npy,0.9256156698353349,0.9336326989953345
764,hyein_GSH_1536_lt_20240606_230523_y.npy,0.9918210117819094,0.9913784972647018
765,chory_lab_Kinetics Experiments_2019-1015_pEC183ab_2024-03-26 Absorbances_reader_plate_2_y.npy,0.994479607669855,0.9950409464886814
766,alex_2022-11-12 alh_y.npy,0.9988593672048477,0.9990871056823528
767,dongheon_20230717_DA28202_NahRAM_mR3_DL_y.npy,0.999291938397058,0.9992856212120013
768,chory_lab_Kinetics Experiments_2022-09-28 224F 234a-c 235a-c_2024-03-26 Absorbances_reader_plate_1_y.npy,0.9938893271300899,0.9944650205334808
769,lopatkin_lab_DG LB plate - 5.2.012_y.npy,0.9975706275867332,0.9962857391609174
770,chory_lab_Turbidostat Experiments_20220806_ScFv 9x1 224f 2430x_00001_2024-03-25 Absorbances_plate_0_y.npy,0.9842099493566528,0.9859646780593525
771,zach_other_2021-04-15 Collective Survival_y.npy,0.9995898467505638,0.9996612371933009
772,ashwini_ars_240518_gfp_y.npy,0.9985015878393034,0.9987791955022214
773,schluter_8a25110c831e982ce15747_y.npy,0.9655220409222902,0.9600284410250437
774,lopatkin_lab_final_tet_pRK100_tet_combined_b_y.npy,0.9985025633997273,0.9974601661059327
775,chory_lab_Kinetics Experiments_2022-11-04 Linker Third Test_2024-03-26 Absorbances_reader_plate_4_y.npy,0.9924027418929173,0.9920022940552806
776,sizhe_2023-12-21long term mc_y.npy,0.9973496848939618,0.9975067947864331
777,carolyn_06262018_resistome_longterm_TS30_4-2_y.npy,0.998465455993398,0.9976106223694059
778,carolyn_Plate 69 Trial 1_y.npy,0.9997888721463528,0.9997743017641068
779,chory_lab_Kinetics Experiments_2021-08-05_AARS_PRANCE_2024-03-26 Absorbances_reader_plate_1_y.npy,0.9288057407251232,0.9069232665499667
780,zach_growth_curves_2023-03-15_0_y.npy,0.9981005069955374,0.9983606813732713
781,chory_lab_Turbidostat Experiments_20220809_224F 9x1 2320x enrichment_00001_2024-03-25 Absorbances_plate_1_y.npy,0.9816632154468043,0.9835161655102205
782,chory_lab_Kinetics Experiments_2019-1028_VHTA_2H_protease_2024-03-26 Absorbances_reader_plate_7_y.npy,0.9806447409281384,0.9799728610549162
783,chory_lab_Kinetics Experiments_2022-09-02 ST05_mCherry_tagging_assay_with_noMCherry_control_2024-03-26 Absorbances_reader_plate_7_y.npy,0.9898063840814355,0.9906402753106217
784,huge_carin_subjectA_saliva_y.npy,0.9809906295980201,0.9745948924186091
785,lopatkin_lab_20210609_exp5.1.014_y.npy,0.999286965654994,0.9990187173056142
786,carolyn_Plate 83 Trial 3_y.npy,0.999745093570854,0.9998113451162685
787,carolyn_20170822_Anderson_24-46_100x_y.npy,0.9993305028305375,0.999409469588647
788,emrah_20220323_E44_LBkan50Carb100_ChloramphenicolDensDepend_OD600_Longterm_y.npy,0.9982998020580446,0.9971624153031884
789,lopatkin_lab_8.4.005_day21_8.4.005_Day21_Col10_20211014_8.5.003_Day21_Col10_y.npy,0.9992562198737287,0.9993147085260621
790,cesar_2023-11-09-CAHighBLA-Katherine_y.npy,0.9905408335887509,0.9863744324909592
791,schluter_f642a1078a7ab9ffe16158_y.npy,0.9826392696438215,0.9856705838230174
792,chory_lab_Kinetics Experiments_2022-08-31 ST05_mCherry_tagging_assay_2024-03-26 Absorbances_reader_plate_3_y.npy,0.939709162882724,0.9174372660247886
793,carolyn_10172018_resistome_longterm_TS30_30-2_y.npy,0.9983579640303739,0.9992919414610683
794,chory_lab_Kinetics Experiments_2022-08-22 ST03_RBS_Standardization_2024-03-26 Absorbances_reader_plate_5_y.npy,0.9943447858818413,0.9944171278395426
795,schluter_696cea5815cbed245e7eeb_y.npy,0.9762132150365278,0.9726111406597977
796,zach_growth_curves_2023-03-22_1_y.npy,0.9986147319348823,0.9988844657519917
797,carolyn_Plate 17 Trial 1_y.npy,0.9993347876359145,0.9994163516093185
798,chory_lab_Kinetics Experiments_2019-08021_Emma_174b_176abc_20ng_2024-03-26 Absorbances_reader_plate_1_y.npy,0.9952608897137196,0.9959905488385854
799,carolyn_Plate 29 Trial 1_y.npy,0.9994851110505895,0.9994866180932915
800,schluter_75a075f2b7e8fb6e8977fe_y.npy,0.9783361144201009,0.9795008055751538
801,carolyn_Plate 31 Trial 1_y.npy,0.9983248689674523,0.9994731422009966
802,carolyn_20170819_Fowler_1-23_LB_100x_y.npy,0.9995203384690082,0.9995639704988218
803,kyeri_FJTimer_MG1655_cas_betalactams_FJT_OD_gfp_rfp_carb_y.npy,0.9870611949512251,0.9887700742614804
804,katie_2023-03-24 crosstalk plus mixed plate full timecourse 1_y.npy,0.9997352015911823,0.9997367902983649
805,chory_lab_Kinetics Experiments_2022-09-02 ST05_mCherry_tagging_assay_with_noMCherry_control_2024-03-26 Absorbances_reader_plate_3_y.npy,0.990801810467663,0.9881092172319366
806,schluter_ee8bf08f67564f39262821_y.npy,0.9784029046870886,0.96640409989137
807,carolyn_07202018_resistome_longterm_TS30_7-1_y.npy,0.9994601233263476,0.999539551930387
808,zhixiang_zy_comb_lt9_day0_gfp_y.npy,0.9990074968941997,0.9987657429908781
809,lopatkin_lab_20210511_BW25113_IC50_y.npy,0.9989078464837517,0.9991496603544945
810,lopatkin_lab_final_tet_RIP113_tet_combined_c_y.npy,0.9993635448185019,0.9993842551035147
811,lopatkin_lab_20210330_KSstrains7-5-1-3_y.npy,0.9990135729868139,0.9995914003335435
812,zach_other_2022-06-20 Long Term_y.npy,0.994181828629665,0.9952515921140939
813,huge_carin_subjectA_gut_y.npy,0.984714783342925,0.9798215568802349
814,zach_other_2022-06-21 Long Term_y.npy,0.9995051509683426,0.9995941549378606
815,carolyn_20170810_Fowler_185-207_LB_Lambda-MOI-1_10000x_y.npy,0.9995449227183426,0.9995987543428728
816,schluter_c24546c67a2ccfbaada8fd_y.npy,0.972086264474736,0.9741369161263557
817,schluter_0d3deb1aa146420ea4377b_y.npy,0.9683244077861487,0.9807416471792365
818,carolyn_Plate 3 Trial 3_y.npy,0.9991878153806015,0.9992048835249323
819,carolyn_Plate 15 Trial 3_y.npy,0.9989758577466655,0.9990931594224879
820,lopatkin_lab_final_tet_RN3_tet_combined_a_y.npy,0.9977478626273955,0.9982451622640264
821,lopatkin_lab_8.4.005_day21_8.4.005_Day21_Col8_20211201_8.4.005_Day21_Col8_y.npy,0.9995599311891008,0.9993596307676876
822,chory_lab_Turbidostat Experiments_20221019_224F 234a 10x1-2_00001_2024-03-25 Absorbances_plate_0_y.npy,0.9629953376534429,0.958283059396897
823,carolyn_06192018_resistome_longterm_TS30_3-2_y.npy,0.9987067694831628,0.9988853716380688
824,carolyn_Plate 13 Trial 1_y.npy,0.9994661433025641,0.9995789014839278
825,lopatkin_lab_final_tet_R702_tet_combined_a_y.npy,0.9981541793603255,0.9979210606936079
826,cesar_2023-11-25-Top10GFPBio2_y.npy,0.9855360741981186,0.9639036722353325
827,emrah_20230530_NansMS_VaryCAA_Costar96_MineralOil_y.npy,0.9978118437937602,0.9970210758568507
828,sizhe_2024-03-29 longterm cdcmc_y.npy,0.9971480537661619,0.9964601714437578
829,lopatkin_lab_DG - ajl_growthKinetics (Modified)_20220420_120823_y.npy,0.9223776234220505,0.8754794996080495
830,zach_other_2022-11-07 Long-term_y.npy,0.9997064671601685,0.9997079554971636
831,chory_lab_Kinetics Experiments_2022-10-12 224D 234a-c 235a-c_2024-03-26 Absorbances_reader_plate_7_y.npy,0.9813067633687927,0.9776186166835037
832,zhixiang_zy_comb_lt8_day1_gfp_y.npy,0.9985168468663772,0.9989065651002289
833,carolyn_20170809_Fowler_93-115_LB_Lambda-MOI-1_10000x_y.npy,0.9995909776360601,0.9995473339136214
834,schluter_7e77acf7897d37ba98bfcb_y.npy,0.9686403039837805,0.9590779954380528
835,chory_lab_Kinetics Experiments_2019-08023_Emma_174_176_177_2024-03-26 Absorbances_reader_plate_1_y.npy,0.9948654069540745,0.9966367199121554
836,schluter_f871850139cd8c88db1aec_y.npy,0.9624803138792831,0.9334065742199404
837,schluter_22bb8cf0302df760ff2ca2_y.npy,0.9824801560394859,0.9859924348062833
838,schluter_dd5886623f7863ec6288ba_y.npy,0.974942022951679,0.9612179942304206
839,schluter_3449b56b0b9ff4dcac6c79_y.npy,0.9815443334574876,0.9829598815258783
840,chory_lab_Kinetics Experiments_2022-08-02 Protease_First Test_2024-03-26 Absorbances_reader_plate_3_y.npy,0.9947207992963674,0.9952102929967744
841,cesar_2023-08-27-SulbactamSensitive_y.npy,0.992039036931281,0.9772508051858624
842,carolyn_Plate 85 Trial 3_y.npy,0.999802030987518,0.999711973616125
843,zhixiang_zy_comb_lt10_day0_gfp_y.npy,0.9993113150693353,0.9988202233599113
844,lopatkin_lab_final_tet_RP4_tet_combined_b_y.npy,0.9990505986979337,0.997906430378482
845,zhixiang_zy_comb_lt7_day3_gfp_y.npy,0.9991179398150829,0.9985731244493001
846,emrah_20210911_E22_1xLB_PIP_Sulbactam_OD600_Longterm_y.npy,0.9964201813556246,0.9970723348069657
847,schluter_3307e0923dc561269cb334_y.npy,0.9784434618933556,0.9626163370252768
848,lynch_lab_DMC_Ferm_289_for_upload_y.npy,0.9981746548089281,0.9996467087181178
849,carolyn_Plate 41 Trial 3_y.npy,0.9997321334197254,0.999835132726289
850,emrah_RawTimeCourse_X1_clone2_y.npy,0.9994756117739405,0.9994259759356199
851,zach_other_2021-10-06 PLL Cytotoxicity Data Table_y.npy,0.9995104140347032,0.9985177761098543
852,sizhe_2024-04-03 longterm cdcmc_y.npy,0.9986558477608751,0.998792895168582
853,carolyn_Plate 73 Trial 3_y.npy,0.9997591045599612,0.9997287436665115
854,sizhe_2023-04-25 long termcdc19p-mch_y.npy,0.9984991587657697,0.9983833089881503
855,schluter_a1c1eab079279fe8575c75_y.npy,0.9801032671373132,0.9939304977780611
856,chory_lab_Kinetics Experiments_2021-08-06 AARS PRANCE pED1a5_pEC182d_2024-03-26 Absorbances_reader_plate_8_y.npy,0.9753636440624119,0.9630742671312138
857,schluter_43c08d30584796cdbc9118_y.npy,0.9707146898766472,0.9816292567126944
858,chory_lab_Turbidostat Experiments_20230505_spla_test_2_00001 (with figures)_2024-03-25 Absorbances_plate_0_y.npy,0.9745509807910535,0.9706418068198919
859,carolyn_Plate 91 Trial 1_y.npy,0.9958321771009707,0.998790339202195
860,zach_other_2022-02-15 ZH protocol_y.npy,0.9997546503794048,0.9996707533230613
861,chory_lab_Kinetics Experiments_2019-1029_2H_protease_2024-03-26 Absorbances_reader_plate_5_y.npy,0.991646792750922,0.9921832480869027
862,chory_lab_Kinetics Experiments_2022-08-22 ST03_RBS_Standardization_2024-03-26 Absorbances_reader_plate_1_y.npy,0.9846615573850714,0.9865758913102803
863,dan_22_7_8 PM-ELP MPPEG and MPEG GFP and mCherry long term GFP mRuby OD600_y.npy,0.9969184141842258,0.9970614048224627
864,carolyn_Plate 41 Trial 2_y.npy,0.9997662701008432,0.9997126446302691
865,carolyn_Plate 89 Trial 1_y.npy,0.9998056896402872,0.9997465545005648
866,carolyn_Plate 79 Trial 3_y.npy,0.999714989152532,0.999075828087578
867,lopatkin_lab_final_tet_RP4_tet_combined_c_y.npy,0.9983162887763799,0.9984898104043736
868,schluter_d7ccd1f642b15b75c4c6df_y.npy,0.9699165023601859,0.852575574052092
869,ashwini_ars_240611_gfp_y.npy,0.9990289779089289,0.9988973893062286
870,schluter_fbd892ee98b7d398f1506e_y.npy,0.9864023054765397,0.9822749321690424
871,emrah_RawTimeCourse_Ch75_y.npy,0.9994573036265773,0.9990258657182239
872,schluter_77a939ef53c23d2756c1b6_y.npy,0.9570012308681638,0.9475632994010663
873,schluter_34d24c5b1cb8d610c23a0d_y.npy,0.9812924362210765,0.9660471443762858
874,zach_growth_curves_2023-03-18_2_y.npy,0.9982699818990342,0.9985315875434052
875,chory_lab_Kinetics Experiments_2021-07-12_Protease_IPTG_ATC_firsttest_2024-03-26 Absorbances_reader_plate_6_y.npy,0.9930101896109537,0.9935792538784304
876,carolyn_Plate 95 Trial 1_y.npy,0.9991702030214211,0.9965851429249509
877,schluter_e2e0c9b3af25db7f477b6e_y.npy,0.9743706225154054,0.9296183830119522
878,chory_lab_Kinetics Experiments_2022-04-11 psp AR2 comparison_2024-03-26 Absorbances_reader_plate_5_y.npy,0.993514132143519,0.9928388660827852
879,lopatkin_lab_ajl_growthKinetics_20210522_144129_y.npy,0.9937118765313487,0.9979852845391723
880,chory_lab_Kinetics Experiments_2019-1029_2H_protease_2024-03-26 Absorbances_reader_plate_1_y.npy,0.9865525813314994,0.9811165688979002
881,carolyn_Plate 43 Trial 3_y.npy,0.9995651860919218,0.9997317994221564
882,cesar_2023-11-16-Top10McherryBio1_y.npy,0.9908447750941731,0.9917572353373486
883,zhixiang_zy_comb_lt9_day0_od600_y.npy,0.99734420851591,0.9962679980354102
884,carolyn_20170821_Fowler_185-207_100x_y.npy,0.9993861188218104,0.9993830848523214
885,zhixiang_gfp_lt_2_rif2_day1_od600_y.npy,0.9951256294832428,0.9952643409948212
886,grayson_231216_Plate3_y.npy,0.9967792616283393,0.9960285924404693
887,chory_lab_Turbidostat Experiments_20220805_IPTG_Arab_Hook_InduceOnly_00001_2024-03-25 Absorbances_plate_1_y.npy,0.986739013599411,0.9897925151191965
888,carolyn_20170807_Fowler_1-23_LB_Lambda-MOI-1_10000x_y.npy,0.999594659874422,0.9994661821900388
889,carolyn_Plate 73 Trial 2_y.npy,0.9994893685726718,0.9998274528885294
890,zhixiang_zy_comb_lt10_day5_od600_y.npy,0.9996916492216006,0.9995958767868169
891,schluter_de732d277cece166296156_y.npy,0.9649685057794343,0.913938246730598
892,schluter_6c96523eea5938e1404e62_y.npy,0.9743770045875041,0.9761407435544597
893,chory_lab_Kinetics Experiments_2019-1015_pEC183ab_2024-03-26 Absorbances_reader_plate_1_y.npy,0.9930546880048329,0.9886229341938217
894,lynch_lab_Copy of Processes_2163_IRIS_for_upload_y.npy,0.9991296313912591,0.9807523509771814
895,carolyn_20170720_Fowler_130-149_LB_10000x_y.npy,0.9993294364693799,0.9994139083639128
896,schluter_c3d0f76ef97b2b5beee154_y.npy,0.9767788900515271,0.9782251511368714
897,chory_lab_Kinetics Experiments_2021-10-29 IPTG 2Hphage pEC223 DRM 174cd_2024-03-26 Absorbances_reader_plate_2_y.npy,0.9980307320415215,0.9981449496657546
898,grayson_230228_chitinolytic_growth_curves_fps_y.npy,0.9645099538990253,0.9863240997704903
899,schluter_df557d369287506531c4ff_y.npy,0.981852692859577,0.9777318568485667
900,zhixiang_gfp_lt_1_gfp_y.npy,0.9990098223233925,0.9986315909362719
901,chory_lab_Kinetics Experiments_2021-08-06 AARS PRANCE pED1a5_pEC182d_2024-03-26 Absorbances_reader_plate_6_y.npy,0.9736489202447378,0.9786267531296704
902,carolyn_Plate 59 Trial 3_y.npy,0.9997641907763657,0.9997247849679839
903,chory_lab_Turbidostat Experiments_20220824_SD4 9x4-5 redo_00001_2024-03-25 Absorbances_plate_1_y.npy,0.9443336524849081,0.9298858922644193
904,schluter_9fed691e0c8591854eabdb_y.npy,0.9718340976105149,0.9840417064219482
905,lopatkin_lab_8.3.001_Day21_Day21_Col5_KS_20210921_Day21_Col5_y.npy,0.9992263117647304,0.9993170393486802
906,schluter_15b50f659d5066438d99ef_y.npy,0.9718622508480317,0.9838672140450573
907,carolyn_Plate 25 Trial 2_y.npy,0.9995213821318564,0.999438360424717
908,carolyn_Plate 11 Trial 1_y.npy,0.9993163312586918,0.9992540887551457
909,carolyn_Plate 71 Trial 2_y.npy,0.9997908444986264,0.9998149700166878
910,chory_lab_Kinetics Experiments_2019-08021_Emma_174b_176abc_20ng_2024-03-26 Absorbances_reader_plate_5_y.npy,0.9950092612233677,0.9955914355981634
911,carolyn_09272018_resistome_longterm_TS30_18-2_y.npy,0.9996614409648742,0.999592490365198
912,sizhe_2024-04-30 longterm mc 42c_y.npy,0.9987218563433724,0.9978723533925221
913,schluter_6ec39bd29017e52b232ca0_y.npy,0.9867938843971688,0.9708268687407519
914,cesar_2023-09-06-CAKanSensitive_y.npy,0.9885411046788052,0.9696881680304446
915,chory_lab_Kinetics Experiments_2022-08-22 ST03_RBS_Standardization_2024-03-26 Absorbances_reader_plate_8_y.npy,0.9911045259866517,0.9891223328582832
916,carolyn_Plate 89 Trial 3_y.npy,0.9997966903993004,0.9998286858239842
917,harris_harris_growthcurves_y.npy,0.9981541465464149,0.9981456897988275
918,zach_other_2021-11-15 Long-term mCherry_y.npy,0.8847776614494411,0.9344235977234415
919,zhixiang_zy_comb_lt8_day2_od600_y.npy,0.9990835828859052,0.9985317419338882
920,zhixiang_zy_comb_lt7_day3_od600_y.npy,0.9986392617396692,0.9987962760325106
921,schluter_7a7e6f063a3cee8d4b38c7_y.npy,0.9723554939847018,0.9430841149038646
922,jia_Growth curve - varying nutrient exp2_y.npy,0.999175831148897,0.9989792877169158
923,schluter_1b233edd66974c45c12d68_y.npy,0.9864502222651568,0.9751785844595511
924,kyeri_KeioV3_mcherry_20231013_4hpre_betalactams_384_carb_y.npy,0.9955636878675055,0.9953482091104908
925,kyeri_FJTimer_MG1655_cas_betalactams_FJT_OD_gfp_rfp_cas_carb_y.npy,0.9982845706547865,0.9979191178977264
926,chory_lab_Kinetics Experiments_2022-10-12 224D 234a-c 235a-c_2024-03-26 Absorbances_reader_plate_1_y.npy,0.9821070880277006,0.979844190380584
927,sizhe_2022-12-20-long term p15a-ripk od+mruby 24h_y.npy,0.997661157541405,0.9974913183532169
928,schluter_01bb0c3eb95ae6b4f10004_y.npy,0.9674445752410238,0.9676055295517864
929,chory_lab_Turbidostat Experiments_20220816_224F 9x1 232A-C enrichment test_00001_2024-03-25 Absorbances_plate_1_y.npy,0.9571136348048641,0.9623275386581174
930,carolyn_20170905_Fowler_70-92_LB_Carb-5ugml_10000x_y.npy,0.9993494398936977,0.9994138570758886
931,schluter_0113b6b5aa14468331fd4b_y.npy,0.9741729827141179,0.9815767205663549
932,zach_other_2019-11-14_BlaMv2_y.npy,0.9965847149204281,0.994542157926462
933,katie_2023-05-05 longterm od sink strain 2_y.npy,0.9994970892955539,0.9993008818350814
934,lopatkin_lab_final_tet_R64drd_tet_combined_a_y.npy,0.998968092316091,0.9992030335208753
935,schluter_a4af57c5da6a08920f2775_y.npy,0.9686726049351564,0.970857704860021
936,sizhe_2024-04-25 longterm od mch amyloid growth curves 42c_y.npy,0.9869089725260055,0.9876476310114699
937,zach_other_2020-07-16 MC4100Z1 ePop with GFP_y.npy,0.8899285298270252,0.769927857363889
938,emrah_20240705_E55-E57_NuncEdge_SMcaa8_OD600_Longterm_y.npy,0.9986371511481155,0.9993040613273724
939,chory_lab_Kinetics Experiments_2021-08-05_AARS_PRANCE_2024-03-26 Absorbances_reader_plate_5_y.npy,0.8925542256590272,0.868411346080966
940,lynch_lab_Process464_for_upload_y.npy,0.9930341249593212,0.9214462184629398
941,kyeri_RIE_top10f_0711_top10f_PG_repeat2_y.npy,0.9949060719375408,0.9930591766236807
942,chory_lab_Turbidostat Experiments_20230505_spla_test_2_00001 (with figures)_2024-03-25 Absorbances_plate_1_y.npy,0.9901878509269268,0.9865029467511393
943,chory_lab_Kinetics Experiments_2022-09-02 ST05_mCherry_tagging_assay_with_noMCherry_control_2024-03-26 Absorbances_reader_plate_4_y.npy,0.9914275847372402,0.9922916286036404
944,zach_other_2022-06-12 Long Term_y.npy,0.9995551193954202,0.9993487134689722
945,chory_lab_Turbidostat Experiments_20221112_Linker Repeat 4b_00002_2024-03-25 Absorbances_plate_0_y.npy,0.9542548738307243,0.9616228796626356
946,sizhe_Sizhe_mc longterm (Modified)_20230922_165754_y.npy,0.9971288433108354,0.9974017499055097
947,katie_2023-06-28 mixed plate full timecourse 1_y.npy,0.9993900249359285,0.9994041012095729
948,schluter_774274268060692ae85e25_y.npy,0.984250306592931,0.9904466147293338
949,schluter_4b0c6ed67d037f35939190_y.npy,0.9859896799279245,0.9863520029509888
950,zhixiang_zy_comb_lt8_day4_gfp_y.npy,0.9984034430456066,0.999073353253784
951,zhixiang_zy_comb_lt8_day8_od600_y.npy,0.9992338789410957,0.999000980544468
952,carolyn_Plate 23 Trial 1_y.npy,0.9996569821033455,0.9996159218686548
953,schluter_6fd7955698a9bde254481d_y.npy,0.9828838712337833,0.9805226984331443
954,lynch_lab_Process454_for_upload_y.npy,0.9992547122767598,0.994296269781077
955,chory_lab_Kinetics Experiments_2019-1015_pEC183ab_2024-03-26 Absorbances_reader_plate_4_y.npy,0.9942164215452103,0.9914310374687664
956,zhixiang_zy_comb_lt9_day5_gfp_y.npy,0.9987856047602965,0.998631211624692
957,chory_lab_Turbidostat Experiments_20220805_IPTG_Arab_Hook_InduceOnly_00001_2024-03-25 Absorbances_plate_0_y.npy,0.9723023681661137,0.9771190965831366
958,schluter_48ee5269cfe57dd768e4ed_y.npy,0.9773723430965049,0.9807791390358646
959,lynch_lab_nanobodies_Calibrated_20221019_gfp_y.npy,0.9965042162678367,0.9924126190461828
960,chory_lab_Kinetics Experiments_2022-04-11 psp AR2 comparison_2024-03-26 Absorbances_reader_plate_2_y.npy,0.9899762778732054,0.9944262854364312
961,carolyn_Plate 9 Trial 1_y.npy,0.9994537203240059,0.9993020840449588
962,emrah_20211021_E22_1xLB_TIC_DensityDependence_OD600_Longterm_y.npy,0.9933294877614621,0.9960159052180059
963,chory_lab_Kinetics Experiments_2019-1028_VHTA_2H_protease_2024-03-26 Absorbances_reader_plate_1_y.npy,0.9453623670276109,0.9307232149746695
964,chory_lab_Kinetics Experiments_2022-08-22 ST03_RBS_Standardization_2024-03-26 Absorbances_reader_plate_2_y.npy,0.9836966898279638,0.9802939100286135
965,carolyn_Plate 63 Trial 2_y.npy,0.9997960126954359,0.9998273196379133
966,chory_lab_Turbidostat Experiments_20220828_ECSP9x4 SD6 SD4_00001_2024-03-25 Absorbances_plate_0_y.npy,0.9932727068437699,0.99262133658293
967,carolyn_10152018_resistome_longterm_TS30_29-3-2_y.npy,0.998560342416934,0.998551149840515
968,lopatkin_lab_8.4.005_day21_8.4.005_Day21_Col1_20220209_8.4.005_Day21_Col1_y.npy,0.9994556688668814,0.9992340142328082
969,lopatkin_lab_20220215_8.4.010_Multisubstrate_KS_Rep3_Pt2_y.npy,0.9991008730899369,0.9986943524381466
970,sizhe_2024-04-30 longterm mc_y.npy,0.9942131994256986,0.9934542282695678
971,katie_2024-01-26 ttr ths mixed plate full timecourse_nano_plate2_y.npy,0.9983460014063336,0.9984143923577669
972,lopatkin_lab_20210323_KSstrains5-8_y.npy,0.9990653487688558,0.9994924522961981
973,chory_lab_Turbidostat Experiments_20230505_spla_test_2_00001_2024-03-25 Absorbances_plate_1_y.npy,0.9908745762210142,0.9834438168748455
974,cesar_2023-09-06-CAKanSensitive-combined_y.npy,0.9846264622756213,0.9860987627150882
975,kyeri_KeioV3_mcherry_20231013_4hpre_betalactams_384_amx_y.npy,0.9913210859700297,0.9931475502313651
976,carolyn_Plate 81 Trial 1_y.npy,0.9997993459434867,0.9997992356937122
977,emrah_RawTimeCourse_Ch36_y.npy,0.9993496801576974,0.9994794394168092
978,yuanchi_tetA00_03042024_1125_y.npy,0.9984182737247741,0.9988284717442879
979,zach_growth_curves_2023-04-03_2_y.npy,0.9993928490197694,0.9994382810717994
980,chory_lab_Kinetics Experiments_2021-09-24 IPTG 2H phage pEC223 DRM_2024-03-26 Absorbances_reader_plate_1_y.npy,0.995809766533581,0.9956606750824717
981,kyeri_KeioV3_mcherry_20230828_96well_4hpre_betalactams_96well_carb30_y.npy,0.9929307778969834,0.993413935639592
982,chory_lab_Kinetics Experiments_2019-08023_Emma_174_176_177_2024-03-26 Absorbances_reader_plate_3_y.npy,0.9963003493584249,0.9965623944493402
983,schluter_173df91e6bdf79c08a928a_y.npy,0.9642045947899722,0.9484357993240723
984,chory_lab_Kinetics Experiments_2022-08-02 Protease_First Test_2024-03-26 Absorbances_reader_plate_2_y.npy,0.9947439178002849,0.9962299044196692
985,zach_other_2019-10-18 ePop 4_y.npy,0.998526198692098,0.9985311369163719
986,lopatkin_lab_final_tet_RIP113_tet_combined_b_y.npy,0.9983561076912986,0.9990135433996572
987,zach_other_2021-11-15 Long-term_y.npy,0.9827785960319592,0.9759948497523048
988,chory_lab_Kinetics Experiments_2022-08-25 ST04_spla_MBP_2024-03-26 Absorbances_reader_plate_3_y.npy,0.9775506959803899,0.9839517154663222
989,chory_lab_Kinetics Experiments_2022-11-04 Linker Third Test_2024-03-26 Absorbances_reader_plate_1_y.npy,0.9870255058802908,0.9867358866436544
990,carolyn_20170908_Fowler_185-207_LB_Carb-5ugml_10000x_y.npy,0.9994002136701383,0.9993717489750993
991,chory_lab_Kinetics Experiments_2021-08-06 AARS PRANCE pED1a5_pEC182d_2024-03-26 Absorbances_reader_plate_3_y.npy,0.9752830988454586,0.971376349286538
992,helena_gfp_y.npy,0.9976493790181135,0.9974222861264181
993,alex_2023-06-17_OD600_alex_y.npy,0.9993592613193031,0.9993857512693828
994,kyeri_KeioV3_mcherry_20230828_96well_4hpre_betalactams_96well_amx5_y.npy,0.9452774935458453,0.9578564956233536
995,carolyn_Plate 3 Trial 2_y.npy,0.9991875742378654,0.9993468741928092
996,lopatkin_lab_final_tet_pRK100_tet_combined_a_y.npy,0.9970697282333679,0.9972936002823294
997,carolyn_Plate 67 Trial 3_y.npy,0.9997706482754651,0.9997490368024353
998,carolyn_Plate 83 Trial 1_y.npy,0.9997944736640939,0.9998156113490267
999,zach_growth_curves_2023-03-18_1_y.npy,0.9986948043242956,0.99795782705123
1000,carolyn_10252018_resistome_longterm_TS30_36-2_y.npy,0.9994957377959055,0.9995053415873718
1001,chory_lab_Kinetics Experiments_2021-08-05_AARS_PRANCE_2024-03-26 Absorbances_reader_plate_7_y.npy,0.9919406085769689,0.9920464780062486
1002,chory_lab_Kinetics Experiments_2022-10-12 224D 234a-c 235a-c_2024-03-26 Absorbances_reader_plate_4_y.npy,0.9823131470095726,0.9811550638172073
1003,zach_other_2020-06-01 ePop_y.npy,0.9997042095891364,0.9997276855704723
1004,ashwini_ars_240514_od_y.npy,0.9988978788880359,0.9988419165073875
1005,lopatkin_lab_ajl_growthKinetics_20201216_081709_y.npy,0.9847605820915846,0.9831932307393966
1006,chory_lab_Kinetics Experiments_2019-08028_Emma_PylRSAA mutant_2024-03-26 Absorbances_reader_plate_1_y.npy,0.97863281372849,0.9819515502356828
1007,lopatkin_lab_final_tet_R100-1_tet_combined_c_y.npy,0.9986524790667272,0.9987796002411479
1008,schluter_f6eefa4feaf0975772d863_y.npy,0.9721728739798802,0.950442447513397
1009,carolyn_Plate 45 Trial 1_y.npy,0.9988616680535276,0.9995735352786543
1010,chory_lab_Kinetics Experiments_2021-08-05_AARS_PRANCE_2024-03-26 Absorbances_reader_plate_2_y.npy,0.9417296725644246,0.9146134667237262
1011,chory_lab_Kinetics Experiments_2021-08-05_AARS_PRANCE_2024-03-26 Absorbances_reader_plate_6_y.npy,0.932355367249017,0.8857724069773785
1012,chory_lab_Turbidostat Experiments_20230505_224F_238_239_00002_2024-03-25 Absorbances_plate_0_y.npy,0.9808883713788723,0.9826418538055781
1013,grayson_2022-04-07_antho_growthrate2_y.npy,0.9994228520096525,0.9994210388156357
1014,chory_lab_Kinetics Experiments_2021-07-12_Protease_IPTG_ATC_firsttest_2024-03-26 Absorbances_reader_plate_5_y.npy,0.9949159292245694,0.9959075129566275
1015,schluter_ece90549698de0564a9f97_y.npy,0.9819650608707284,0.9871391310412654
1016,lopatkin_lab_5.2.013-ajl_growthKinetics (Modified)_20220427_114939_y.npy,0.9987595000110769,0.9993117270212148
1017,carolyn_Plate 79 Trial 1_y.npy,0.9997807100737454,0.9998131653971382
1018,carolyn_Plate 27 Trial 1_y.npy,0.9994862483183574,0.9995626612252737
1019,carolyn_Plate 29 Trial 3_y.npy,0.9994936997401753,0.9994919376037352
1020,carolyn_Plate 39 Trial 3_y.npy,0.9994504651428744,0.9997868792513253
1021,chory_lab_Kinetics Experiments_2022-09-02 ST05_mCherry_tagging_assay_with_noMCherry_control_2024-03-26 Absorbances_reader_plate_1_y.npy,0.9878322395405729,0.9862004079719385
1022,schluter_c00834cd4562c651c9d868_y.npy,0.964343259707634,0.9394241951686358
1023,chory_lab_Kinetics Experiments_2021-08-06 AARS PRANCE pED1a5_pEC182d_2024-03-26 Absorbances_reader_plate_1_y.npy,0.973103459707534,0.9674672155178742
1024,carolyn_20170808_Fowler_70-92_LB_Lambda-MOI-1_10000x_y.npy,0.9995697063831617,0.9995473051384227
1025,carolyn_05282018_resistome_longterm_TS30_2-1_y.npy,0.9988196092448102,0.9980663098583763
1026,dan_23_4_20 M_PEG MstopP_PEG long induction low varation induction protocol_y.npy,0.9769673138059594,0.9847500154129739
1027,zach_growth_curves_2023-03-15_3_y.npy,0.9990377267295605,0.9988541844074934
1028,katie_2024-01-26 ttr ths mixed plate full timecourse_loaner_plate 1_y.npy,0.9977937523729484,0.9979307234482924
1029,carolyn_Plate 53 Trial 2_y.npy,0.9996249728839574,0.9997651313037956
1030,schluter_6ee0dd85e063131e77bb33_y.npy,0.9733658603774574,0.9754121215243526
1031,yuanchi_Inc_Osc_01_02132024_0700_y.npy,0.992313011251162,0.9945364555651679
1032,zhixiang_zy_comb_lt7_day7_od600_y.npy,0.9962833873385092,0.9970351571204105
1033,carolyn_20170810_Fowler_162-184_LB_Lambda-MOI-1_10000x_y.npy,0.9996132354591605,0.9996787226534639
1034,chory_lab_Kinetics Experiments_2021-07-14_Protease_Turbidostat_IPTG_ATC_firsttest_2024-03-26 Absorbances_reader_plate_5_y.npy,0.997076370110086,0.9979438971579251
1035,schluter_852d3a14316666c0bacfbb_y.npy,0.9837900986210916,0.9745498288287491
1036,lopatkin_lab_8.3.001_Day21_Day21_Col10_KS_20211014_Day21_Col10_y.npy,0.9992980228791599,0.9991218830206063
1037,carolyn_09252018_resistome_longterm_TS30_16-2_y.npy,0.9996204472140938,0.9996785696812553
1038,schluter_ffe9f50b4d9ae12e3ae671_y.npy,0.96489962379194,0.9004865502759779
1039,katie_2023-07-14 cuma atc ohc14 mixed plate full timecourse 1_y.npy,0.9990578483612504,0.9990635400680281
1040,carolyn_Plate 39 Trial 1_y.npy,0.9988115514574821,0.9998133786806014
1041,carolyn_20170909_Fowler_208-218_LB_Carb-5ugml_10000x_y.npy,0.9996233636868079,0.9995866508129566
1042,zach_other_2019-09-27 ePop Circuit Generation 2_y.npy,0.999794647904038,0.9998468501330078
1043,chory_lab_Kinetics Experiments_2022-01-19 Massive cloning test 2H_2024-03-26 Absorbances_reader_plate_2_y.npy,0.9896668741014722,0.9852786930736275
1044,carolyn_11222018_resistome_longterm_TS30_46-2_y.npy,0.9986441384917527,0.9968236258379114
1045,lopatkin_lab_8.3.001_Day21_Day21_Col8_KS_20210804_Day21_Col8_y.npy,0.9990028195506236,0.9990938473691889
1046,chory_lab_Kinetics Experiments_2022-09-02 ST05_mCherry_tagging_assay_with_noMCherry_control_2024-03-26 Absorbances_reader_plate_8_y.npy,0.992198328695466,0.9927167943733359
1047,carolyn_20170908_Fowler_162-184_LB_carb-5ugml_10000x_y.npy,0.9991099941154044,0.9990700008573693
1048,carolyn_01302019_resistome_longterm_TS30_59-2_y.npy,0.9905556023539726,0.9709669020632867
1049,lynch_lab_Copy of Process_2111_IRIS_for_upload_y.npy,0.9989777511390252,0.9489941555485365
1050,yuanchi_tetA00_03062024_1005am_y.npy,0.9952132259311344,0.9946225503283145
1051,carolyn_Plate 79 Trial 2_y.npy,0.9997759930235993,0.9998105055272791
1052,zach_growth_curves_2023-03-29_1_y.npy,0.9992857950406092,0.9993575593431807
1053,yuanchi_tetA00_03082024_0415pm_y.npy,0.9960874178076432,0.997012469487272
1054,lopatkin_lab_8.4.005_day21_8.4.005_Day21_Col5_20211108_8.4.005_Day21_Col5_y.npy,0.9982819295228993,0.9983899970193127
1055,schluter_d58cf35125159af640abc6_y.npy,0.9875289498400931,0.9624740692002437
1056,carolyn_20170820_Fowler_93-115_LB_100x_y.npy,0.9992367645990308,0.9991868321127644
1057,carolyn_02062019_resistome_longterm_TS30_62-2_y.npy,0.9985766660180306,0.9990260623990785
1058,schluter_b49294dd503d3c1943a207_y.npy,0.979613648725459,0.9851803545655663
1059,schluter_fdd7818b9812973309d735_y.npy,0.9790779143297754,0.9427347151227597
1060,schluter_02ccfb467aa6a4a92122d8_y.npy,0.9604996896237143,0.9469866757859017
1061,emrah_20240605_E22-E23_NuncEdge_SMcaa8_OD600_Longterm_y.npy,0.9994686843044213,0.9996090001276723
1062,lopatkin_lab_20210515_BW25113_IC50_y.npy,0.9988302026013296,0.9987315453708092
1063,katie_2023-12-04 mixed plate full timecourse_loaner_AR_y.npy,0.9995156182453356,0.9995018962190801
1064,lynch_lab_DMC_Ferm_284_for_upload_y.npy,0.9981566791928307,0.9996224755650975
1065,katie_2023-06-28 crosstalk plus mixed plate full timecourse 1 cfp1_y.npy,0.995495504964002,0.9931233979108229
1066,lynch_lab_nanobodies_Calibrated_20221019_biomass_y.npy,0.9917191096518583,0.9914495272860139
1067,zach_other_2019-10-11 ePop Circuit 3_y.npy,0.998995613676209,0.9980532151377901
1068,chory_lab_Kinetics Experiments_2021-07-06_Emma_T7PRANCE_2024-03-26 Absorbances_reader_plate_4_y.npy,0.9526793464643479,0.9575458136398893
1069,chory_lab_Kinetics Experiments_2022-10-12 224D 234a-c 235a-c_2024-03-26 Absorbances_reader_plate_6_y.npy,0.975746110639708,0.9628069535266961
1070,chory_lab_Kinetics Experiments_2021-07-12_Protease_IPTG_ATC_firsttest_2024-03-26 Absorbances_reader_plate_2_y.npy,0.9899094194941085,0.9884397305634103
1071,chory_lab_Kinetics Experiments_2021-09-20 IPTG 2H phage pEC223_2024-03-26 Absorbances_reader_plate_1_y.npy,0.9924891828849884,0.9888361287447016
1072,chory_lab_Kinetics Experiments_2022-01-19 Massive cloning test 2H_2024-03-26 Absorbances_reader_plate_6_y.npy,0.9883439731946404,0.9930719295580481
1073,chory_lab_Kinetics Experiments_2019-1031_1H_2H_protease_2024-03-26 Absorbances_reader_plate_2_y.npy,0.9928881160364459,0.9928222381272527
1074,katie_2023-04-28 longterm od sink_y.npy,0.9996068264147662,0.9997302008446498
1075,schluter_7f5985c7704a9622214cad_y.npy,0.9624002618930352,0.9662576526139167
1076,carolyn_Plate 95 Trial 3_y.npy,0.9980594186170959,0.998392249609941
1077,carolyn_20170822_Anderson_47-59_LB_100x_y.npy,0.9990707287515429,0.9988473716697657
1078,zach_growth_curves_2023-03-29_3_y.npy,0.9990743616170812,0.9989516478896676
1079,zhixiang_gfp_lt_2_rif2_day2_od600_y.npy,0.9992457579799906,0.9959081857605115
1080,zhixiang_zy_comb_lt8_day1_od600_y.npy,0.9989973208565706,0.9991279028937559
1081,carolyn_Plate 37 Trial 1_y.npy,0.9996511549619028,0.9995942129874895
1082,emrah_20221130_Costar96_MineralOil_y.npy,0.9994735585105529,0.9994838984179236
1083,lopatkin_lab_8.3.001_Day0_Day0_Col12_MF_20220615_Day0_Col12_y.npy,0.9994078746798117,0.9995683247679329
1084,schluter_e730f79dd280af252193ee_y.npy,0.9822815505964692,0.9735299789818636
1085,lopatkin_lab_final_tet_R100-1_tet_combined_b_y.npy,0.9973562990322217,0.9977759530331721
1086,cesar_2023-11-22-DH5mCBio3_y.npy,0.9912688407056752,0.9901170051917069
1087,chory_lab_Turbidostat Experiments_20220818_232_224F 9x2_00001_2024-03-25 Absorbances_plate_1_y.npy,0.9868064349180532,0.9885351716836487
1088,schluter_5526aaba7a5c802b48699b_y.npy,0.9659619722834064,0.967671474307614
1089,schluter_b6e7d2321d3fef695130aa_y.npy,0.9706725709404986,0.9874830205329582
1090,chory_lab_Turbidostat Experiments_20221109_Linker Repeat 3_00001_2024-03-25 Absorbances_plate_1_y.npy,0.9715335798692645,0.9620979409959012
1091,lopatkin_lab_final_tet_R100-1_tet_combined_d_y.npy,0.9976290316255036,0.9980110269709115
1092,lopatkin_lab_8.3.001_Day21_Day21_Col12_MF_20220606_Day21_Col12_y.npy,0.9995183858915014,0.9996023306674652
1093,chory_lab_Kinetics Experiments_2022-09-28 224F 234a-c 235a-c_2024-03-26 Absorbances_reader_plate_8_y.npy,0.9958303652639179,0.9951026960161863
1094,carolyn_10172018_resistome_longterjm_TS30_30-1_y.npy,0.9992980065981416,0.9995309773973221
1095,carolyn_Plate 89 Trial 2_y.npy,0.9996485469020826,0.999708531518641
1096,dan_24_4_2_MstopP_PEG_PG_EG_G_GrowthCurvesin2xYT_y.npy,0.9958543940680012,0.9850619902515783
1097,chory_lab_Kinetics Experiments_2019-1015_pEC183ab_2024-03-26 Absorbances_reader_plate_3_y.npy,0.993870443342171,0.9910525157456727
1098,carolyn_Plate 19 Trial 2_y.npy,0.9997069005723459,0.9996914953521355
1099,lopatkin_lab_8.3.001_Day0_Day0_Col1_KS_20210624_Day0_Col1_y.npy,0.9980929571561696,0.9983053854895847
1100,chory_lab_Kinetics Experiments_2022-08-22 ST03_RBS_Standardization_2024-03-26 Absorbances_reader_plate_6_y.npy,0.9951366968407346,0.9960110391977912
1101,lopatkin_lab_final_tet_RP4_tet_combined_d_y.npy,0.9993379051402047,0.9994894620464687
1102,cesar_2023-11-20-DH5GFPBio1_y.npy,0.9900553974355794,0.9964731209294851
1103,schluter_40383fed69fd3a912d6aa1_y.npy,0.9851554598682233,0.9671658806620678
1104,chory_lab_Kinetics Experiments_2022-09-02 ST05_mCherry_tagging_assay_with_noMCherry_control_2024-03-26 Absorbances_reader_plate_5_y.npy,0.9885039126947865,0.9871618785988996
1105,zach_other_2020-07-07 MC4100Z1 ePop with new plasmids_y.npy,0.9792094124237567,0.9894628010899629
1106,zach_other_2019-11-26_ePopBlaM_and_ePopFJT_2_y.npy,0.981117023558285,0.9834117820723268
1107,schluter_000f9b9617d476abf1f143_y.npy,0.9734552482071682,0.9576939516027457
1108,schluter_d29572ba327976de7cdc0c_y.npy,0.9800712517408668,0.9750802403980463
1109,lynch_lab_Process567_for_upload_y.npy,0.9979920018327786,0.9965548322749207
1110,chory_lab_Kinetics Experiments_2022-01-19 Massive cloning test 2H_2024-03-26 Absorbances_reader_plate_9_y.npy,0.9919160100086053,0.9958249613927689
1111,schluter_8ae11671e89fe36ab08a7b_y.npy,0.9758101884182055,0.9750357533382856
1112,chory_lab_Turbidostat Experiments_20220725_scFV_inducer_test_00001_2024-03-25 Absorbances_plate_0_y.npy,0.9610448130577298,0.9712701521645922
1113,chory_lab_Turbidostat Experiments_20221107_Linker Repeat 2_00001_2024-03-25 Absorbances_plate_1_y.npy,0.995598228953717,0.9973147797887497
1114,zach_other_20191213_ePopBlaM_and_ePopFJT_for_encapsulation_y.npy,0.9756566240885337,0.9767699476378492
1115,lopatkin_lab_final_tet_pB10_tet_combined_c_y.npy,0.9975754315808711,0.997592433485502
1116,lopatkin_lab_20211213_8.4.008_MultiSubstrate_KS_Rep1_Pt2_y.npy,0.9981752310509014,0.9990109486604528
1117,zach_growth_curves_2023-04-03_3_y.npy,0.9991534323499325,0.9979535670359084
1118,chory_lab_Turbidostat Experiments_20230522_224DF_238_239 redo 600_200_00001_2024-03-25 Absorbances_plate_1_y.npy,0.933564018987407,0.933199947435425
1119,chory_lab_Turbidostat Experiments_20230519_224D_238_239_TurbRepeat3_with Protease_00001_2024-03-25 Absorbances_plate_0_y.npy,0.9863340043984582,0.9845188017404142
1120,chory_lab_Kinetics Experiments_2022-11-04 Linker Third Test_2024-03-26 Absorbances_reader_plate_3_y.npy,0.9898543674045721,0.987454944339836
1121,schluter_03ac27da97dc05981f5766_y.npy,0.9775243722139253,0.9724068738971722
1122,lopatkin_lab_20210318_KSstrains1-4_y.npy,0.9992517751763681,0.9985971657019784
1123,schluter_49cd8f998facfe3d0f40d3_y.npy,0.9798687414133769,0.9744824105952857
1124,carolyn_Plate 29 Trial 2_y.npy,0.9994975926383077,0.9995974636250697
1125,katie_2023-03-24 mixed plate full timecourse 1_y.npy,0.9997001261835361,0.9996815750837746
1126,carolyn_Plate 93 Trial 2_y.npy,0.9982421800211523,0.9990990274013754
1127,kyeri_KeioV3_mcherry_2022_2023_NCAL_0128_carb_amx_y.npy,0.9910558359300257,0.9921311570333837
1128,carolyn_Plate 35 Trial 2_y.npy,0.9997127986225358,0.9998074167603684
1129,carolyn_Plate 13 Trial 3_y.npy,0.9994753695391084,0.9994997604807635
1130,carolyn_Plate 69 Trial 2_y.npy,0.9997544726325143,0.9997601786878627
1131,carolyn_Plate 9 Trial 3_y.npy,0.9993384635495353,0.9993244853631869
1132,alex_2023-06-25_OD600_alex_y.npy,0.9994077183938126,0.9994327682377239
1133,lopatkin_lab_8.3.001_Day21_Day21_Col7_KS_20210730_Day21_Col7_y.npy,0.998101067220528,0.9980251377222761
1134,schluter_32c8e9dac466f04b7098c5_y.npy,0.979519191763934,0.978053438972952
1135,lopatkin_lab_8.3.001_Day0_Day0_Col7_KS_20210728_Day0_Col7_y.npy,0.9990559727635202,0.9987975201785068
1136,carolyn_Plate 51 Trial 2_y.npy,0.9998170008241546,0.998262359940487
1137,zhixiang_zy_comb_lt7_day5_gfp_y.npy,0.9988677398189498,0.9986202839562461
1138,schluter_a97d8d87ddebfdcdd396fe_y.npy,0.9712358952820042,0.9410474653598276
1139,kyeri_FJTimer_MG1655_cas_betalactams_FJT_OD_gfp_rfp_carbmic_media_y.npy,0.9911311256752062,0.990343164511925
1140,carolyn_Plate 55 Trial 1_y.npy,0.9992322001398802,0.9995286156769277
1141,chory_lab_Kinetics Experiments_2021-08-06 AARS PRANCE pED1a5_pEC182d_2024-03-26 Absorbances_reader_plate_4_y.npy,0.9719296220159869,0.980105114600512
1142,chory_lab_Kinetics Experiments_2021-08-06 AARS PRANCE pED1a5_pEC182d_2024-03-26 Absorbances_reader_plate_9_y.npy,0.9742886064639305,0.9572554750012248
1143,ashwini_ars_240627_gfp_y.npy,0.9989790311439859,0.9989594005828594
1144,carolyn_Plate 25 Trial 1_y.npy,0.9996708141423352,0.9997789294930994
1145,chory_lab_Kinetics Experiments_2022-08-31 ST05_mCherry_tagging_assay_2024-03-26 Absorbances_reader_plate_7_y.npy,0.9761558312034867,0.9764465171627017
1146,chory_lab_Kinetics Experiments_2021-08-06 AARS PRANCE pED1a5_pEC182d_2024-03-26 Absorbances_reader_plate_5_y.npy,0.9735483410410215,0.9601566803418525
1147,zach_other_2020-06-17 longterm_y.npy,0.9739214422419658,0.9853529583953365
1148,carolyn_09042018_resistome_longterm_TS30_10-1_y.npy,0.9993319753398817,0.9995178757920705
1149,lopatkin_lab_8.4.005_day21_8.4.005_Day21_Col7_20211216_8.4.005_Day21_Col7_y.npy,0.9993922466487565,0.9994774638710215
1150,chory_lab_Turbidostat Experiments_20230508_224D_238_239_preIPTG_00002_2024-03-25 Absorbances_plate_0_y.npy,0.9835078978253542,0.9842628483866764
1151,kyeri_RIE_top10f_0728_top10f_PG_carb_amx_y.npy,0.9976132143437088,0.9977919481635071
1152,carolyn_Plate 47 Trial 2_y.npy,0.9991982831866999,0.999684582150185
1153,carolyn_20170819_Fowler_24-46_LB_100x_microscope room_y.npy,0.9987752433544778,0.998739632583204
1154,chory_lab_Turbidostat Experiments_20221018_224F 234a 10x1-2_00001_2024-03-25 Absorbances_plate_0_y.npy,0.9968845263771499,0.9978589214978133
1155,schluter_198d5974caf5981344274e_y.npy,0.9698410352447727,0.9672747427397229
1156,zach_other_2022-09-25 Growth mCherry_y.npy,0.9225133119798372,0.9504422534430316
1157,schluter_2aaa7e47502291d8fec386_y.npy,0.9742564934787377,0.956938452696562
1158,carolyn_11192018_resistome_longterm_TS30_45-2_y.npy,0.9996206866707761,0.9997596489863698
1159,zhixiang_zy_comb_lt7_day6_od600_y.npy,0.9984223449856351,0.997569713033083
1160,jia_Growth curve - varying nutrient exp1_y.npy,0.9992439424000819,0.9992072601584615
1161,chory_lab_Kinetics Experiments_2022-11-04 Linker Third Test_2024-03-26 Absorbances_reader_plate_2_y.npy,0.9902890223245089,0.9901941409930394
1162,chory_lab_Kinetics Experiments_2021-10-01 IPTG 2H phage pEC223 DRM SD5_2024-03-26 Absorbances_reader_plate_2_y.npy,0.9120721962983412,0.9139017720966028
1163,carolyn_20170811_Anderson_24-46_LB_Lambda-MOI-1_10000x_y.npy,0.999610045305566,0.9994885884600293
1164,schluter_723815e2006e133314a593_y.npy,0.9719646581762125,0.9702515847700875
1165,emrah_20230522_NansMS_VaryCAA_Costar96_MineralOil_y.npy,0.9987774289986954,0.9989364443140667
1166,lopatkin_lab_20210709_Day0_Col1_C1_D1_Final_y.npy,0.9976802997988734,0.9988055017634763
1167,carolyn_02062019_resistome_longterm_TS30_62-1_y.npy,0.998743901783161,0.9984653792431453
1168,carolyn_Plate 27 Trial 3_y.npy,0.9995722909744661,0.9995610151744904
1169,chory_lab_Turbidostat Experiments_20220516_IPTG_Arab_DoseResponse_00001_2024-03-25 Absorbances_plate_0_y.npy,0.943253814669916,0.9341565020503811
1170,lopatkin_lab_final_tet_R64drd_tet_combined_b_y.npy,0.9984551690721031,0.9986371947854606
1171,kyeri_KeioV3_mcherry_20231022_2hpre_betalactams_384_carb_y.npy,0.9969056281944879,0.9979162262198789
1172,zach_growth_curves_2023-04-03_1_y.npy,0.9994310892726964,0.9994268385875738
1173,chory_lab_Turbidostat Experiments_20220713_First Crystal Violet Test_00001_2024-03-25 Absorbances_plate_1_y.npy,0.9745530184109972,0.9683021033891384
1174,schluter_4cf339e246e99debe59cb1_y.npy,0.9831810354265587,0.9812003204553317
1175,zach_other_2020-12-15 OD600 Capsule Supernatant_y.npy,0.9961967421107367,0.9960033213466085
1176,carolyn_11132018_resistome_longterm_TS30_43-2_y.npy,0.9991397935640596,0.9995655135535695
